"SYMBOL","COMPANY NAME","SERIES","PURPOSE","FACE VALUE","EX-DATE","RECORD DATE","BOOK CLOSURE START DATE","BOOK CLOSURE END DATE"
"RAMAPETRO","Rama Petrochemicals Limited","EQ","Agm","10","03-Jan-2000","-","24-Jan-2000","31-Jan-2000"
"JAINIRRIG","Jain Irrigation Systems Limited","EQ","Agm","10","12-Jan-2000","-","07-Feb-2000","14-Feb-2000"
"TELEPHNCAB","Telephone Cables Limited","EQ","Agm","10","26-Jan-2000","-","22-Feb-2000","29-Feb-2000"
"JKPHARMA","JK Pharmachem Limited","EQ","Nil","10","26-Jan-2000","-","18-Feb-2000","24-Feb-2000"
"RAYMONDSYN","Recron Synthetics Limited","EQ","Agm","10","26-Jan-2000","-","22-Feb-2000","25-Feb-2000"
"KILBUNENGG","Kilburn Engineering Limited","EQ","Agm","10","26-Jan-2000","-","17-Feb-2000","18-Feb-2000"
"NEPCPAPER","NEPC Paper & Board Limited","EQ","Agm","10","26-Jan-2000","-","17-Feb-2000","29-Feb-2000"
"INDYESTUF","IDI Limited","EQ","Agm","10","02-Feb-2000","-","01-Mar-2000","10-Mar-2000"
"UNIWORTINT","Uniworth International Limited","EQ","Agm/Dividend-Nil","10","09-Feb-2000","-","02-Mar-2000","15-Mar-2000"
"MAHAINTL","Electrolux Kelvinator Limited","EQ","Agm","10","09-Feb-2000","-","08-Mar-2000","15-Mar-2000"
"ALPICFIN","Alpic Finance Limited","EQ","Dividend-15%             Purpose Revised","10","16-Feb-2000","-","15-Mar-2000","23-Mar-2000"
"PRUDENTCM","Prudential Capital Markets Limited","EQ","Agm","10","23-Feb-2000","-","16-Mar-2000","25-Mar-2000"
"SIEL","Superior Industrial Enterprises Limited","EQ","Agm","10","23-Feb-2000","-","21-Mar-2000","22-Mar-2000"
"ATLANTSPG","Atlantic Spinning & Weaving Mills Limited","EQ","Agm","10","01-Mar-2000","-","23-Mar-2000","24-Mar-2000"
"SKUPOWER","Induj Enertech Limited","EQ","Agm/Dividend - 1%        Purpose Modified","10","01-Mar-2000","-","29-Mar-2000","31-Mar-2000"
"JFLABS","JF Laboratories Limited","EQ","Agm","10","01-Mar-2000","-","25-Mar-2000","31-Mar-2000"
"HINDALLOYS","Hamco Mining & Smelting Limited","EQ","Agm","10","08-Mar-2000","-","31-Mar-2000","31-Mar-2000"
"MAFATLAIND","Mafatlal Industries Limited","EQ","Agm                      Bc Date Revised","100","08-Mar-2000","-","28-Mar-2000","30-Mar-2000"
"CAPRIHANS","Caprihans India Limited","EQ","Agm","10","15-Mar-2000","-","12-Apr-2000","03-May-2000"
"ALBRMORARJ","Albright & Wilson Chemicals Limited","EQ","Dividend-50%             Purpose Revised","10","22-Mar-2000","-","17-Apr-2000","15-May-2000"
"SMITHKLPHA","Smithkline Beecham Pharmaceuticals Limited","EQ","Interim Dividend-30%     Bc Start Date Revised","10","29-Mar-2000","-","18-Apr-2000","27-Apr-2000"
"MIDEASTSTL","Mideast Integrated Steel Limited","EQ","Agm","10","29-Mar-2000","-","26-Apr-2000","27-Apr-2000"
"WESTERNBIO","Western Bio Systems Limited","EQ","Agm                      Purpose Revised","10","05-Apr-2000","-","01-May-2000","08-May-2000"
"STERLITE","Sterlite Industries (India) Limited","EQ","Interim Dividend-110%","10","12-Apr-2000","-","04-May-2000","17-May-2000"
"ZFSTEERING","ZF Steering Gear (India) Limited","EQ","Interim Dividend-25%     Purpose Revised","10","12-Apr-2000","-","06-May-2000","12-May-2000"
"SULZER","Sulzer India Limited","EQ","Dividend-18%             Purpose Revised","10","19-Apr-2000","-","13-May-2000","27-May-2000"
"CHICAGPNUM","Chicago Pneumatic (I) Limited","EQ","Agm/Int Dividend-20%     Purpose Revised","10","19-Apr-2000","-","16-May-2000","19-May-2000"
"TIMESGUARN","Times Guaranty Limited","EQ","Agm","10","19-Apr-2000","-","16-May-2000","23-May-2000"
"INDIALEASE","India Lease Development Limited","EQ","Interim Dividend-15%","10","19-Apr-2000","-","15-May-2000","19-May-2000"
"GODREJSOP","Godrej Soaps Limited","EQ","Interim Dividend-27%","10","19-Apr-2000","-","10-May-2000","15-May-2000"
"APTECH","Aptech Limited","EQ","Div-30%/Bonus 1:1        Bc Date Revised","10","26-Apr-2000","-","16-May-2000","16-May-2000"
"TOLANIBULK","Tolani Bulk Carriers Limited","EQ","Interim Dividend-6%","10","26-Apr-2000","-","23-May-2000","26-May-2000"
"CEPHAMILK","Cepham Milk Specialities Limited","EQ","Agm","10","03-May-2000","-","30-May-2000","31-May-2000"
"MALCO","The Madras Aluminium Company Limited","EQ","Interim Dividend-70%     Bc Dates Revised","2","03-May-2000","-","29-May-2000","30-May-2000"
"TANFAC","Tanfac Industries Limited","EQ","Agm/Dividend-11%","10","10-May-2000","-","23-May-2000","27-May-2000"
"MILTONPLAS","Milton Plastics Limited","EQ","Agm","10","10-May-2000","-","01-Jun-2000","02-Jun-2000"
"TORRENTCAB","Torrent Cables Limited","EQ","Agm","10","24-May-2000","-","16-Jun-2000","17-Jun-2000"
"PENNARALUM","Pennar Aluminum Company Limited","EQ","Agm","10","24-May-2000","-","15-Jun-2000","24-Jun-2000"
"GESTETNER","Gestetner (India) Limited","EQ","Agm/Dividend 10%         Purpose Revised","10","31-May-2000","-","24-Jun-2000","30-Jun-2000"
"TORRENGUJ","Torrent Gujarat Biotech Limited","EQ","Agm","10","31-May-2000","-","26-Jun-2000","01-Jul-2000"
"NATHPULP","Nath  Pulp and Paper MIlls Limited","EQ","Agm","10","31-May-2000","-","27-Jun-2000","30-Jun-2000"
"PENTFRSOLC","Pentafour Solec Technology Limited","EQ","Agm","10","31-May-2000","-","28-Jun-2000","01-Jul-2000"
"ICICI","ICICI Limited","EQ","Dividend-10%","10","07-Jun-2000","-","19-Jun-2000","30-Jun-2000"
"LAKSELECON","Lakshmi Electrical Control Systems  Limited","EQ","Agm","10","07-Jun-2000","-","01-Jul-2000","19-Jul-2000"
"TIMEXWATCH","Timex Watches Limited","EQ","Agm","10","07-Jun-2000","-","19-Jun-2000","30-Jun-2000"
"WATERBASE","Waterbase Limited","EQ","Nil","10","07-Jun-2000","-","01-Jul-2000","20-Jul-2000"
"PANCHMACEM","Panchmahal Cement Company Limited","EQ","Agm","10","07-Jun-2000","-","30-Jun-2000","30-Jun-2000"
"TINPLATE","The Tinplate Company of India Limited","EQ","Agm","10","07-Jun-2000","-","03-Jul-2000","27-Jul-2000"
"TEXTOOL","Textool Company Limited","EQ","Agm","10","07-Jun-2000","-","01-Jul-2000","21-Jul-2000"
"KALYANISHP","Kalyani Sharp India Limited","EQ","Agm","10","14-Jun-2000","-","11-Jul-2000","26-Jul-2000"
"SIERRAOPT","Sierra Optima Limited","EQ","Dividend-20%             Purpose Revised","10","14-Jun-2000","-","12-Jul-2000","14-Jul-2000"
"RUBFILINTL","Rubfila International Limited","EQ","Agm","10","21-Jun-2000","-","18-Jul-2000","21-Jul-2000"
"DEEPAKNITR","Deepak Nitrite Limited","EQ","Agm/Dividend-Nil         Bc Dates Revised","10","21-Jun-2000","-","19-Jul-2000","29-Jul-2000"
"WENDT","Wendt (India) Limited","EQ","Div-15%/Agm","10","21-Jun-2000","-","19-Jul-2000","28-Jul-2000"
"NARMADCEM","Narmada Cement Company Limited","EQ","Agm","10","21-Jun-2000","-","06-Jul-2000","13-Jul-2000"
"LAKHNNATNL","Lakhanpal National Limited","EQ","Agm                      Rd Changed To Bc","10","21-Jun-2000","-","17-Jul-2000","17-Jul-2000"
"CITURGIBIO","Citurgia Biochemicals Limited","EQ","Div-25%","10","21-Jun-2000","-","18-Jul-2000","03-Aug-2000"
"EIHAHOTELS","EIH Associated Hotels Limited","EQ","Agm","10","21-Jun-2000","-","18-Jul-2000","28-Jul-2000"
"SIYSIL","Siyaram Silk Mills Limited","EQ","Agm/Dividend-Nil","2","28-Jun-2000","-","25-Jul-2000","31-Jul-2000"
"BANCOINDIA","Banco Products (I) Limited","EQ","Div-10%/Agm","2","28-Jun-2000","-","24-Jul-2000","29-Jul-2000"
"HAWKINCOOK","Hawkins Cookers Limited","EQ","Div-10%/Agm              Purpose Revised","10","28-Jun-2000","-","20-Jul-2000","28-Jul-2000"
"DCMSRMIND","DCM Shriram Industries Limited","EQ","Agm                      Purpose Revised","10","28-Jun-2000","-","22-Jul-2000","09-Aug-2000"
"AVERY","Avery (I) Limited","EQ","Dividend-7.5%","10","28-Jun-2000","-","14-Jul-2000","27-Jul-2000"
"CENTAKCHEM","Centak Chemicals Limited","EQ","Agm","10","28-Jun-2000","-","24-Jul-2000","28-Jul-2000"
"ANTFRIBEAR","Antifriction Bearings Corporation Limited","EQ","Agm                      Purpose Revised","10","28-Jun-2000","-","21-Jul-2000","01-Aug-2000"
"NOVARTIS","Novartis India Limited","EQ","Agm/Dividend-Nil         Bc Start Date Revised","10","28-Jun-2000","-","13-Jul-2000","14-Jul-2000"
"ALKYLAMINE","Alkyl Amines Chemicals Limited","EQ","Agm/Dividend-Nil","2","28-Jun-2000","-","21-Jul-2000","28-Jul-2000"
"SINGER","Singer India Limited","EQ","Agm","10","28-Jun-2000","-","21-Jul-2000","28-Jul-2000"
"TATAYODOGA","Tata Yodogawa Limited","EQ","Agm/Dividend-Nil","10","28-Jun-2000","-","26-Jul-2000","29-Jul-2000"
"BHARATHOT","Bharat Hotels Limited","EQ","Agm/Dividend-5%","10","05-Jul-2000","-","01-Aug-2000","11-Aug-2000"
"BIRLCENFIN","Birla Century Finance Limited","EQ","Agm","10","05-Jul-2000","-","28-Jul-2000","31-Jul-2000"
"USHABELTRO","Usha Beltron Limited","EQ","Agm","10","05-Jul-2000","-","20-Jul-2000","26-Jul-2000"
"ESCORTSFIN","Escorts Finance Limited","EQ","Agm","10","12-Jul-2000","-","29-Jul-2000","29-Jul-2000"
"CGGLASS","CG Glass Limited","EQ","Agm","10","12-Jul-2000","-","09-Aug-2000","15-Aug-2000"
"KALSTEELS","Kalyani Steels Limited","EQ","Annual Book Closure","10","12-Jul-2000","-","24-Jul-2000","28-Jul-2000"
"INDIANACRY","Indian Acrylics Limited","EQ","Agm","10","12-Jul-2000","-","08-Aug-2000","12-Aug-2000"
"JKIND","JK Industries Limited","EQ","Agm","10","12-Jul-2000","-","07-Aug-2000","17-Aug-2000"
"TATAHYDRO","Tata Hydro Electric Power Supply Company Limited","EQ","Agm/Dividend-5%","10","12-Jul-2000","-","26-Jul-2000","10-Aug-2000"
"ANDRAVALLY","Andhra Valley Power Supply Company Limited","EQ","Agm/Dividend-5%","10","12-Jul-2000","-","26-Jul-2000","10-Aug-2000"
"ABCIL","Aditya Birla Chemicals (India) Limited","EQ","Agm","10","12-Jul-2000","-","04-Aug-2000","10-Aug-2000"
"BBL","Bharat Bijlee Limited","EQ","Dividend-Nil             Purpose Revised","5","12-Jul-2000","-","24-Jul-2000","09-Aug-2000"
"PUNJABCHEM","Punjab Chemicals & Crop Protection Limited","EQ","Agm/Dividend-15%","10","19-Jul-2000","-","16-Aug-2000","22-Aug-2000"
"DYNAMATECH","Dynamatic Technologies Limited","EQ","Agm/Dividend-10%         Purpose Revised","10","19-Jul-2000","-","11-Aug-2000","12-Aug-2000"
"MARUTIORGN","Maruti Organics Limited","EQ","Agm","10","19-Jul-2000","-","12-Aug-2000","16-Aug-2000"
"CYAGRO","Cyanamid Agro Limited","EQ","Agm","10","19-Jul-2000","-","11-Aug-2000","23-Aug-2000"
"CHOWGULSTM","Chowgule Steamships Limited","EQ","Agm","10","19-Jul-2000","-","10-Aug-2000","26-Aug-2000"
"GOVINRUBER","Govind Rubber Limited","EQ","Agm/Dividend-Nil","10","19-Jul-2000","-","10-Aug-2000","17-Aug-2000"
"METROCHEM","Metrochem Industries Limited","EQ","Annual Book Closure","10","26-Jul-2000","-","17-Aug-2000","25-Aug-2000"
"GRAPHIT","Graphite India Limited","EQ","Agm","10","26-Jul-2000","-","18-Aug-2000","28-Aug-2000"
"AMERICADRY","American Dry Fruits Limited","EQ","Agm                      Bc End Date Revised","10","02-Aug-2000","-","26-Aug-2000","13-Sep-2000"
"HOGANAS","Hoganas India Limited","EQ","Agm/Final Div 10%        Purpose Revised","10","02-Aug-2000","-","14-Aug-2000","16-Aug-2000"
"NALCOCHEM","Nalco Chemicals (India) Limited","EQ","Agm                      Bc Date Revised","10","02-Aug-2000","-","25-Aug-2000","30-Aug-2000"
"NAHARENTP","Nahar Industrial Enterprises Limited","EQ","Agm","10","02-Aug-2000","-","16-Aug-2000","25-Aug-2000"
"UNITEDBREW","United Breweries Limited","EQ","Agm/Dividend-20%","10","02-Aug-2000","-","31-Aug-2000","21-Sep-2000"
"REMIMETAL","Remi Metals Gujarat Limited","EQ","Agm                      Bc Start Date Revised","10","02-Aug-2000","-","27-Aug-2000","31-Aug-2000"
"MURABLACK","Murablack India Limited","EQ","Agm","10","02-Aug-2000","-","25-Aug-2000","29-Aug-2000"
"ITCBHADRA","ITC Bhadrachalam Paperboards Limited","EQ","Agm","10","02-Aug-2000","-","17-Aug-2000","08-Sep-2000"
"GRMAGNET","GR Magnets Limited","EQ","Agm","10","02-Aug-2000","-","25-Aug-2000","30-Aug-2000"
"GEORGFISCH","Georg Fischer Disa Limited","EQ","Annual Book Closure","10","02-Aug-2000","-","28-Aug-2000","05-Sep-2000"
"GLOBABOARD","Global Boards Limited","EQ","Agm","10","02-Aug-2000","-","24-Aug-2000","30-Aug-2000"
"NIRLON","Nirlon Limited","EQ","Agm/Dividend-Nil","10","09-Aug-2000","-","05-Sep-2000","28-Sep-2000"
"KGKHOSLA","KG Khosla Compressors Limited","EQ","Agm/Dividend-10%","10","09-Aug-2000","-","22-Aug-2000","26-Aug-2000"
"LOKHSG","Lok Housing and Construction Limited","EQ","Agm","10","09-Aug-2000","-","01-Sep-2000","21-Sep-2000"
"SUASHDIMON","Suashish Diamonds Limited","EQ","Agm","10","09-Aug-2000","-","01-Sep-2000","08-Sep-2000"
"SMDYECHEM","S M Dyechem Limited","EQ","Agm","10","09-Aug-2000","-","01-Sep-2000","21-Sep-2000"
"BISHNATTEA","Bishnauth Tea Company Limited","EQ","Agm","10","09-Aug-2000","-","22-Aug-2000","30-Aug-2000"
"ELECON","Elecon Engineering Company Limited","EQ","Dividend-18%","1","09-Aug-2000","-","05-Sep-2000","12-Sep-2000"
"MMFL","MM Forgings Limited","EQ","Agm","10","09-Aug-2000","-","05-Sep-2000","08-Sep-2000"
"DAICHIKARK","Dai Ichi Karkaria Limited","EQ","Agm/Dividend-10%","10","09-Aug-2000","-","01-Sep-2000","15-Sep-2000"
"CONTNLCONS","Continental Construction Limited","EQ","Agm","10","09-Aug-2000","-","01-Sep-2000","11-Sep-2000"
"SURYAGROIL","Surya Agroils Limited","EQ","Agm","10","09-Aug-2000","-","01-Sep-2000","11-Sep-2000"
"LAXMIPREC","Laxmi Precision Screws Limited","EQ","Agm","10","16-Aug-2000","-","07-Sep-2000","14-Sep-2000"
"UNIFLEX","Uniflex Cables Limited","EQ","Agm/Dividend-10%","10","16-Aug-2000","-","12-Sep-2000","22-Sep-2000"
"MATHPLATT","Mather & Platt (I) Limited","EQ","Agm","10","16-Aug-2000","-","12-Sep-2000","15-Sep-2000"
"BELCONTROL","Bells Controls Limited","EQ","Agm/Dividend-Nil","10","16-Aug-2000","-","11-Sep-2000","19-Sep-2000"
"RHONEPOULN","Rhone Poulenc (India) Limited","EQ","Agm/Dividend-25%","10","16-Aug-2000","-","28-Aug-2000","08-Sep-2000"
"BIRLAPOWER","Birla Power Solutions Limited","EQ","Agm/Dividend-11%","1","16-Aug-2000","-","11-Sep-2000","28-Sep-2000"
"SHRIYAMSEC","Shriyam Securities Limited","EQ","Agm                      Bc Date Revised","10","16-Aug-2000","-","01-Sep-2000","05-Sep-2000"
"SREERAYALK","Sree Rayalaseema Alkalies and Allied Chemicals Limited","EQ","Agm","10","16-Aug-2000","-","12-Sep-2000","18-Sep-2000"
"TTKPHARMA","TTK Healthcare Limited","EQ","Agm/Dividend-25%","10","16-Aug-2000","-","08-Sep-2000","21-Sep-2000"
"AUTOLEC","Autolec Industries Limited","EQ","Agm/Dividend-Nil","10","16-Aug-2000","-","12-Sep-2000","21-Sep-2000"
"SWIL","SWIL  Limited","EQ","Agm","10","23-Aug-2000","-","16-Sep-2000","29-Sep-2000"
"TANEJAERO","Taneja Aerospace and Aviation Limited","EQ","Agm","10","23-Aug-2000","-","18-Sep-2000","25-Sep-2000"
"ULTRMARINE","Ultramarine & Pigments Limited","EQ","Agm","10","23-Aug-2000","-","05-Sep-2000","18-Sep-2000"
"VXLINSTR","VXL Instruments Limited","EQ","Agm","10","23-Aug-2000","-","15-Sep-2000","20-Sep-2000"
"VIKASWSP","Vikas WSP Limited","EQ","Agm","1","23-Aug-2000","-","20-Sep-2000","23-Sep-2000"
"MAJESAUTO","Majestic Auto Limited","EQ","Agm","10","23-Aug-2000","-","16-Sep-2000","25-Sep-2000"
"PASUPTACRY","Pasupati Acrylon Limited","EQ","Agm","10","23-Aug-2000","-","16-Sep-2000","29-Sep-2000"
"PEERABASAN","Peerless Abasan Finance Limited","EQ","Agm/Dividend Nil","10","23-Aug-2000","-","14-Sep-2000","28-Sep-2000"
"SHREEKRPET","Eskay K'n'IT (India) Limited","EQ","Agm/Div-7%/Fv Sp Rs10to 4purpose Revised","4","23-Aug-2000","-","04-Sep-2000","11-Sep-2000"
"ANSALAPI","Ansal Properties & Infrastructure Limited","EQ","Agm/Dividend-10%         Purpose Revised/Bc End Date Revised","5","23-Aug-2000","-","16-Sep-2000","25-Sep-2000"
"HSCL","Himadri Speciality Chemical Limited","EQ","Agm","1","23-Aug-2000","-","16-Sep-2000","22-Sep-2000"
"ANDHRAPET","Andhra Petrochemicals Limited","EQ","Agm","10","23-Aug-2000","-","16-Sep-2000","29-Sep-2000"
"ARTSONENGG","Artson Engineering Limited","EQ","Annual Book  Closure","10","23-Aug-2000","-","16-Sep-2000","28-Sep-2000"
"CCI","Cable Corpn of India Limited","EQ","Agm","10","23-Aug-2000","-","14-Sep-2000","21-Sep-2000"
"CHOKSITUBE","Choksi Tube Company Limited","EQ","Agm/Dividend-Nil","10","23-Aug-2000","-","15-Sep-2000","29-Sep-2000"
"FALCONTYRE","Falcon Tyres Limited","EQ","Agm/Dividend-20%","10","23-Aug-2000","-","15-Sep-2000","22-Sep-2000"
"GANGOTEX","Gangotri Textiles Limited","EQ","Agm/Dividend-Nil","10","23-Aug-2000","-","16-Sep-2000","23-Sep-2000"
"FORTISFIN","Fortis Financial Services Limited","EQ","Agm","10","23-Aug-2000","-","14-Sep-2000","18-Sep-2000"
"DAURALAORG","Daurala Organics Limited","EQ","Agm","10","23-Aug-2000","-","14-Sep-2000","21-Sep-2000"
"GONTERPEIP","Gontermann Peipers (I) Limited","EQ","Agm","10","23-Aug-2000","-","15-Sep-2000","20-Sep-2000"
"HINDIND","Hind Industries Limited","EQ","Agm","10","23-Aug-2000","-","16-Sep-2000","25-Sep-2000"
"ISSAL","Indian Seamless Steels & Alloys Limited","EQ","Agm","10","23-Aug-2000","-","14-Sep-2000","25-Sep-2000"
"ADVANIHOTR","Advani Hotels & Resorts (India) Limited","EQ","Agm/Dividend-5%          Bc End Date Rev/Purpose Revised","2","23-Aug-2000","-","16-Sep-2000","25-Sep-2000"
"GUJAPOLLO","Gujarat Apollo Industries Limited","EQ","Agm/Dividend-25%","10","23-Aug-2000","-","16-Sep-2000","26-Sep-2000"
"BANKMADURA","Bank of Madura Limited","EQ","Agm/Dividend-10%         Purpose Revised/Bc End Date Revised","10","23-Aug-2000","-","20-Sep-2000","17-Oct-2000"
"MCDOWELL","McDowell & Company Limited","EQ","Agm/Dividend-25%         Bc Dates Revised","10","23-Aug-2000","-","08-Sep-2000","29-Sep-2000"
"SOLPHARMA","SOL Pharmaceuticals Limited","EQ","Agm","10","30-Aug-2000","-","23-Sep-2000","29-Sep-2000"
"JAINIRRIG","Jain Irrigation Systems Limited","EQ","Agm","10","30-Aug-2000","-","15-Sep-2000","30-Sep-2000"
"INDIANORG","Indian  Organic Chemicals Limited","EQ","Agm","10","30-Aug-2000","-","13-Sep-2000","27-Sep-2000"
"INDIASEC","India Securities Limited","EQ","Agm","10","30-Aug-2000","-","16-Sep-2000","20-Sep-2000"
"MODIPON","Modipon Limited","EQ","Agm","10","30-Aug-2000","-","21-Sep-2000","28-Sep-2000"
"MULTIARC","Multi-Arc India  Limited","EQ","Agm","10","30-Aug-2000","-","25-Sep-2000","30-Sep-2000"
"KIRLOSFERR","Kirloskar Ferrous Industries Limited","EQ","Agm","10","30-Aug-2000","-","21-Sep-2000","27-Sep-2000"
"KGDENIM","KG Denim Limited","EQ","Agm","10","30-Aug-2000","-","16-Sep-2000","27-Sep-2000"
"PUNALKALI","Punjab Alkalies & Chemicals Limited","EQ","Agm","10","30-Aug-2000","-","16-Sep-2000","28-Sep-2000"
"NAMTECHELE","Namtech Electronic Devices Limited","EQ","Agm","10","30-Aug-2000","-","23-Sep-2000","28-Sep-2000"
"SHAWGELTIN","Shaw Wallace Gelatines Limited","EQ","Agm/Dividend-20%","10","30-Aug-2000","-","21-Sep-2000","29-Sep-2000"
"ARIHANTCOT","Arihant Cotsyn Limited","EQ","Annual Book Closure","10","30-Aug-2000","-","26-Sep-2000","29-Sep-2000"
"AMFORGEIND","Amforge Industries Limited","EQ","Agm","10","30-Aug-2000","-","16-Sep-2000","27-Sep-2000"
"ANSALHOUS","Ansal Housing and Construction Limited","EQ","Agm/Dividend-Nil         Purpose Revised","10","30-Aug-2000","-","21-Sep-2000","27-Sep-2000"
"BALAJHOTEL","Balaji Hotels & Enterprises Limited","EQ","Agm                      Purpose Revised","10","30-Aug-2000","-","22-Sep-2000","29-Sep-2000"
"BALAJIIND","Balaji Industrial Corporation Limited","EQ","Agm/Dividend-5%","10","30-Aug-2000","-","22-Sep-2000","29-Sep-2000"
"GANESHANHY","Ganesh Anhydride Limited","EQ","Agm","10","30-Aug-2000","-","22-Sep-2000","29-Sep-2000"
"GUJBOROSIL","Gujarat Borosil Limited","EQ","Agm/Dividend             Purpose Revised","10","30-Aug-2000","-","21-Sep-2000","25-Sep-2000"
"GUJTHEMIS","Gujarat Themis Biosyn Limited","EQ","Agm","10","30-Aug-2000","-","22-Sep-2000","26-Sep-2000"
"JAIPARBOLI","Jai Parabolic Springs Limited","EQ","Agm","10","30-Aug-2000","-","21-Sep-2000","30-Sep-2000"
"ISIBARS","Isibars Limited","EQ","Agm","10","30-Aug-2000","-","12-Sep-2000","22-Sep-2000"
"PRUDENTCM","Prudential Capital Markets Limited","EQ","Agm","10","30-Aug-2000","-","22-Sep-2000","30-Sep-2000"
"KAMPERCONC","Kamper Concast Limited","EQ","Agm","10","30-Aug-2000","-","26-Sep-2000","29-Sep-2000"
"ESSARSHIP","Essar Shipping Ports & Logistics Limited","EQ","Agm","10","30-Aug-2000","-","13-Sep-2000","18-Sep-2000"
"ARIHANTRED","Arihant Threads Limited","EQ","Agm","10","30-Aug-2000","-","27-Sep-2000","30-Sep-2000"
"MBIND","MB Industries Limited","EQ","Annual Book Clsoure","10","30-Aug-2000","-","25-Sep-2000","30-Sep-2000"
"GULFOIL","Gulf Oil India Limited","EQ","Agm","10","30-Aug-2000","-","15-Sep-2000","22-Sep-2000"
"GODREJFOOD","Godrej Foods Limited","EQ","Agm","10","30-Aug-2000","-","16-Sep-2000","22-Sep-2000"
"WIMPLAST","Wim Plast Limited","EQ","Agm","10","30-Aug-2000","-","16-Sep-2000","26-Sep-2000"
"JMCPROJECT","JMC Projects (India)  Limited","EQ","Agm","2","06-Sep-2000","-","23-Sep-2000","30-Sep-2000"
"ASSAMCO","Assam Company India Limited","EQ","Agm/Dividend-10%         Purpose Revised","1","06-Sep-2000","-","22-Sep-2000","29-Sep-2000"
"GANESHBENZ","Ganesh Benzoplast Limited","EQ","Agm","10","06-Sep-2000","-","22-Sep-2000","29-Sep-2000"
"SUMANMOTEL","Suman Motels Limited","EQ","Agm","10","06-Sep-2000","-","20-Sep-2000","30-Sep-2000"
"BINANIZINC","Binani Industries Limited","EQ","Agm/Dividend-30%","10","06-Sep-2000","-","19-Sep-2000","25-Sep-2000"
"PENARSTEEL","Pennar Industries Limited","EQ","Agm/Dividend-Nil","10","13-Sep-2000","-","28-Sep-2000","30-Sep-2000"
"SILVERLINE","Silverline Technologies Limited","EQ","Agm/Dividend-17.5%       Purpose Revised","10","13-Sep-2000","-","25-Sep-2000","28-Sep-2000"
"TRANSPEK","Transpek Industry Limited","EQ","Dividend-8%","10","13-Sep-2000","-","25-Sep-2000","28-Sep-2000"
"ROOFITIND","Roofit Industries Limited","EQ","Dividend-10%             Purpose Revised","10","13-Sep-2000","-","25-Sep-2000","04-Oct-2000"
"PATWIDECOM","Patel's Widecom (India) Limited","EQ","Agm","10","20-Sep-2000","-","29-Sep-2000","30-Sep-2000"
"SOUTHNHERB","Southern Herbals Limited","EQ","Agm","10","20-Sep-2000","-","17-Oct-2000","23-Oct-2000"
"VENUSUGAR","Venus Sugars  Limited","EQ","Agm","10","20-Sep-2000","-","16-Oct-2000","19-Oct-2000"
"STERLITIND","Sterlite Industries (India) Limited","EQ","Capital Red./Demerger","5","27-Sep-2000","-","09-Oct-2000","12-Oct-2000"
"GUJRATTELE","Gujarat Telephone Cables Limited","EQ","Agm","10","04-Oct-2000","-","01-Nov-2000","15-Nov-2000"
"LUPINCHEM","Lupin Chemicals Limited","EQ","Agm/Dividend-10%","10","11-Oct-2000","-","27-Oct-2000","04-Nov-2000"
"PORRITSPEN","Porritts & Spencer (Asia) Limited","EQ","Agm/Dividend-33%         Purpose Revisesd","10","01-Nov-2000","-","28-Nov-2000","08-Dec-2000"
"TRANSCHEM","Transchem Limited","EQ","Agm","10","01-Nov-2000","-","13-Nov-2000","18-Nov-2000"
"METAZINC","MTZ (India) Limited","EQ","Agm","10","08-Nov-2000","-","23-Nov-2000","30-Nov-2000"
"SAGCEM","Sagar Cements Limited","EQ","Agm","2","22-Nov-2000","-","16-Dec-2000","27-Dec-2000"
"REALVALAPL","Real Value Appliance Limited","EQ","Agm","10","22-Nov-2000","-","14-Dec-2000","21-Dec-2000"
"SUNEARTH","Sun Earth Ceramics Limited","EQ","Agm/Dividend-10%","10","22-Nov-2000","-","07-Dec-2000","19-Dec-2000"
"HOTLINGLAS","Hotline Glass Limited","EQ","Agm","10","22-Nov-2000","-","14-Dec-2000","22-Dec-2000"
"ELPROINTL","Elpro International Limited","EQ","Agm","1","22-Nov-2000","-","14-Dec-2000","18-Dec-2000"
"DATARSWICH","Datar Switchgear Limited","EQ","Agm","10","22-Nov-2000","-","19-Dec-2000","30-Dec-2000"
"GOLDTECHNO","Goldstone Technologies Limited","EQ","Agm","10","22-Nov-2000","-","04-Dec-2000","09-Dec-2000"
"SMFINANC","S M Finance Limited","EQ","Agm","10","29-Nov-2000","-","26-Dec-2000","30-Dec-2000"
"MODTHREAD","Modern Threads (India) Limited","EQ","Agm","10","29-Nov-2000","-","26-Dec-2000","29-Dec-2000"
"DCMDAEWOO","Daewoo Motors India Limited","EQ","Agm","10","29-Nov-2000","-","08-Dec-2000","31-Dec-2000"
"UBENGG","UB Engineering Limited","EQ","Agm","10","29-Nov-2000","-","27-Dec-2000","29-Dec-2000"
"GALPOWTEL","Galada Power & Telecommunications Limited","EQ","Agm","10","29-Nov-2000","-","26-Dec-2000","29-Dec-2000"
"BELLARYSTL","Bellary Steels & Alloys Limited","EQ","Agm","10","29-Nov-2000","-","16-Dec-2000","30-Dec-2000"
"SAURASHCEM","Saurashtra Cement Limited","EQ","Agm","10","29-Nov-2000","-","15-Dec-2000","21-Dec-2000"
"SHAMKNSPIN","Shamken Spinners Limited","EQ","Agm/Dividend-10%","10","29-Nov-2000","-","21-Dec-2000","27-Dec-2000"
"PENTFRPROD","Pentafour Products Limited","EQ","Agm","10","29-Nov-2000","-","20-Dec-2000","29-Dec-2000"
"FAZETHREE","Faze Three Exports Limited","EQ","Agm/Dividend-20%         Purpose Revised","10","29-Nov-2000","-","22-Dec-2000","29-Dec-2000"
"ORIENTCONT","Oriental Containers Limited","EQ","Agm/Dividend-15%         Purpose Revised","10","06-Dec-2000","-","21-Dec-2000","29-Dec-2000"
"SHREEKRPOL","Krishna Lifestyle Technologies Limited","EQ","Agm/Dividend-10%","10","06-Dec-2000","-","19-Dec-2000","23-Dec-2000"
"PONNISUG","Ponni Sugars & Chemicals Limited","EQ","Annual Book Closure      Purpose Revised","10","06-Dec-2000","-","28-Dec-2000","29-Dec-2000"
"KUNDANMM","Kundan Minerals and Metals Limited","EQ","Agm","10","06-Dec-2000","-","23-Dec-2000","29-Dec-2000"
"RAVALSUGAR","Ravalgaon Sugar Farm Limited","EQ","Agm/Div-100%(Fd50% Sp50%)Purpose Revised/Bc End Date Revised","50","13-Dec-2000","-","08-Jan-2001","27-Jan-2001"
"HITECHIJEW","Hitechi Jewellery Industries Limited","EQ","Agm/Dividend-5%          Purpose Revised","10","13-Dec-2000","-","27-Dec-2000","29-Dec-2000"
"SIRIS","Siris Limited","EQ","Agm","10","13-Dec-2000","-","10-Jan-2001","17-Jan-2001"
"EUPHARMLAB","Eupharma Labs Limited","EQ","Agm","10","03-Jan-2001","-","16-Jan-2001","18-Jan-2001"
"CABOTINDIA","Cabot India Limited","EQ","Agm/Dividend-30%","10","03-Jan-2001","-","16-Jan-2001","30-Jan-2001"
"SKUPOWER","Induj Enertech Limited","EQ","Agm/Dividend-1%","10","31-Jan-2001","-","16-Feb-2001","17-Feb-2001"
"JKPHARMA","JK Pharmachem Limited","EQ","Annual Book Closure","10","07-Feb-2001","-","01-Mar-2001","23-Mar-2001"
"GRINWELNOR","Grindwell Norton Limited","EQ","Agm/Dividend-30%         Purpose Revised","10","07-Feb-2001","-","21-Feb-2001","06-Mar-2001"
"JKUDYOG","JK Udaipur Udyog Limited","EQ","Agm","10","07-Feb-2001","-","27-Feb-2001","08-Mar-2001"
"JBMTOOLS","JBM Tools Limited","EQ","Annual Book Closure","10","14-Feb-2001","-","14-Mar-2001","15-Mar-2001"
"MILTONPLAS","Milton Plastics Limited","EQ","Agm","10","21-Feb-2001","-","06-Mar-2001","12-Mar-2001"
"ALBRMORARJ","Albright & Wilson Chemicals Limited","EQ","Agm/Dividend-10%         Purpose Revised","10","21-Feb-2001","-","06-Mar-2001","04-Apr-2001"
"SIEL","Superior Industrial Enterprises Limited","EQ","Agm","10","21-Feb-2001","-","19-Mar-2001","20-Mar-2001"
"JFLABS","JF Laboratories Limited","EQ","Annual Book Closure      Purpose Revised","10","28-Feb-2001","-","28-Mar-2001","30-Mar-2001"
"BARODARAYN","Baroda Rayon Corpn Limited","EQ","Agm","10","28-Feb-2001","-","28-Mar-2001","29-Mar-2001"
"AKARLAMIN","Akar Laminators Limited","EQ","Agm","10","28-Feb-2001","-","26-Mar-2001","30-Mar-2001"
"SANDVIKAS","Sandvik Asia Limited","EQ","Agm/Dividend-Nil         Purpose Revised","100","28-Feb-2001","-","13-Mar-2001","22-Mar-2001"
"SMITHKLPHA","Smithkline Beecham Pharmaceuticals Limited","EQ","Agm/Dividend-40%","10","28-Feb-2001","-","16-Mar-2001","30-Mar-2001"
"PHILIPS","Philips India Limited","EQ","Agm","10","07-Mar-2001","-","22-Mar-2001","12-Apr-2001"
"RASLAMIPAK","Ras Propack Lamipack Limited","EQ","Agm","10","07-Mar-2001","-","22-Mar-2001","29-Mar-2001"
"IGPL","IG Petrochemicals Limited","EQ","Agm","10","14-Mar-2001","-","28-Mar-2001","31-Mar-2001"
"PEARLENGIN","Pearl Engineering Polymers Limited","EQ","Agm","10","14-Mar-2001","-","26-Mar-2001","29-Mar-2001"
"GOODRICKE","Goodricke Group Limited","EQ","Agm/Dividend-5%","10","14-Mar-2001","-","27-Mar-2001","31-Mar-2001"
"GESTETNER","Gestetner (India) Limited","EQ","Agm/Dividend-10%         Purpose Revised","10","21-Mar-2001","-","02-Apr-2001","12-Apr-2001"
"RAYMONDSYN","Recron Synthetics Limited","EQ","Agm","10","28-Mar-2001","-","16-Apr-2001","25-Apr-2001"
"RADICOKHAI","Radico Khaitan Limited","EQ","Agm/Dividend-14%","10","18-Apr-2001","-","16-May-2001","04-Jun-2001"
"RELPETRO","Reliance Petroleum Limited","EQ","Agm/Dividend-5%          Purpose Revised","10","25-Apr-2001","-","12-May-2001","19-May-2001"
"CAPRIHANS","Caprihans India Limited","EQ","Agm","10","25-Apr-2001","-","10-May-2001","31-May-2001"
"GOODYEAR","Goodyear India Limited","EQ","Agm                      Purpose Revised","10","25-Apr-2001","-","09-May-2001","18-May-2001"
"ATLASCOPCO","Atlas Copco (India) Limited","EQ","Agm/Dividend-37.5%       Purpose Revised/Bc Dates Revised","10","09-May-2001","-","22-May-2001","01-Jun-2001"
"CASTROL","Castrol India Limited","EQ","Agm/Dividend-50%","10","09-May-2001","-","22-May-2001","08-Jun-2001"
"TANFAC","Tanfac Industries Limited","EQ","Agm/Dividend-10%","10","16-May-2001","-","07-Jun-2001","15-Jun-2001"
"APTECH","Aptech Limited","EQ","Agm/Dividend-30%         Purpose Revised","10","16-May-2001","-","31-May-2001","14-Jun-2001"
"TVSELEC","TVS Electronics Limited","EQ","Agm/Dividend-10%","10","16-May-2001","-","31-May-2001","06-Jun-2001"
"BIRLCENFIN","Birla Century Finance Limited","EQ","Agm/Div-10%","10","16-May-2001","-","01-Jun-2001","22-Jun-2001"
"INVELTRANS","GKN Driveshafts (India) Limited","EQ","Agm/Dividend- 10%","10","16-May-2001","-","01-Jun-2001","12-Jun-2001"
"USHAINDIA","Usha (India) Limited","EQ","Agm                      Purpose Revised","10","16-May-2001","-","30-May-2001","02-Jun-2001"
"CADBURY","Cadbury India Limited","EQ","Agm/Dividend-50%","10","16-May-2001","-","29-May-2001","14-Jun-2001"
"PUNANDLAMP","Punjab Anand Lamp Industries Limited","EQ","Agm/Dividend-12.5%","10","23-May-2001","-","05-Jun-2001","14-Jun-2001"
"INFARINDIA","Infar (India) Limited","EQ","Agm/Divdiend-33%","10","23-May-2001","-","07-Jun-2001","21-Jun-2001"
"ICICI","ICICI Limited","EQ","Dividend-55%             Purpose Revised","10","23-May-2001","-","08-Jun-2001","26-Jun-2001"
"SULZER","Sulzer India Limited","EQ","Agm/Dividend-25%","10","30-May-2001","-","09-Jun-2001","23-Jun-2001"
"TATAYODOGA","Tata Yodogawa Limited","EQ","Agm/Dividend-32.5%       Purpose Revised","10","30-May-2001","-","22-Jun-2001","28-Jun-2001"
"APPLECREDT","Apple Credit Corporation Limited","EQ","Agm","10","30-May-2001","-","16-Jun-2001","23-Jun-2001"
"FULFORD","Fulford (I) Limited","EQ","Agm","10","30-May-2001","-","12-Jun-2001","15-Jun-2001"
"APPLEIND","Apple Finance Limited","EQ","Agm","10","06-Jun-2001","-","22-Jun-2001","29-Jun-2001"
"ROSSELL","Rossell Industries Limited","EQ","Agm","10","06-Jun-2001","-","16-Jun-2001","23-Jun-2001"
"TIMEXWATCH","Timex Watches Limited","EQ","Agm","10","06-Jun-2001","-","18-Jun-2001","30-Jun-2001"
"TORRENGUJ","Torrent Gujarat Biotech Limited","EQ","Agm","10","06-Jun-2001","-","22-Jun-2001","26-Jun-2001"
"RUPANGIMPX","Rupangi Impex Limited","EQ","Agm","2","13-Jun-2001","-","25-Jun-2001","30-Jun-2001"
"PENNARALUM","Pennar Aluminum Company Limited","EQ","Agm","10","13-Jun-2001","-","25-Jun-2001","30-Jun-2001"
"WATERBASE","Waterbase Limited","EQ","Agm","10","13-Jun-2001","-","03-Jul-2001","31-Jul-2001"
"RHONEPOULN","Rhone Poulenc (India) Limited","EQ","Agm/Dividend-270%        Bc Dates Changed/Bc End Date Changed","10","13-Jun-2001","-","27-Jun-2001","05-Jul-2001"
"SILVERLINE","Silverline Technologies Limited","EQ","Agm/Dividend-12.5%","10","20-Jun-2001","-","05-Jul-2001","09-Jul-2001"
"VANADYCHEM","Vanavil Dyes & Chemicals Limited","EQ","Dividend-40%","10","20-Jun-2001","-","03-Jul-2001","20-Jul-2001"
"LAKHNNATNL","Lakhanpal National Limited","EQ","Agm/Dividend-20%","10","20-Jun-2001","-","03-Jul-2001","16-Jul-2001"
"JKUDYOG","JK Udaipur Udyog Limited","EQ","Agm","10","27-Jun-2001","-","11-Jul-2001","17-Jul-2001"
"WESTERNBIO","Western Bio Systems Limited","EQ","Annual Book Closure","10","27-Jun-2001","-","10-Jul-2001","17-Jul-2001"
"INDOGULF","Indo Gulf Corporation Limited","EQ","Agm/Dividend-24%         Purpose Revised","10","02-Jul-2001","-","12-Jul-2001","20-Jul-2001"
"NEULANDLAB","Neuland Laboratories Limited","EQ","Dividend-15%             Purpose Revised","10","02-Jul-2001","-","12-Jul-2001","28-Jul-2001"
"NALCOCHEM","Nalco Chemicals (India) Limited","EQ","Agm","10","02-Jul-2001","-","17-Jul-2001","23-Jul-2001"
"WENDT","Wendt (India) Limited","EQ","Agm/Dividend-100%        Book Closure Date Revised","10","02-Jul-2001","-","17-Jul-2001","17-Jul-2001"
"HINDZINC","Hindustan Zinc Limited","EQ","Agm/Dividend-12.5%       Purpose Revised","2","02-Jul-2001","-","13-Jul-2001","20-Jul-2001"
"SPICFINE","Henkel Spic India Limited","EQ","Agm","10","02-Jul-2001","-","16-Jul-2001","16-Jul-2001"
"CIBASPEC","Ciba Speciality Chemicals Limited","EQ","Agm/Dividend-60%","10","02-Jul-2001","-","13-Jul-2001","27-Jul-2001"
"GRAPHIT","Graphite India Limited","EQ","Agm/Dividend-25%","10","02-Jul-2001","-","17-Jul-2001","30-Jul-2001"
"TOLANIBULK","Tolani Bulk Carriers Limited","EQ","Agm/Dividend-8%","10","02-Jul-2001","-","17-Jul-2001","27-Jul-2001"
"FORBESGOK","Forbes Gokak Limited","EQ","Dividend-30%","10","02-Jul-2001","-","13-Jul-2001","27-Jul-2001"
"BANCOINDIA","Banco Products (I) Limited","EQ","Agm/Dividend-30%","2","04-Jul-2001","-","16-Jul-2001","30-Jul-2001"
"CITURGIBIO","Citurgia Biochemicals Limited","EQ","Agm/Dividend-15%         Purpose Revised","10","05-Jul-2001","-","17-Jul-2001","25-Jul-2001"
"KALYANISHP","Kalyani Sharp India Limited","EQ","Agm","10","06-Jul-2001","-","18-Jul-2001","24-Jul-2001"
"GODREJINDS","Godrej Industries Limited","EQ","Agm/Div Rs.3 Per Share   Purpose Revised","6","09-Jul-2001","-","19-Jul-2001","28-Jul-2001"
"TATAUNISYS","Tata Infotech Limited","EQ","Agm/Dividend-60%","10","09-Jul-2001","-","19-Jul-2001","25-Jul-2001"
"TEIL","Triveni Engineering & Industries Limited","EQ","Agm/Dividend-15%","10","09-Jul-2001","-","20-Jul-2001","25-Jul-2001"
"ALKYLAMINE","Alkyl Amines Chemicals Limited","EQ","Agm","2","11-Jul-2001","-","24-Jul-2001","02-Aug-2001"
"WARRENTEA","Warren Tea Limited","EQ","Agm/Dividend-40%","10","12-Jul-2001","-","24-Jul-2001","07-Aug-2001"
"ASSAMFRONT","AFT Industries Limited","EQ","Agm/Dividend-50%","10","13-Jul-2001","-","25-Jul-2001","03-Aug-2001"
"SUNFLAG","Sunflag Iron And Steel Company Limited","EQ","Agm","10","13-Jul-2001","-","25-Jul-2001","03-Aug-2001"
"DECCANCE","Deccan Cements Limited","EQ","Agm/Dividend-25%","5","13-Jul-2001","-","25-Jul-2001","31-Jul-2001"
"MMFL","MM Forgings Limited","EQ","Agm/Dividend-40%","10","16-Jul-2001","-","26-Jul-2001","30-Jul-2001"
"KALSTEELS","Kalyani Steels Limited","EQ","Agm","10","16-Jul-2001","-","26-Jul-2001","31-Jul-2001"
"DEEPAKNITR","Deepak Nitrite Limited","EQ","Agm/Dividend-25%","10","16-Jul-2001","-","26-Jul-2001","11-Aug-2001"
"ITCBHADRA","ITC Bhadrachalam Paperboards Limited","EQ","Agm","10","16-Jul-2001","-","26-Jul-2001","10-Aug-2001"
"JKIND","JK Industries Limited","EQ","Agm/Dividend-20%","10","20-Jul-2001","-","01-Aug-2001","06-Aug-2001"
"TVSSRICHAK","TVS Srichakra Limited","EQ","Agm/Dividend-35%         Purpose Revised","10","20-Jul-2001","-","01-Aug-2001","02-Aug-2001"
"BHARATHOT","Bharat Hotels Limited","EQ","Agm/Dividned-15%","10","20-Jul-2001","-","02-Aug-2001","09-Aug-2001"
"SPECIALSTL","Tata SSL Limited","EQ","Agm","10","23-Jul-2001","-","06-Aug-2001","20-Aug-2001"
"ESCORTSFIN","Escorts Finance Limited","EQ","Agm","10","23-Jul-2001","-","03-Aug-2001","09-Aug-2001"
"FLOATGLASS","Floatglass (India) Limited","EQ","Agm","10","23-Jul-2001","-","02-Aug-2001","10-Aug-2001"
"NIPPONDENS","Denso India Limited","EQ","Agm/Dividend-10%","10","25-Jul-2001","-","06-Aug-2001","09-Aug-2001"
"PARKEDAVIS","Parke- Davis India Limited","EQ","Agm/Dividend-100%","10","27-Jul-2001","-","08-Aug-2001","14-Aug-2001"
"SIYSIL","Siyaram Silk Mills Limited","EQ","Agm/Dividend-35%","2","30-Jul-2001","-","09-Aug-2001","17-Aug-2001"
"SIERRAOPT","Sierra Optima Limited","EQ","Agm/Dividend-20%","10","01-Aug-2001","-","13-Aug-2001","17-Aug-2001"
"JPIND","Jai Prakash Industries Limited","EQ","Agm/Dividend","10","03-Aug-2001","-","16-Aug-2001","27-Aug-2001"
"INSILCO","Insilco Limited","EQ","Agm","10","06-Aug-2001","-","17-Aug-2001","23-Aug-2001"
"PRECOT","Precot Limited","EQ","Agm/Dividend-30%         Purpose Revised","10","06-Aug-2001","-","17-Aug-2001","31-Aug-2001"
"JMCPROJECT","JMC Projects (India)  Limited","EQ","Agm/Dividend-20%","2","07-Aug-2001","-","20-Aug-2001","27-Aug-2001"
"TIMESGUARN","Times Guaranty Limited","EQ","Agm","10","08-Aug-2001","-","23-Aug-2001","27-Aug-2001"
"METROCHEM","Metrochem Industries Limited","EQ","Dividend-5%","10","08-Aug-2001","-","23-Aug-2001","30-Aug-2001"
"HINPOWPLUS","Hindustan Powerplus Limited","EQ","Agm/Dividend-5%","10","08-Aug-2001","-","21-Aug-2001","29-Aug-2001"
"SHRIYAMSEC","Shriyam Securities Limited","EQ","Agm","10","13-Aug-2001","-","28-Aug-2001","30-Aug-2001"
"ELECON","Elecon Engineering Company Limited","EQ","Agm                      Purpose Revised","1","20-Aug-2001","-","01-Sep-2001","07-Sep-2001"
"UNITEDBREW","United Breweries Limited","EQ","Agm/Dividend-15%         Purpose Revised","10","20-Aug-2001","-","01-Sep-2001","22-Sep-2001"
"INTLTRAVHS","International Travel House Limited","EQ","Agm/Dividend-5%","10","20-Aug-2001","-","01-Sep-2001","17-Sep-2001"
"KINETICENG","Kinetic Engineering Limited","EQ","Dividend-50%             Bc End Date Revised","10","20-Aug-2001","-","01-Sep-2001","15-Sep-2001"
"GARFIBRES","Garware Technical Fibres Limited","EQ","Agm/Dividend-20%         Bc End Date Revised/Purpose Revised","10","20-Aug-2001","-","04-Sep-2001","22-Sep-2001"
"NIRLON","Nirlon Limited","EQ","Agm","10","20-Aug-2001","-","04-Sep-2001","27-Sep-2001"
"CONTNLCONS","Continental Construction Limited","EQ","Agm","10","20-Aug-2001","-","01-Sep-2001","28-Sep-2001"
"ULTRMARINE","Ultramarine & Pigments Limited","EQ","Agm/Dividend-30%","10","21-Aug-2001","-","04-Sep-2001","24-Sep-2001"
"SUASHDIMON","Suashish Diamonds Limited","EQ","Agm/Dividend-10%","10","21-Aug-2001","-","01-Sep-2001","11-Sep-2001"
"SMDYECHEM","S M Dyechem Limited","EQ","Agm                      Bc Start Date Revised","10","21-Aug-2001","-","04-Sep-2001","18-Sep-2001"
"STDIND","Standard Industries Limited","EQ","Agm","10","21-Aug-2001","-","04-Sep-2001","14-Sep-2001"
"APPLEIND","Apple Finance Limited","EQ","Agm","10","21-Aug-2001","-","04-Sep-2001","07-Sep-2001"
"BIRLAPOWER","Birla Power Solutions Limited","EQ","Agm/Dividend-12%","1","24-Aug-2001","-","05-Sep-2001","14-Sep-2001"
"EXCELIND","Excel  Industries Limited","EQ","Agm/Dividend-25%","10","24-Aug-2001","-","05-Sep-2001","20-Sep-2001"
"LAKSHAUTO","Lakshmi Auto Components Limited","EQ","Agm/Dividend-25%","10","24-Aug-2001","-","05-Sep-2001","12-Sep-2001"
"UNIFLEX","Uniflex Cables Limited","EQ","Agm","10","27-Aug-2001","-","11-Sep-2001","21-Sep-2001"
"MAHAINTL","Electrolux Kelvinator Limited","EQ","Agm","10","27-Aug-2001","-","06-Sep-2001","12-Sep-2001"
"CENTAKCHEM","Centak Chemicals Limited","EQ","Agm","10","29-Aug-2001","-","10-Sep-2001","14-Sep-2001"
"ITWSIGNODE","ITW Signode (India) Limited","EQ","Agm/Dividend-25%","10","30-Aug-2001","-","11-Sep-2001","19-Sep-2001"
"GUJAPOLLO","Gujarat Apollo Industries Limited","EQ","Agm/Dividend-25%","10","30-Aug-2001","-","11-Sep-2001","25-Sep-2001"
"CHETTINAD","Chettinad Cement Corporation Limited","EQ","Dividend-20%","10","30-Aug-2001","-","01-Sep-2001","18-Sep-2001"
"POLYCHEM","Polychem Limited","EQ","Agm","10","30-Aug-2001","-","11-Sep-2001","18-Sep-2001"
"MEDICOTECH","Medicorp Technologies Limited","EQ","Agm","10","31-Aug-2001","-","12-Sep-2001","21-Sep-2001"
"ISIBARS","Isibars Limited","EQ","Agm","10","31-Aug-2001","-","12-Sep-2001","21-Sep-2001"
"INDIANORG","Indian  Organic Chemicals Limited","EQ","Agm","10","31-Aug-2001","-","12-Sep-2001","26-Sep-2001"
"PUNJABCHEM","Punjab Chemicals & Crop Protection Limited","EQ","Agm/Dividend-12.50%","10","03-Sep-2001","-","17-Sep-2001","25-Sep-2001"
"MARDIASTL","Mardia Steel Limited","EQ","Agm","10","03-Sep-2001","-","17-Sep-2001","29-Sep-2001"
"BINANIZINC","Binani Industries Limited","EQ","Agm/Dividend-20%","10","03-Sep-2001","-","18-Sep-2001","24-Sep-2001"
"CARRIERAIR","Carrier Aircon Limited","EQ","Dividend-22%","10","03-Sep-2001","-","18-Sep-2001","27-Sep-2001"
"WIMPLAST","Wim Plast Limited","EQ","Agm/Dividend-40%","10","04-Sep-2001","-","14-Sep-2001","25-Sep-2001"
"HITECDRIL","Hitech Drilling Services India Limited","EQ","Agm","10","04-Sep-2001","-","14-Sep-2001","24-Sep-2001"
"GULFOIL","Gulf Oil India Limited","EQ","Agm/Dividend-15%","10","04-Sep-2001","-","14-Sep-2001","21-Sep-2001"
"ESSARSHIP","Essar Shipping Ports & Logistics Limited","EQ","Agm","10","04-Sep-2001","-","14-Sep-2001","20-Sep-2001"
"ASSAMCO","Assam Company India Limited","EQ","Agm/Dividend-5%          Purpose Revised","1","04-Sep-2001","-","14-Sep-2001","28-Sep-2001"
"GLOBABOARD","Global Boards Limited","EQ","Agm","10","04-Sep-2001","-","14-Sep-2001","22-Sep-2001"
"EMCOTRANS","Emco Limited","EQ","Dividend-5%","10","04-Sep-2001","-","14-Sep-2001","29-Sep-2001"
"AUTOLEC","Autolec Industries Limited","EQ","Agm","10","04-Sep-2001","-","17-Sep-2001","27-Sep-2001"
"ANDHRAPET","Andhra Petrochemicals Limited","EQ","Agm","10","04-Sep-2001","-","14-Sep-2001","29-Sep-2001"
"PUNALKALI","Punjab Alkalies & Chemicals Limited","EQ","Agm","10","05-Sep-2001","-","15-Sep-2001","28-Sep-2001"
"PUNJCOMMU","Punjab Communications Limited","EQ","Agm/Dividend-10%","10","05-Sep-2001","-","17-Sep-2001","27-Sep-2001"
"ICIL","Indo Count Industries Limited","EQ","Agm/Dividend-5%          Purpose Revised","2","05-Sep-2001","-","16-Sep-2001","28-Sep-2001"
"GUJRATTELE","Gujarat Telephone Cables Limited","EQ","Agm","10","05-Sep-2001","-","17-Sep-2001","22-Sep-2001"
"JINDLSTRIP","Jindal Strips Limited","EQ","Dividend-40%","10","05-Sep-2001","-","17-Sep-2001","27-Sep-2001"
"DRIND","DR Softech & Industries Limited","EQ","Agm","10","05-Sep-2001","-","15-Sep-2001","29-Sep-2001"
"IONEXCHANG","ION Exchange (India) Limited","EQ","Agm","1","06-Sep-2001","-","18-Sep-2001","28-Sep-2001"
"DAURALAORG","Daurala Organics Limited","EQ","Agm","10","06-Sep-2001","-","18-Sep-2001","27-Sep-2001"
"BLOWPLAST","Blow Plast Limited","EQ","Agm","10","06-Sep-2001","-","18-Sep-2001","28-Sep-2001"
"NAMTECHELE","Namtech Electronic Devices Limited","EQ","Agm","10","06-Sep-2001","-","18-Sep-2001","20-Sep-2001"
"PARRYAGRO","Parry Agro Industries Limited","EQ","Agm","10","06-Sep-2001","-","18-Sep-2001","25-Sep-2001"
"TTKPHARMA","TTK Healthcare Limited","EQ","Dividend-Nil","10","06-Sep-2001","-","18-Sep-2001","24-Sep-2001"
"KIRLOSFERR","Kirloskar Ferrous Industries Limited","EQ","Agm","10","07-Sep-2001","-","19-Sep-2001","25-Sep-2001"
"ELPROINTL","Elpro International Limited","EQ","Agm/Dividend-20%         Purpose Revised","1","07-Sep-2001","-","19-Sep-2001","28-Sep-2001"
"GANESHBENZ","Ganesh Benzoplast Limited","EQ","Agm","10","11-Sep-2001","-","21-Sep-2001","29-Sep-2001"
"REMIMETAL","Remi Metals Gujarat Limited","EQ","Agm","10","11-Sep-2001","-","21-Sep-2001","29-Sep-2001"
"DYNAMATECH","Dynamatic Technologies Limited","EQ","Dividend-15%             Purpose Revised","10","11-Sep-2001","-","21-Sep-2001","28-Sep-2001"
"BALAJHOTEL","Balaji Hotels & Enterprises Limited","EQ","Agm","10","11-Sep-2001","-","21-Sep-2001","26-Sep-2001"
"JINDALDRIL","Jindal Drilling And Industries Limited","EQ","Agm/Dividend-20%         Purpose Revised","10","11-Sep-2001","-","21-Sep-2001","25-Sep-2001"
"BALAJIIND","Balaji Industrial Corporation Limited","EQ","Agm","10","11-Sep-2001","-","21-Sep-2001","28-Sep-2001"
"DCLPOLY","DCL Polyester Limited","EQ","Agm","10","12-Sep-2001","-","24-Sep-2001","29-Sep-2001"
"FORTISFIN","Fortis Financial Services Limited","EQ","Agm","10","12-Sep-2001","-","24-Sep-2001","27-Sep-2001"
"TELEPHNCAB","Telephone Cables Limited","EQ","Agm","10","12-Sep-2001","-","24-Sep-2001","28-Sep-2001"
"NAGREEKA","Nagreeka Exports Limited","EQ","Agm","10","12-Sep-2001","-","22-Sep-2001","28-Sep-2001"
"VXLINSTR","VXL Instruments Limited","EQ","Agm","10","12-Sep-2001","-","22-Sep-2001","27-Sep-2001"
"SOUTHNHERB","Southern Herbals Limited","EQ","Agm","10","12-Sep-2001","-","24-Sep-2001","27-Sep-2001"
"TRANSCHEM","Transchem Limited","EQ","Agm","10","12-Sep-2001","-","24-Sep-2001","29-Sep-2001"
"GRMAGNET","GR Magnets Limited","EQ","Agm","10","13-Sep-2001","-","25-Sep-2001","29-Sep-2001"
"ALLIEDRES","Allied Resins and Chemicals Limited","EQ","Agm","10","13-Sep-2001","-","25-Sep-2001","29-Sep-2001"
"STERTOOLS","Sterling Tools Limited","EQ","Agm/Dividend-30%","2","13-Sep-2001","-","25-Sep-2001","29-Sep-2001"
"SRIPIPES","Srikalahasthi Pipes Limited","EQ","Agm","10","13-Sep-2001","-","25-Sep-2001","29-Sep-2001"
"SRIVISHCEM","Sri Vishnu Cement Limited","EQ","Agm","10","13-Sep-2001","-","25-Sep-2001","26-Sep-2001"
"MAJESAUTO","Majestic Auto Limited","EQ","Agm","10","14-Sep-2001","-","26-Sep-2001","29-Sep-2001"
"SHREEKRPET","Eskay K'n'IT (India) Limited","EQ","Agm/Dividend-Nil         Purpose Revised","4","14-Sep-2001","-","26-Sep-2001","28-Sep-2001"
"SHREEKRPOL","Krishna Lifestyle Technologies Limited","EQ","Agm","10","14-Sep-2001","-","26-Sep-2001","28-Sep-2001"
"HITECHIJEW","Hitechi Jewellery Industries Limited","EQ","Agm","10","17-Sep-2001","-","27-Sep-2001","29-Sep-2001"
"PATWIDECOM","Patel's Widecom (India) Limited","EQ","Agm","10","18-Sep-2001","-","28-Sep-2001","29-Sep-2001"
"XEDDTELCOM","Xedd Telecom Limited","EQ","Agm","10","18-Sep-2001","-","28-Sep-2001","29-Sep-2001"
"MASTERSHAR","UTI - Master Share","EQ","Dividend-10%             Purpose Revised","10","21-Sep-2001","-","04-Oct-2001","19-Oct-2001"
"GERMANREM","German Remedies Limited","EQ","Agm/Dividend-70%","10","04-Oct-2001","-","16-Oct-2001","24-Oct-2001"
"NOVARTIND","Novartis India Limited","EQ","Dividend-150%","5","08-Oct-2001","-","18-Oct-2001","25-Oct-2001"
"MALCO","The Madras Aluminium Company Limited","EQ","Agm/Dividend-70%","2","08-Oct-2001","-","18-Oct-2001","20-Oct-2001"
"ROOFITIND","Roofit Industries Limited","EQ","Agm/Dividend-5%","10","11-Oct-2001","-","23-Oct-2001","30-Oct-2001"
"SILTAPCHEM","Siltap Chemicals Limited","EQ","Dividend-60%","10","12-Oct-2001","-","24-Oct-2001","06-Nov-2001"
"ENKTEXFOOD","Enkay Texofood Industries Limited","EQ","Agm","10","29-Oct-2001","-","08-Nov-2001","10-Nov-2001"
"STERLITIND","Sterlite Industries (India) Limited","EQ","Agm/Dividend-110%","5","05-Nov-2001","-","16-Nov-2001","30-Nov-2001"
"SUNEARTH","Sun Earth Ceramics Limited","EQ","Agm/Dividend-Nil         Purpose Revised","10","07-Nov-2001","-","21-Nov-2001","29-Nov-2001"
"SHAMKNSPIN","Shamken Spinners Limited","EQ","Agm/Dividend-5%","10","08-Nov-2001","-","22-Nov-2001","23-Nov-2001"
"ARIHANTRED","Arihant Threads Limited","EQ","Agm","10","12-Nov-2001","-","26-Nov-2001","29-Nov-2001"
"NEDUNGBANK","Nedungadi Bank Limited","EQ","Agm                      Book Closure Dates Revised","10","13-Nov-2001","-","27-Nov-2001","11-Dec-2001"
"DCMDAEWOO","Daewoo Motors India Limited","EQ","Agm","10","15-Nov-2001","-","28-Nov-2001","15-Dec-2001"
"GODREJFOOD","Godrej Foods Limited","EQ","Agm","10","20-Nov-2001","-","01-Dec-2001","18-Dec-2001"
"VIKASWSP","Vikas WSP Limited","EQ","Agm","1","29-Nov-2001","-","12-Dec-2001","15-Dec-2001"
"TRANSPEK","Transpek Industry Limited","EQ","Agm","10","04-Dec-2001","-","14-Dec-2001","21-Dec-2001"
"BAUSCHLOMB","Rayban Sun Optics Limited","EQ","Agm","10","05-Dec-2001","-","15-Dec-2001","19-Dec-2001"
"HOTLINGLAS","Hotline Glass Limited","EQ","Agm","10","05-Dec-2001","-","17-Dec-2001","20-Dec-2001"
"PONNISUG","Ponni Sugars & Chemicals Limited","EQ","Agm","10","05-Dec-2001","-","17-Dec-2001","19-Dec-2001"
"PADMINPOLY","Padmini Technologies Limited","EQ","Agm","10","05-Dec-2001","-","17-Dec-2001","22-Dec-2001"
"HOGANAS","Hoganas India Limited","EQ","Agm","10","06-Dec-2001","-","19-Dec-2001","22-Dec-2001"
"ORIENTCONT","Oriental Containers Limited","EQ","Agm/Dividend-10%         Purpose Revised","10","06-Dec-2001","-","19-Dec-2001","29-Dec-2001"
"REALVALAPL","Real Value Appliance Limited","EQ","Annual Book Closure","10","07-Dec-2001","-","20-Dec-2001","27-Dec-2001"
"BELCONTROL","Bells Controls Limited","EQ","Agm","10","11-Dec-2001","-","24-Dec-2001","31-Dec-2001"
"ITIL","Information Technologies India Limited","EQ","Agm","5","12-Dec-2001","-","25-Dec-2001","31-Dec-2001"
"KUNDANMM","Kundan Minerals and Metals Limited","EQ","Agm","10","12-Dec-2001","-","25-Dec-2001","31-Dec-2001"
"ALPICFIN","Alpic Finance Limited","EQ","Agm                      Purpose Revised","10","18-Dec-2001","-","29-Dec-2001","31-Dec-2001"
"CABOTINDIA","Cabot India Limited","EQ","Agm/Dividend-20%","10","01-Jan-2002","-","11-Jan-2002","18-Jan-2002"
"RAVALSUGAR","Ravalgaon Sugar Farm Limited","EQ","Agm/Dividend-100%        Purpose Revised","50","14-Jan-2002","-","24-Jan-2002","31-Jan-2002"
"PHOENXINTL","Phoenix International Limited","EQ","Agm","10","22-Jan-2002","-","01-Feb-2002","08-Feb-2002"
"EUPHARMLAB","Eupharma Labs Limited","EQ","Agm","10","23-Jan-2002","-","04-Feb-2002","11-Feb-2002"
"IGPL","IG Petrochemicals Limited","EQ","Agm","10","29-Jan-2002","-","08-Feb-2002","16-Feb-2002"
"JKCORP","JK Corporation Limited","EQ","Agm","10","04-Feb-2002","-","14-Feb-2002","21-Feb-2002"
"USHAINDIA","Usha (India) Limited","EQ","Agm","10","06-Feb-2002","-","16-Feb-2002","20-Feb-2002"
"PUNANDLAMP","Punjab Anand Lamp Industries Limited","EQ","Agm/Dividend-12.50%","10","06-Mar-2002","-","19-Mar-2002","27-Mar-2002"
"KEEPLEARN","DSJ Keep Learning Limited","EQ","Agm","1","11-Mar-2002","-","22-Mar-2002","28-Mar-2002"
"GOODRICKE","Goodricke Group Limited","EQ","Agm/Dividend-5%","10","13-Mar-2002","-","26-Mar-2002","02-Apr-2002"
"GRINWELNOR","Grindwell Norton Limited","EQ","Agm/Dividend-30%         Book Closure Dates Revised","10","13-Mar-2002","-","23-Mar-2002","19-Apr-2002"
"PHILIPS","Philips India Limited","EQ","Agm","10","19-Mar-2002","-","01-Apr-2002","10-Apr-2002"
"RECKCOLMAN","Reckitt Benckiser (India) Limited","EQ","Dividend-25%             Purpose Revised","10","21-Mar-2002","-","05-Apr-2002","19-Apr-2002"
"KRONECOMM","Krone Communications Limited","EQ","Agm/Dividend-15%","10","04-Apr-2002","-","12-Apr-2002","24-Apr-2002"
"SANDVIKAS","Sandvik Asia Limited","EQ","Agm/Dividend-10%","100","04-Apr-2002","-","12-Apr-2002","22-Apr-2002"
"BOOTSPHARM","Abbott India Limited","EQ","Agm/Dividend-100%","10","08-Apr-2002","-","16-Apr-2002","30-Apr-2002"
"KELVINATOR","Whirlpool of India Limited","EQ","Agm","10","09-Apr-2002","-","17-Apr-2002","29-Apr-2002"
"GOODYEAR","Goodyear India Limited","EQ","Agm                      Purpose Revised","10","11-Apr-2002","-","19-Apr-2002","02-May-2002"
"MADURACOAT","Madura Coats Limited","EQ","Agm/Dividend-5%","10","11-Apr-2002","-","19-Apr-2002","29-Apr-2002"
"CADBURY","Cadbury India Limited","EQ","Agm/Dividend-60%","10","15-Apr-2002","-","23-Apr-2002","03-May-2002"
"OTIS","Otis Elevator Company (India) Limited","EQ","Dividend-100%","10","15-Apr-2002","-","23-Apr-2002","02-May-2002"
"PARKEDAVIS","Parke- Davis India Limited","EQ","Agm/Dividend-40%","10","15-Apr-2002","-","23-Apr-2002","02-May-2002"
"NESTLE","Nestle India Limited","EQ","Agm                      Purpose Revised","10","17-Apr-2002","-","26-Apr-2002","30-Apr-2002"
"INDIAPHOTO","Kodak India Limited","EQ","Agm/Dividend-60%         Purpose Revised","10","18-Apr-2002","-","29-Apr-2002","06-May-2002"
"ATLASCOPCO","Atlas Copco (India) Limited","EQ","Agm/Dividend-40%","10","09-May-2002","-","14-May-2002","30-May-2002"
"BAYER","Bayer India Limited","EQ","Dividend-20%","100","15-May-2002","-","20-May-2002","14-Jun-2002"
"RASLAMIPAK","Ras Propack Lamipack Limited","EQ","Agm","10","17-May-2002","-","22-May-2002","29-May-2002"
"INDAL","Indian Aluminium Company Limited","EQ","Agm/Dividend-40%         Purpose Revised","10","23-May-2002","-","28-May-2002","26-Jun-2002"
"TVSELEC","TVS Electronics Limited","EQ","Agm/Dividend-7.5%","10","24-May-2002","-","29-May-2002","05-Jun-2002"
"AGREVOIND","Bayer Cropscience India Limited","EQ","Agm/Dividend-40%","10","27-May-2002","-","30-May-2002","19-Jun-2002"
"BURRWELCOM","Burroughs Wellcome (India) Limited","EQ","Dividend-75%","10","28-May-2002","-","31-May-2002","07-Jun-2002"
"FULFORD","Fulford (I) Limited","EQ","Agm/Dividend-15%","10","12-Jun-2002","-","15-Jun-2002","21-Jun-2002"
"ROSSELL","Rossell Industries Limited","EQ","Agm","10","12-Jun-2002","-","16-Jun-2002","23-Jun-2002"
"INDORAMSYN","Indo Rama Synthetics (India) Limited","EQ","Agm/Dividend-10%","10","12-Jun-2002","-","15-Jun-2002","28-Jun-2002"
"INSILCO","Insilco Limited","EQ","Agm","10","13-Jun-2002","-","18-Jun-2002","27-Jun-2002"
"PSIDATASYS","PSI Data Systems Limited","EQ","Agm","10","13-Jun-2002","-","18-Jun-2002","20-Jun-2002"
"INFARINDIA","Infar (India) Limited","EQ","Agm","10","13-Jun-2002","-","18-Jun-2002","28-Jun-2002"
"UTIUS64-CI","Unit Trust of India-Unit Scheme-64 (Cash Income)","EQ","Acct Updt/Income Dist","10","14-Jun-2002","-","24-Jun-2002","30-Jun-2002"
"SPECIALSTL","Tata SSL Limited","EQ","Agm","10","17-Jun-2002","-","20-Jun-2002","03-Jul-2002"
"INVELTRANS","GKN Driveshafts (India) Limited","EQ","Agm","10","19-Jun-2002","-","22-Jun-2002","25-Jun-2002"
"RADICOKHAI","Radico Khaitan Limited","EQ","Agm/Dividend-Rs.2 Per Sh","10","26-Jun-2002","-","01-Jul-2002","16-Jul-2002"
"VANADYCHEM","Vanavil Dyes & Chemicals Limited","EQ","Agm/Dividend-20%","10","01-Jul-2002","-","04-Jul-2002","19-Jul-2002"
"TIMKEN","Timken India Limited","EQ","Agm","10","02-Jul-2002","-","05-Jul-2002","19-Jul-2002"
"NOVARTIND","Novartis India Limited","EQ","Dividend-150%","5","02-Jul-2002","-","05-Jul-2002","12-Jul-2002"
"DIGITALEQP","Digital GlobalSoft Limited","EQ","Agm/Dividend-35%","10","04-Jul-2002","-","09-Jul-2002","23-Jul-2002"
"INTLTRAVHS","International Travel House Limited","EQ","Agm/Dividend-10%","10","11-Jul-2002","-","16-Jul-2002","24-Jul-2002"
"CIBASPEC","Ciba Speciality Chemicals Limited","EQ","Agm/Div-45%+Sp.-45%","10","11-Jul-2002","-","16-Jul-2002","31-Jul-2002"
"ASHKLEYFIN","Ashok Leyland Finance Limited","EQ","Agm/Dividend-30%","10","11-Jul-2002","-","16-Jul-2002","25-Jul-2002"
"NEULANDLAB","Neuland Laboratories Limited","EQ","Agm/Dividend-18%","10","11-Jul-2002","-","16-Jul-2002","29-Jul-2002"
"PONNIORISA","Ponni Sugars (Orissa) Limited","EQ","Agm","10","11-Jul-2002","-","16-Jul-2002","20-Jul-2002"
"SPICFINE","Henkel Spic India Limited","EQ","Agm","10","16-Jul-2002","-","19-Jul-2002","26-Jul-2002"
"WARRENTEA","Warren Tea Limited","EQ","Agm/Dividend-10%","10","18-Jul-2002","-","23-Jul-2002","06-Aug-2002"
"DECCANCE","Deccan Cements Limited","EQ","Agm/Dividend-25%         Purpose Revised","5","18-Jul-2002","-","23-Jul-2002","29-Jul-2002"
"ASSAMFRONT","AFT Industries Limited","EQ","Agm/Dividend-50%","10","18-Jul-2002","-","23-Jul-2002","02-Aug-2002"
"L&T","Larsen & Toubro Limited","EQ","Dividend-70%","10","22-Jul-2002","-","25-Jul-2002","08-Aug-2002"
"FORBESGOK","Forbes Gokak Limited","EQ","Dividend-20%","10","23-Jul-2002","-","26-Jul-2002","09-Aug-2002"
"INDOGULF","Indo Gulf Corporation Limited","EQ","Dividend-26%             Book Closure End Date Revised","10","24-Jul-2002","-","29-Jul-2002","03-Aug-2002"
"TEIL","Triveni Engineering & Industries Limited","EQ","Agm/Dividend-22%","10","29-Jul-2002","-","01-Aug-2002","07-Aug-2002"
"HINDLEVCHM","Hind Lever Chemicals Limited","EQ","Agm/Div-15 Per Sh 15 Mths","10","29-Jul-2002","-","01-Aug-2002","10-Aug-2002"
"CASTROL","Castrol India Limited","EQ","Agm/Interim Dividend-40% Book Closure Start Date Revised/Purpose Revised","10","30-Jul-2002","-","02-Aug-2002","05-Aug-2002"
"NIPPONDENS","Denso India Limited","EQ","Agm/Dividend-10%","10","02-Aug-2002","-","07-Aug-2002","12-Aug-2002"
"MARDIASTL","Mardia Steel Limited","EQ","Agm","10","12-Aug-2002","-","16-Aug-2002","20-Aug-2002"
"HINPOWPLUS","Hindustan Powerplus Limited","EQ","Agm/Dividend-5%","10","14-Aug-2002","-","20-Aug-2002","28-Aug-2002"
"HINDZINC","Hindustan Zinc Limited","EQ","Agm/Dividend-5%          Purpose Revised","2","19-Aug-2002","-","22-Aug-2002","31-Aug-2002"
"NUCENTFIN","NuCent Finance Limited","EQ","Agm","10","20-Aug-2002","-","23-Aug-2002","31-Aug-2002"
"TVSSRICHAK","TVS Srichakra Limited","EQ","Agm/Dividend-35%         Purpose Revised","10","22-Aug-2002","-","27-Aug-2002","28-Aug-2002"
"LAKSHAUTO","Lakshmi Auto Components Limited","EQ","Agm","10","23-Aug-2002","-","28-Aug-2002","02-Sep-2002"
"SRIVISHCEM","Sri Vishnu Cement Limited","EQ","Agm","10","27-Aug-2002","-","30-Aug-2002","06-Sep-2002"
"GLOBLTRUST","Global Trust Bank Limited","EQ","Agm/Dividend-5%          Purpose Revised","10","27-Aug-2002","-","30-Aug-2002","12-Sep-2002"
"CHETTINAD","Chettinad Cement Corporation Limited","EQ","Agm                      Purpose Revised","10","28-Aug-2002","-","01-Sep-2002","16-Sep-2002"
"MUKAND","Mukand Limited","EQ","Agm","10","29-Aug-2002","-","03-Sep-2002","16-Sep-2002"
"JINDLSTRIP","Jindal Strips Limited","EQ","Dividend-40%","10","29-Aug-2002","-","03-Sep-2002","14-Sep-2002"
"FLOATGLASS","Floatglass (India) Limited","EQ","Agm","10","30-Aug-2002","-","04-Sep-2002","11-Sep-2002"
"NEDUNGBANK","Nedungadi Bank Limited","EQ","Agm","10","05-Sep-2002","-","10-Sep-2002","24-Sep-2002"
"UNITEDPHOS","UPL Limited","EQ","Dividend-10%","10","05-Sep-2002","-","10-Sep-2002","25-Sep-2002"
"MEDICOTECH","Medicorp Technologies Limited","EQ","Agm","10","06-Sep-2002","-","12-Sep-2002","20-Sep-2002"
"TATAUNISYS","Tata Infotech Limited","EQ","Agm","10","09-Sep-2002","-","13-Sep-2002","16-Sep-2002"
"GARFIBRES","Garware Technical Fibres Limited","EQ","Agm/Dividend-22%","10","09-Sep-2002","-","13-Sep-2002","28-Sep-2002"
"JPIND","Jai Prakash Industries Limited","EQ","Agm/Dividend-5%","10","11-Sep-2002","-","14-Sep-2002","27-Sep-2002"
"KINETICENG","Kinetic Engineering Limited","EQ","Agm/Dividend-25%","10","11-Sep-2002","-","16-Sep-2002","28-Sep-2002"
"KINETICMOT","Kinetic Motor Company Limited","EQ","Agm","10","11-Sep-2002","-","16-Sep-2002","25-Sep-2002"
"GERMANREM","German Remedies Limited","EQ","Agm/Dividend-80%","10","12-Sep-2002","-","17-Sep-2002","26-Sep-2002"
"POLYCHEM","Polychem Limited","EQ","Agm","10","12-Sep-2002","-","17-Sep-2002","24-Sep-2002"
"PUNJCOMMU","Punjab Communications Limited","EQ","Agm/Dividend-15%","10","12-Sep-2002","-","17-Sep-2002","27-Sep-2002"
"PARRYAGRO","Parry Agro Industries Limited","EQ","Agm","10","13-Sep-2002","-","18-Sep-2002","23-Sep-2002"
"EMCOTRANS","Emco Limited","EQ","Agm/Dividend-5%","10","13-Sep-2002","-","18-Sep-2002","28-Sep-2002"
"CARRIERAIR","Carrier Aircon Limited","EQ","Agm","10","13-Sep-2002","-","18-Sep-2002","27-Sep-2002"
"IONEXCHANG","ION Exchange (India) Limited","EQ","Agm/Dividend-10%","1","17-Sep-2002","-","20-Sep-2002","27-Sep-2002"
"BAUSCHLOMB","Rayban Sun Optics Limited","EQ","Agm","10","17-Sep-2002","-","20-Sep-2002","25-Sep-2002"
"SQRDSFWARE","DSQ Software Limited","EQ","Agm","10","17-Sep-2002","-","20-Sep-2002","27-Sep-2002"
"ENKTEXFOOD","Enkay Texofood Industries Limited","EQ","Annual Book Closure","10","20-Sep-2002","-","25-Sep-2002","28-Sep-2002"
"CENTEXTRU","Century Extrusions Limited","EQ","Agm","10","20-Sep-2002","-","25-Sep-2002","27-Sep-2002"
"BALAJIDIST","Balaji Distilleries Limited","EQ","Agm","10","20-Sep-2002","-","25-Sep-2002","30-Sep-2002"
"GMRINDSTRS","GMR Industries Limited","EQ","Agm","10","23-Sep-2002","-","26-Sep-2002","30-Sep-2002"
"XEDDTELCOM","Xedd Telecom Limited","EQ","Agm","10","24-Sep-2002","-","27-Sep-2002","30-Sep-2002"
"AMBUJARAJN","Ambuja Cement Rajasthan Limited","EQ","Agm","10","07-Oct-2002","-","10-Oct-2002","11-Oct-2002"
"SILTAPCHEM","Siltap Chemicals Limited","EQ","Dividend-60%","10","08-Oct-2002","-","11-Oct-2002","24-Oct-2002"
"MASTERSHAR","UTI - Master Share","EQ","Dividend-10%             Purpose Revised","10","09-Oct-2002","-","12-Oct-2002","15-Oct-2002"
"EXCELIND","Excel  Industries Limited","EQ","Agm/Dividend-30%         Bc Start Date Revised","10","14-Oct-2002","-","18-Oct-2002","28-Oct-2002"
"UTIUS64-CI","Unit Trust of India-Unit Scheme-64 (Cash Income)","EQ","Split Us 64 Into 2 Parts","10","25-Oct-2002","-","02-Nov-2002","14-Nov-2002"
"CENTURION","Centurion Bank Limited","EQ","Agm","10","30-Oct-2002","-","04-Nov-2002","11-Nov-2002"
"SHAMKNFAB","Shamken Multifab Limited","EQ","Agm/Dividend-5%","10","18-Nov-2002","-","22-Nov-2002","28-Nov-2002"
"SOUNDCRAFT","Soundcraft Industries Limited","EQ","Agm/Dividend-20%","2","13-Dec-2002","-","18-Dec-2002","24-Dec-2002"
"PADMINPOLY","Padmini Technologies Limited","EQ","Agm","10","17-Dec-2002","-","20-Dec-2002","21-Dec-2002"
"NATHSEEDS","Nath Seeds  Limited","EQ","Annual Book Closure","10","26-Dec-2002","-","31-Dec-2002","31-Dec-2002"
"NIIT","NIIT Limited","EQ","Agm/Dividend-40%         Purpose Revised","10","23-Jan-2003","-","28-Jan-2003","31-Jan-2003"
"JKCORP","JK Corporation Limited","EQ","Agm","10","06-Feb-2003","-","11-Feb-2003","17-Feb-2003"
"STDIND","Standard Industries Limited","EQ","Agm","10","12-Feb-2003","-","18-Feb-2003","25-Feb-2003"
"ITIL","Information Technologies India Limited","EQ","Agm","5","26-Feb-2003","-","01-Mar-2003","15-Mar-2003"
"SEARCHEMIN","Search Chem Industries Limited","EQ","Agm","10","17-Mar-2003","-","21-Mar-2003","22-Mar-2003"
"KEEPLEARN","DSJ Keep Learning Limited","EQ","Annual General Meeting","1","21-Mar-2003","-","26-Mar-2003","30-Mar-2003"
"UTIUS64INV","Unit Trust of India","EQ","Conv Into Bonds-Physical","10","03-Apr-2003","-","05-Apr-2003","17-Apr-2003"
"UTIUS64I10","Unit Trust of India","EQ","Conv Into Bonds-Physical","10","03-Apr-2003","-","05-Apr-2003","17-Apr-2003"
"UTIUS64I12","Unit Trust of India","EQ","Conv Into Bonds-Physical","10","03-Apr-2003","-","05-Apr-2003","17-Apr-2003"
"RECKCOLMAN","Reckitt Benckiser (India) Limited","EQ","Agm","10","08-Apr-2003","-","10-Apr-2003","25-Apr-2003"
"BOOTSPHARM","Abbott India Limited","EQ","Agm/Dividend - 120%","10","09-Apr-2003","-","16-Apr-2003","29-Apr-2003"
"KRONECOMM","Krone Communications Limited","EQ","Dividend","10","09-Apr-2003","-","16-Apr-2003","28-Apr-2003"
"BURRWELCOM","Burroughs Wellcome (India) Limited","EQ","Dividend -110%","10","10-Apr-2003","-","17-Apr-2003","28-Apr-2003"
"MADURACOAT","Madura Coats Limited","EQ","Agm/Dividend-Re 0.50/Shar","10","17-Apr-2003","-","22-Apr-2003","30-Apr-2003"
"INDIAPHOTO","Kodak India Limited","EQ","Agm/Dividend-Rs 6 Per Sh","10","17-Apr-2003","-","22-Apr-2003","28-Apr-2003"
"KELVINATOR","Whirlpool of India Limited","EQ","Agm","10","21-Apr-2003","-","23-Apr-2003","29-Apr-2003"
"NESTLE","Nestle India Limited","EQ","Agm","10","22-Apr-2003","-","24-Apr-2003","30-Apr-2003"
"PHARMACIA","Pharmacia Healthcare Limited","EQ","Agm","5","02-May-2003","-","06-May-2003","14-May-2003"
"AGREVOIND","Bayer Cropscience India Limited","EQ","Agm/Dividend - 20%","10","30-May-2003","-","03-Jun-2003","25-Jun-2003"
"BAYER","Bayer India Limited","EQ","Agm/Dividend -22%","100","30-May-2003","-","03-Jun-2003","12-Jun-2003"
"MARDIACHEM","Mardia Chemicals Limited","EQ","Agm","10","12-Jun-2003","-","16-Jun-2003","18-Jun-2003"
"JINDVIJSTL","Jindal Vijayanagar Steel Limited","EQ","Agm","10","13-Jun-2003","-","17-Jun-2003","19-Jun-2003"
"JINDALIRON","Jindal Iron & Steel Company Limited","EQ","Agm/Dividend-30%","10","18-Jun-2003","-","20-Jun-2003","27-Jun-2003"
"UNIONCARBI","Eveready Industries Limited","EQ","Agm","10","20-Jun-2003","-","24-Jun-2003","30-Jun-2003"
"INDAL","Indian Aluminium Company Limited","EQ","Agm","10","23-Jun-2003","-","25-Jun-2003","09-Jul-2003"
"HINDLEVCHM","Hind Lever Chemicals Limited","EQ","Agm/Div-Rs.13.75 Per Shar","10","30-Jun-2003","-","02-Jul-2003","08-Jul-2003"
"DIGITALEQP","Digital GlobalSoft Limited","EQ","Agm/Dividend-45%","10","03-Jul-2003","-","05-Jul-2003","21-Jul-2003"
"EICHERLTD","Eicher Limited","EQ","Agm","10","07-Jul-2003","-","09-Jul-2003","16-Jul-2003"
"OTIS","Otis Elevator Company (India) Limited","EQ","Dividend-125%","10","08-Jul-2003","-","10-Jul-2003","17-Jul-2003"
"E-SERVEINT","e-Serve International Limited","EQ","Agm/Dividend-25%","10","10-Jul-2003","-","14-Jul-2003","29-Jul-2003"
"VARDHMNSPG","Vardhman Spinning & General Mills Limited","EQ","Agm/Dividend- 35%","10","14-Jul-2003","-","16-Jul-2003","02-Aug-2003"
"ASHKLEYFIN","Ashok Leyland Finance Limited","EQ","Dividend-50%","10","14-Jul-2003","-","16-Jul-2003","22-Jul-2003"
"PONNIORISA","Ponni Sugars (Orissa) Limited","EQ","Agm","10","14-Jul-2003","-","16-Jul-2003","19-Jul-2003"
"ESSARGUJ","Essar Steel Limited","EQ","Agm","10","16-Jul-2003","-","18-Jul-2003","19-Jul-2003"
"INDGYPSUM","India Gypsum Limited","EQ","Agm","10","18-Jul-2003","-","22-Jul-2003","29-Jul-2003"
"PSIDATASYS","PSI Data Systems Limited","EQ","Agm","10","18-Jul-2003","-","22-Jul-2003","28-Jul-2003"
"ITCHOTEL","ITC Hotels Limited","EQ","Agm","10","22-Jul-2003","-","24-Jul-2003","30-Jul-2003"
"INDORAMSYN","Indo Rama Synthetics (India) Limited","EQ","Agm/Dividend-22.50%","10","06-Aug-2003","-","08-Aug-2003","22-Aug-2003"
"L&T","Larsen & Toubro Limited","EQ","Dividend-75%","10","11-Aug-2003","-","13-Aug-2003","22-Aug-2003"
"SURYCOTMIL","Suryalakshmi Cotton Mills Limited","EQ","Agm","10","13-Aug-2003","-","18-Aug-2003","23-Aug-2003"
"ETCNETWORK","ETC Networks Limited","EQ","Agm/Dividend-20%","10","14-Aug-2003","-","19-Aug-2003","22-Aug-2003"
"TATAFIN","Tata Finance Limited","EQ","Agm","10","14-Aug-2003","-","19-Aug-2003","26-Aug-2003"
"VISIONLTD","Vision Organics Limited","EQ","Agm","10","19-Aug-2003","-","21-Aug-2003","25-Aug-2003"
"WIMCO","Wimco Limited","EQ","Agm","10","25-Aug-2003","-","27-Aug-2003","03-Sep-2003"
"CENTURION","Centurion Bank Limited","EQ","Agm","10","03-Sep-2003","-","05-Sep-2003","08-Sep-2003"
"MUKAND","Mukand Limited","EQ","Agm","10","08-Sep-2003","-","10-Sep-2003","16-Sep-2003"
"PASUPATFAB","Pasupati Fabrics Limited","EQ","Agm","10","10-Sep-2003","-","12-Sep-2003","17-Sep-2003"
"KOTHARISUG","Kothari Sugars & Chemicals Limited","EQ","Agm","10","12-Sep-2003","-","16-Sep-2003","24-Sep-2003"
"JINDALFOTO","Jindal Photo Limited","EQ","Agm/Dividend-10%         Purpose Revised","10","12-Sep-2003","-","16-Sep-2003","19-Sep-2003"
"ALLIEDRES","Allied Resins and Chemicals Limited","EQ","Agm","10","17-Sep-2003","-","24-Sep-2003","27-Sep-2003"
"UNITEDPHOS","UPL Limited","EQ","Dividend-20%","10","17-Sep-2003","-","19-Sep-2003","24-Sep-2003"
"SEARCHEMIN","Search Chem Industries Limited","EQ","Agm","10","17-Sep-2003","-","19-Sep-2003","24-Sep-2003"
"CDRMEDICAL","CDR Medical Industries Limited","EQ","Agm","10","18-Sep-2003","-","25-Sep-2003","30-Sep-2003"
"EIDERTELE","Eider Infotech Limited","EQ","Agm","10","19-Sep-2003","-","23-Sep-2003","30-Sep-2003"
"SIVIND","SIV Industries Limited","EQ","Agm                      Bc Date Revised","10","22-Sep-2003","-","24-Sep-2003","29-Sep-2003"
"CENTEXTRU","Century Extrusions Limited","EQ","Agm","10","22-Sep-2003","-","24-Sep-2003","26-Sep-2003"
"RINKIPETRO","Motorol Enterprises Limited","EQ","Agm","10","22-Sep-2003","-","29-Sep-2003","30-Sep-2003"
"PRIMESEC","Prime Securities Limited","EQ","Agm","10","22-Sep-2003","-","24-Sep-2003","26-Sep-2003"
"NAHARINTL","Nahar International Limited","EQ","Agm","10","23-Sep-2003","-","25-Sep-2003","29-Sep-2003"
"COMPUDYNE","Compudyne Winosystems Limited","EQ","Agm                      Purpose Revised","10","24-Sep-2003","-","26-Sep-2003","30-Sep-2003"
"ABGHEAVY","ABG Heavy Industries Limited","EQ","Agm","10","24-Sep-2003","-","26-Sep-2003","30-Sep-2003"
"NATHSEEDS","Nath Seeds  Limited","EQ","Agm","10","03-Oct-2003","-","07-Oct-2003","11-Oct-2003"
"SCINTSOFT","Scintilla Software Technology Limited","EQ","Agm","10","08-Oct-2003","-","10-Oct-2003","14-Oct-2003"
"EUROSOFTAL","European Software Alliances Limited","EQ","Agm","10","08-Oct-2003","-","10-Oct-2003","14-Oct-2003"
"AMBUJARAJN","Ambuja Cement Rajasthan Limited","EQ","Agm","10","24-Oct-2003","-","28-Oct-2003","29-Oct-2003"
"BPLSANTECH","BST Limited","EQ","Agm","10","05-Dec-2003","-","09-Dec-2003","19-Dec-2003"
"GLOBLTRUST","Global Trust Bank Limited","EQ","Agm","10","11-Dec-2003","-","13-Dec-2003","16-Dec-2003"
"RAIN","Rain Industries Limited","EQ","Agm","2","12-Dec-2003","-","16-Dec-2003","22-Dec-2003"
"LANESEDA","Lan Eseda Industries Limited","EQ","Agm","10","16-Dec-2003","-","18-Dec-2003","22-Dec-2003"
"SOUNDCRAFT","Soundcraft Industries Limited","EQ","Agm","2","24-Dec-2003","-","29-Dec-2003","31-Dec-2003"
"CAUVERSOFT","Cauvery Software Engineering Systems Limited","EQ","Agm","10","03-Feb-2004","-","05-Feb-2004","09-Feb-2004"
"BALAJIDIST","Balaji Distilleries Limited","EQ","Agm","10","23-Feb-2004","-","25-Feb-2004","28-Feb-2004"
"RAIN","Rain Industries Limited","EQ","Agm","2","26-Feb-2004","-","01-Mar-2004","11-Mar-2004"
"VATSALTD","Vatsa Corporations Limited","EQ","Agm","1","09-Mar-2004","-","16-Mar-2004","19-Mar-2004"
"VDOCONINTL","Videocon International Limited","EQ","Dividend-10% / Agm","10","18-Mar-2004","-","20-Mar-2004","31-Mar-2004"
"ATCOM","Atcom Technologies Limited","EQ","Agm","10","25-Mar-2004","-","27-Mar-2004","29-Mar-2004"
"SQRDSFWARE","DSQ Software Limited","EQ","Agm","10","26-Mar-2004","-","30-Mar-2004","05-Apr-2004"
"PHARMACIA","Pharmacia Healthcare Limited","EQ","Agm","5","20-Apr-2004","-","22-Apr-2004","29-Apr-2004"
"SHAMKNFAB","Shamken Multifab Limited","EQ","Agm","10","29-Apr-2004","-","03-May-2004","10-May-2004"
"VISAKAIND","Visaka Industries Limited","EQ","Dividend-25%             Purpose Revised","2","28-May-2004","-","01-Jun-2004","04-Jun-2004"
"HINDSPG","Hindoostan Spinning and Weaving Mills Limited","EQ","Agm","10","02-Jun-2004","-","04-Jun-2004","16-Jun-2004"
"GUJCYPROM","Gujarat Cypromet Limited","EQ","Agm","10","03-Jun-2004","-","10-Jun-2004","15-Jun-2004"
"FINCABLES","Finolex Cables Limited","EQ","Agm/Dividend-40%","2","07-Jun-2004","-","09-Jun-2004","18-Jun-2004"
"SQUAREDBIO","Origin Agrostar Limited","EQ","Agm","10","09-Jun-2004","-","11-Jun-2004","18-Jun-2004"
"INDGYPSUM","India Gypsum Limited","EQ","Agm","10","24-Jun-2004","-","28-Jun-2004","05-Jul-2004"
"BGFL","Birla Global Finance Limited","EQ","Agm / Dividend-10%","10","25-Jun-2004","-","29-Jun-2004","12-Jul-2004"
"COCHINREFN","Kochi Refineries Limited","EQ","Agm/Dividend-120%","10","28-Jun-2004","-","01-Jul-2004","14-Jul-2004"
"ITCHOTEL","ITC Hotels Limited","EQ","Dividend-20%","10","28-Jun-2004","-","01-Jul-2004","14-Jul-2004"
"CLARIANT","Clariant (India) Limited","EQ","Agm / Dividend-60%       Purpose Revised","10","05-Jul-2004","-","07-Jul-2004","28-Jul-2004"
"CIPL","Central India Polysters Limited","EQ","Agm","10","08-Jul-2004","-","12-Jul-2004","16-Jul-2004"
"E-SERVEINT","e-Serve International Limited","EQ","Agm/Dividend-50%","10","08-Jul-2004","-","10-Jul-2004","17-Jul-2004"
"GEORGWILIM","Williamson Tea Assam Limited","EQ","Agm / Dividend-40%","10","19-Jul-2004","-","21-Jul-2004","30-Jul-2004"
"TORRENTAEC","Torrent Power AEC Limited","EQ","Dividend-21%","10","20-Jul-2004","-","22-Jul-2004","30-Jul-2004"
"TATAINFOTE","Tata Infotech Limited","EQ","Agm/Dividend-100%","10","21-Jul-2004","-","23-Jul-2004","29-Jul-2004"
"SURYCOTMIL","Suryalakshmi Cotton Mills Limited","EQ","Dividend-25%/Agm","10","21-Jul-2004","-","23-Jul-2004","30-Jul-2004"
"SOMANICEM","Somani Cement Company Limited","EQ","Agm","10","26-Jul-2004","-","31-Jul-2004","03-Aug-2004"
"IGFLFERT","Indo Gulf Fertilisers Limited","EQ","Dividend-28%","10","28-Jul-2004","-","30-Jul-2004","10-Aug-2004"
"MARDIACHEM","Mardia Chemicals Limited","EQ","Agm","10","29-Jul-2004","-","02-Aug-2004","05-Aug-2004"
"UNIWESTBNK","United Western Bank Limited","EQ","Agm / Dividend-5%        Purpose Revised","10","29-Jul-2004","-","02-Aug-2004","09-Aug-2004"
"ESSARGUJ","Essar Steel Limited","EQ","Agm","10","04-Aug-2004","-","06-Aug-2004","07-Aug-2004"
"VARDHMNSPG","Vardhman Spinning & General Mills Limited","EQ","Agm/Dividend-42%","10","11-Aug-2004","-","13-Aug-2004","28-Aug-2004"
"MUNJALAUTO","Munjal Auto Industries Limited","EQ","Agm/Dividend-30%","10","12-Aug-2004","-","16-Aug-2004","20-Aug-2004"
"UNIONCARBI","Eveready Industries Limited","EQ","Agm","10","12-Aug-2004","-","16-Aug-2004","26-Aug-2004"
"CHAMPDANY","The Champdany Industries Limited","EQ","Agm/Dividend-25%","10","13-Aug-2004","-","17-Aug-2004","30-Aug-2004"
"TATAVASHIS","Vashisti Detergents Limited","EQ","Agm","10","18-Aug-2004","-","21-Aug-2004","28-Aug-2004"
"WIMCO","Wimco Limited","EQ","Agm","10","24-Aug-2004","-","26-Aug-2004","02-Sep-2004"
"SUNDRMBRAK","Sundaram Brake Linings Limited","EQ","Agm","10","25-Aug-2004","-","27-Aug-2004","01-Sep-2004"
"IDBIBANK","IDBI Bank Limited","EQ","Agm/Dividend-12.5%","10","26-Aug-2004","-","30-Aug-2004","02-Sep-2004"
"TATAFIN","Tata Finance Limited","EQ","Agm","10","26-Aug-2004","-","30-Aug-2004","03-Sep-2004"
"BPLSANTECH","BST Limited","EQ","Agm","10","30-Aug-2004","-","01-Sep-2004","14-Sep-2004"
"SHRIRAMINV","Shriram Investments Limited","EQ","Agm/Dividend-12%","10","30-Aug-2004","-","01-Sep-2004","08-Sep-2004"
"NIPPONDENR","Ispat Industries Limited","EQ","Agm","10","30-Aug-2004","-","01-Sep-2004","13-Sep-2004"
"KOTHARISUG","Kothari Sugars & Chemicals Limited","EQ","Agm","10","30-Aug-2004","-","01-Sep-2004","07-Sep-2004"
"FSS","Flextronics Software Systems Limited","EQ","Agm /  Dividend -50%","5","08-Sep-2004","-","10-Sep-2004","21-Sep-2004"
"TORRENTSEC","Torrent Power SEC Limited","EQ","Dividend-33%","10","08-Sep-2004","-","10-Sep-2004","24-Sep-2004"
"BANKPUNJAB","Bank of Punjab Limited","EQ","Dividend -5%","10","13-Sep-2004","-","15-Sep-2004","20-Sep-2004"
"MANALIPET","Manali Petrochemicals Limited","EQ","Agm","10","14-Sep-2004","-","16-Sep-2004","25-Sep-2004"
"JINDALFOTO","Jindal Photo Limited","EQ","Agm/Dividend-10%         Purpose Revised","10","14-Sep-2004","-","16-Sep-2004","21-Sep-2004"
"NARMADASUG","Girdharilal Sugar and Allied Industries Limited","EQ","Agm","10","16-Sep-2004","-","23-Sep-2004","29-Sep-2004"
"WELSPUNGUJ","Welspun Gujarat Stahl Rohren Limited","EQ","Agm","10","16-Sep-2004","-","20-Sep-2004","30-Sep-2004"
"SHYAMTELE","Shyam Telecom Limited","EQ","Agm","10","17-Sep-2004","-","21-Sep-2004","27-Sep-2004"
"DATTMEDI","Datt Mediproducts Limited","EQ","Agm","10","17-Sep-2004","-","24-Sep-2004","29-Sep-2004"
"AUTORIDFIN","Autoriders Finance Limited","EQ","Agm","10","17-Sep-2004","-","21-Sep-2004","30-Sep-2004"
"SIVIND","SIV Industries Limited","EQ","Agm","10","20-Sep-2004","-","22-Sep-2004","29-Sep-2004"
"PENTSFWARE","Pentamedia Graphics Limited","EQ","Agm","10","21-Sep-2004","-","23-Sep-2004","29-Sep-2004"
"ABGHEAVY","ABG Heavy Industries Limited","EQ","Agm/Dividend-10%","10","21-Sep-2004","-","23-Sep-2004","30-Sep-2004"
"GUJCYPROM","Gujarat Cypromet Limited","EQ","Agm","10","21-Sep-2004","-","28-Sep-2004","30-Sep-2004"
"KREBSBIO","Krebs Biochemicals and Industries Limited","EQ","Dividend-80%","10","21-Sep-2004","-","23-Sep-2004","30-Sep-2004"
"ATNINT","ATN International Limited","EQ","Agm","10","22-Sep-2004","-","24-Sep-2004","28-Sep-2004"
"RINKIPETRO","Motorol Enterprises Limited","EQ","Agm","10","22-Sep-2004","-","29-Sep-2004","30-Sep-2004"
"NAHARINTL","Nahar International Limited","EQ","Agm","10","23-Sep-2004","-","25-Sep-2004","30-Sep-2004"
"ADITYAINTL","Aditya International Limited","EQ","Agm","10","23-Sep-2004","-","25-Sep-2004","28-Sep-2004"
"PRIMESEC","Prime Securities Limited","EQ","Agm","10","18-Oct-2004","-","20-Oct-2004","25-Oct-2004"
"JINDALIRON","Jindal Iron & Steel Company Limited","EQ","Agm","10","09-Nov-2004","-","11-Nov-2004","12-Nov-2004"
"JINDVIJSTL","Jindal Vijayanagar Steel Limited","EQ","Agm                      Bc Dates Revised","10","23-Nov-2004","-","25-Nov-2004","26-Nov-2004"
"PASUPATFAB","Pasupati Fabrics Limited","EQ","Agm","10","23-Nov-2004","-","25-Nov-2004","29-Nov-2004"
"LANESEDA","Lan Eseda Industries Limited","EQ","Agm","10","29-Nov-2004","-","01-Dec-2004","06-Dec-2004"
"VXL","Birla VXL Limited","EQ","Agm","10","02-Dec-2004","-","06-Dec-2004","16-Dec-2004"
"CDRMEDICAL","CDR Medical Industries Limited","EQ","Agm","10","13-Dec-2004","-","18-Dec-2004","22-Dec-2004"
"CAUVERSOFT","Cauvery Software Engineering Systems Limited","EQ","Agm","10","14-Dec-2004","-","16-Dec-2004","21-Dec-2004"
"BANARBEADS","Banaras Beads Limited","EQ","Agm","10","16-Dec-2004","-","23-Dec-2004","30-Dec-2004"
"VISIONLTD","Vision Organics Limited","EQ","Agm","10","16-Dec-2004","-","20-Dec-2004","27-Dec-2004"
"RAMANEWSPR","Rama Newsprint and Papers Limited","EQ","Agm","10","20-Dec-2004","-","22-Dec-2004","28-Dec-2004"
"BHORIND","Bhor Industries Limited","EQ","Agm","10","22-Dec-2004","-","24-Dec-2004","30-Dec-2004"
"SRERAYHIST","Sree Rayalaseema Hi-Strength Hypo Limited","EQ","Agm","10","24-Dec-2004","-","28-Dec-2004","29-Dec-2004"
"NETVISTAIT","Netvista Information Technology Limited","EQ","Agm","10","24-Dec-2004","-","28-Dec-2004","29-Dec-2004"
"GUJNRECOKE","Gujarat NRE Coke Limited","EQ","Agm / Dividend-10%","10","30-Dec-2004","-","01-Jan-2005","08-Jan-2005"
"AMITSPIN","Amit Spinning Industries Limited","EQ","Agm","10","18-Jan-2005","-","20-Jan-2005","03-Feb-2005"
"NEPCTEX","Nepc Textiles Limited","EQ","Agm","10","19-Jan-2005","-","24-Jan-2005","28-Jan-2005"
"AUTOAXLES","Automotive Axles Limited","EQ","Dividend -65%","10","20-Jan-2005","-","25-Jan-2005","27-Jan-2005"
"JKINDUSTRY","J.K.Industries Limited","EQ","Agm/Int Div-Rs2/- Per Sh","10","17-Feb-2005","-","21-Feb-2005","26-Feb-2005"
"THOMASCOOK","Thomas Cook  (India)  Limited","EQ","Agm/Dividend-37.5%","1","22-Feb-2005","-","24-Feb-2005","17-Mar-2005"
"HINDSPG","Hindoostan Spinning and Weaving Mills Limited","EQ","Agm","10","25-Feb-2005","-","01-Mar-2005","09-Mar-2005"
"VATSALTD","Vatsa Corporations Limited","EQ","Agm","1","07-Mar-2005","-","15-Mar-2005","18-Mar-2005"
"DENORA","De Nora India Limited","EQ","Agm / Div - Rs.5/- Per Shpurpose Revised","10","11-Mar-2005","-","15-Mar-2005","17-Mar-2005"
"VDOCONINTL","Videocon International Limited","EQ","Agm/Dividend-10%","10","15-Mar-2005","-","17-Mar-2005","31-Mar-2005"
"LYKALABS","Lyka Labs Limited","EQ","Agm","10","17-Mar-2005","-","21-Mar-2005","31-Mar-2005"
"BLUECOAST","Blue Coast Hotels Limited","EQ","Agm","10","17-Mar-2005","-","21-Mar-2005","28-Mar-2005"
"JDORGO","JD Orgochem Limited","EQ","Agm","10","23-Mar-2005","-","25-Mar-2005","30-Mar-2005"
"ALFALAVAL","Alfa Laval (India) Limited","EQ","Agm/Fin Div-100%","10","11-Apr-2005","-","13-Apr-2005","27-Apr-2005"
"GILLETTE","Gillette India Limited","EQ","Agm/Div.-Rs.8.50 Per Shr","10","13-Apr-2005","-","19-Apr-2005","27-Apr-2005"
"JSWSTEEL","JSW Steel Limited","EQ","Agm/ Dividend-50%","1","29-Apr-2005","-","03-May-2005","06-May-2005"
"ANDHRABANK","Andhra Bank","EQ","Dividend-15%             Purpose Revsied","10","11-May-2005","-","13-May-2005","25-May-2005"
"IPCL","Indian Petrochemicals Corporation Limited","EQ","Dividend-Rs.4.50 Pershare","10","12-May-2005","-","14-May-2005","21-May-2005"
"IOB","Indian Overseas Bank","EQ","Dividend-10%","10","12-May-2005","-","14-May-2005","19-May-2005"
"RELIANCE","Reliance Industries Limited","EQ","Dividend-Rs.7.5/- Per Sh.","10","12-May-2005","-","14-May-2005","21-May-2005"
"NEPCAGRO","NEPC  Agro Foods Limited","EQ","Agm","10","16-May-2005","-","23-May-2005","27-May-2005"
"PUNJABTRAC","Punjab Tractors Limited","EQ","Dividend-55%","10","18-May-2005","-","20-May-2005","25-May-2005"
"SYNDIBANK","Syndicate Bank","EQ","Dividend-14%","10","20-May-2005","-","25-May-2005","27-May-2005"
"CANFINHOME","Can Fin Homes Limited","EQ","Dividend-25%","2","20-May-2005","-","25-May-2005","31-May-2005"
"HCC","Hindustan Construction Company Limited","EQ","Agm/Dividend-Rs.6/ Per Shbc End Date Revised","1","24-May-2005","-","26-May-2005","08-Jun-2005"
"SONATSOFTW","Sonata Software Limited","EQ","Agm/ Dividend-35%","1","25-May-2005","-","27-May-2005","10-Jun-2005"
"IGS","iGate Global Solutions Limited","EQ","Agm/ Dividend-15%","4","25-May-2005","-","27-May-2005","03-Jun-2005"
"J&KBANK","The Jammu & Kashmir Bank Limited","EQ","Agm/ Dividend-80%","1","26-May-2005","-","30-May-2005","08-Jun-2005"
"HDFCBANK","HDFC Bank Limited","EQ","Agm/ Dividend-45%        Purpose Revised","1","26-May-2005","-","28-May-2005","17-Jun-2005"
"ASAL","Automotive Stampings and Assemblies Limited","EQ","Agm/ Dividend-12%","10","27-May-2005","-","31-May-2005","06-Jun-2005"
"APTECHT","Aptech Limited","EQ","Annual Book Closure","10","27-May-2005","-","31-May-2005","10-Jun-2005"
"RELCAPITAL","Reliance Capital Limited","EQ","Dividend-30%","10","30-May-2005","-","01-Jun-2005","10-Jun-2005"
"RELINFRA","Reliance Infrastructure Limited","EQ","Dividend-14%","10","30-May-2005","-","01-Jun-2005","08-Jun-2005"
"RAYMOND","Raymond Limited","EQ","Agm/Dividend-40%","10","30-May-2005","-","01-Jun-2005","16-Jun-2005"
"SANOFI","Sanofi India Limited","EQ","Agm/ Final Dividend -125%","10","31-May-2005","-","02-Jun-2005","22-Jun-2005"
"CHEMPLAST","Chemplast Sanmar Limited","EQ","Agm","1","31-May-2005","-","02-Jun-2005","08-Jun-2005"
"SBIHOMEFIN","SBI Home Finance Limited","EQ","Agm","10","01-Jun-2005","-","03-Jun-2005","08-Jun-2005"
"GRUH","Gruh Finance Limited","EQ","Agm/ Dividend-21%","2","01-Jun-2005","-","03-Jun-2005","14-Jun-2005"
"UCOBANK","UCO Bank","EQ","Agm/Dividend-10%","10","01-Jun-2005","-","03-Jun-2005","10-Jun-2005"
"INFY","Infosys Limited","EQ","Agm/ Dividend-130%","5","01-Jun-2005","-","03-Jun-2005","11-Jun-2005"
"ALBK","Allahabad Bank","EQ","Agm/Egm/Fin Dividend-15%","10","02-Jun-2005","-","04-Jun-2005","15-Jun-2005"
"JBFIND","JBF Industries Limited","EQ","Dividend-Rs.2/- Per Share","10","02-Jun-2005","-","06-Jun-2005","16-Jun-2005"
"BATAINDIA","Bata India Limited","EQ","Agm","5","03-Jun-2005","-","07-Jun-2005","27-Jun-2005"
"TVSMOTOR","TVS Motor Company Limited","EQ","2nd Interim Dividend-60%","1","03-Jun-2005","-","07-Jun-2005","10-Jun-2005"
"NIPPOBATRY","Indo-National Limited","EQ","Agm/Dividend-200%","5","03-Jun-2005","-","07-Jun-2005","15-Jun-2005"
"VARUNSHIP","Varun Shipping Company Limited","EQ","Dividend-20%","10","03-Jun-2005","-","07-Jun-2005","16-Jun-2005"
"TATASTEEL","Tata Steel Limited","EQ","Dividend-130%","1","07-Jun-2005","-","09-Jun-2005","29-Jun-2005"
"PATNI","Patni Computer Systems Limited","EQ","Agm/Dividend-100%","2","07-Jun-2005","-","09-Jun-2005","14-Jun-2005"
"UNIONBANK","Union Bank of India","EQ","Agm/Final Dividend-15%","10","07-Jun-2005","-","09-Jun-2005","16-Jun-2005"
"ADOR","Ador Welding Limited","EQ","Div Fin-30% + Spl-50%","10","09-Jun-2005","-","11-Jun-2005","20-Jun-2005"
"ABIRLANUVO","Aditya Birla Nuvo Limited","EQ","Agm/ Div-Rs.4/- Per Share","10","09-Jun-2005","-","11-Jun-2005","24-Jun-2005"
"BANKRAJAS","The Bank of Rajasthan Limited","EQ","Agm/Dividend-11%","10","09-Jun-2005","-","11-Jun-2005","17-Jun-2005"
"TORNTPHARM","Torrent Pharmaceuticals Limited","EQ","Dividend - Rs.8/- Per Sh","5","09-Jun-2005","-","13-Jun-2005","18-Jun-2005"
"GEOMETRIC","Geometric Limited","EQ","Agm/ Div-Rs.4/-Per Share","2","10-Jun-2005","-","14-Jun-2005","24-Jun-2005"
"GESHIPPING","Great Eastern Shipping Company Limited","EQ","Dividend-Rs.3/- Per Share","10","10-Jun-2005","-","14-Jun-2005","24-Jun-2005"
"WELLWININD","Wellwin Industry Limited","EQ","Agm","10","10-Jun-2005","-","14-Jun-2005","16-Jun-2005"
"CMC","CMC Limited","EQ","Agm /Dividend-45%","10","10-Jun-2005","-","14-Jun-2005","17-Jun-2005"
"KESORAMIND","Kesoram Industries Limited","EQ","Agm/ Div-Rs.2.50 Persharepurpose Revised","10","13-Jun-2005","-","15-Jun-2005","30-Jun-2005"
"STAR","Strides Pharma Science Limited","EQ","Agm/ Dividend-15%        Bc Dates Revised","10","13-Jun-2005","-","15-Jun-2005","22-Jun-2005"
"CENTENKA","Century Enka Limited","EQ","Agm/ Divdend-60%","10","13-Jun-2005","-","15-Jun-2005","22-Jun-2005"
"FINPIPE","Finolex Industries Limited","EQ","Agm/ Dividend-30%","2","13-Jun-2005","-","15-Jun-2005","28-Jun-2005"
"NOVAIRNSTL","Nova Iron & Steel Limited","EQ","Agm","10","14-Jun-2005","-","16-Jun-2005","27-Jun-2005"
"XPROINDIA","Xpro India Limited","EQ","Agm/ Div.-Rs. 2/-Pershare","10","14-Jun-2005","-","16-Jun-2005","24-Jun-2005"
"ISPATPROF","Ispat Profile (I) Limited","EQ","Agm","10","15-Jun-2005","-","17-Jun-2005","23-Jun-2005"
"VIJAYABANK","Vijaya Bank","EQ","Agm","10","15-Jun-2005","-","17-Jun-2005","22-Jun-2005"
"INGERRAND","Ingersoll Rand (India) Limited","EQ","Dividend-30%","10","15-Jun-2005","-","17-Jun-2005","24-Jun-2005"
"RALLIS","Rallis India Limited","EQ","Agm/Dividend-10%","1","15-Jun-2005","-","17-Jun-2005","30-Jun-2005"
"IVC","IL&FS Investment Managers Limited","EQ","Agm/ Dividend-30%","2","16-Jun-2005","-","20-Jun-2005","24-Jun-2005"
"GLFL","Gujarat Lease Financing Limited","EQ","Agm","10","16-Jun-2005","-","18-Jun-2005","25-Jun-2005"
"JAYSREETEA","Jayshree Tea & Industries Limited","EQ","Agm/ Dividend-20%","5","16-Jun-2005","-","20-Jun-2005","29-Jun-2005"
"GAMMONIND","Gammon India Limited","EQ","Dividend-25%","2","17-Jun-2005","-","21-Jun-2005","28-Jun-2005"
"PAREKHPLAT","Parekh Platinum Limited","EQ","Agm","10","17-Jun-2005","-","21-Jun-2005","28-Jun-2005"
"OCL","OCL India Limited","EQ","Dividend-50%","2","17-Jun-2005","-","21-Jun-2005","25-Jun-2005"
"SBIN","State Bank of India","EQ","Dividend-Rs.12.50 Per Sha","1","17-Jun-2005","-","21-Jun-2005","30-Jun-2005"
"CORPBANK","Corporation Bank","EQ","Egm","2","17-Jun-2005","-","21-Jun-2005","23-Jun-2005"
"EVEREADY","Eveready Industries India Limited","EQ","Agm","5","17-Jun-2005","-","21-Jun-2005","28-Jun-2005"
"DATAMATICS","Datamatics Global Services Limited","EQ","Agm/Dividend-25%","5","20-Jun-2005","-","22-Jun-2005","28-Jun-2005"
"BBOX","Black Box Limited","EQ","Agm//Div.-Rs.4.50/- Persh","2","21-Jun-2005","-","23-Jun-2005","15-Jul-2005"
"YOKOGAWA","Yokogawa India Limited","EQ","Agm/Dividend-30%","10","21-Jun-2005","-","23-Jun-2005","30-Jun-2005"
"SRIADIKARI","Sri Adhikari Brothers Television Network Limited","EQ","Agm","2","22-Jun-2005","-","24-Jun-2005","30-Jun-2005"
"ANDHRAPAP","ANDHRA PAPER LIMITED","EQ","Div-25%/Rghts1:1@Prem85/-","2","22-Jun-2005","-","29-Jun-2005","29-Jun-2005"
"LLOYDFIN","Lloyds Finance Limited","EQ","Agm","10","22-Jun-2005","-","24-Jun-2005","30-Jun-2005"
"MAHABANK","Bank of Maharashtra","EQ","Agm/Dividend-14%","10","22-Jun-2005","-","24-Jun-2005","29-Jun-2005"
"ASIANPAINT","Asian Paints Limited","EQ","Agm/Final Dividend-55%","1","22-Jun-2005","-","24-Jun-2005","27-Jun-2005"
"CARBORUNIV","Carborundum Universal Limited","EQ","Agm/ Div-100%/Bonus 1:1","1","23-Jun-2005","-","25-Jun-2005","23-Jul-2005"
"EVERESTIND","Everest Industries Limited","EQ","Agm/ Dividend-50%","10","23-Jun-2005","-","27-Jun-2005","01-Jul-2005"
"TMPV","Tata Motors Passenger Vehicles Limited","EQ","Div Fin-100% + Spl-25%","2","23-Jun-2005","-","27-Jun-2005","11-Jul-2005"
"ASHIMASYN","Ashima Limited","EQ","Agm","10","23-Jun-2005","-","25-Jun-2005","29-Jun-2005"
"ELECTCAST","Electrosteel Castings Limited","EQ","Dividend-125%","1","23-Jun-2005","-","27-Jun-2005","04-Jul-2005"
"BOSCH-HCIL","BOSCH HOME COMFORT INDIA LIMITED","EQ","Agm","10","23-Jun-2005","-","27-Jun-2005","30-Jun-2005"
"HAVELLS","Havells India Limited","EQ","Dividend-50%","1","24-Jun-2005","-","28-Jun-2005","05-Jul-2005"
"PEL","Piramal Enterprises Limited","EQ","Div150%/Rght1:10 Pr-Rs173","2","24-Jun-2005","-","01-Jul-2005","07-Jul-2005"
"BHAGYNAGAR","Bhagyanagar India Limited","EQ","Agm/Dividend-25%","2","27-Jun-2005","-","29-Jun-2005","01-Jul-2005"
"SURANAT&P","Surana Telecom and Power Limited","EQ","Agm/Dividend-20%","1","27-Jun-2005","-","29-Jun-2005","01-Jul-2005"
"MPSLTD","MPS Limited","EQ","Dividend-45%","10","28-Jun-2005","-","30-Jun-2005","04-Jul-2005"
"BAJAJHLDNG","Bajaj Holdings & Investment Limited","EQ","Agm/Div - Rs.25/- Per Sh","10","29-Jun-2005","-","01-Jul-2005","16-Jul-2005"
"GRASIM","Grasim Industries Limited","EQ","Dividend-Rs.16 Per Share","2","29-Jun-2005","-","01-Jul-2005","09-Jul-2005"
"M&M","Mahindra & Mahindra Limited","EQ","Agm/Div-(Fin-100%+Sp-30%)","5","29-Jun-2005","-","01-Jul-2005","28-Jul-2005"
"COROMANDEL","Coromandel International Limited","EQ","Dividend-75%","1","29-Jun-2005","-","01-Jul-2005","20-Jul-2005"
"SRF","SRF Limited","EQ","Agm/Dividend-25%","10","29-Jun-2005","-","01-Jul-2005","14-Jul-2005"
"ORIENTBANK","Oriental Bank of Commerce","EQ","Agm/Dividend-30%","10","29-Jun-2005","-","01-Jul-2005","07-Jul-2005"
"WIPRO","Wipro Limited","EQ","Agm/ Dividend-Rs.5 Per Sh","2","29-Jun-2005","-","01-Jul-2005","11-Jul-2005"
"TATASTLLP","Tata Steel Long Products Limited","EQ","Agm/Dividend-70%","10","29-Jun-2005","-","01-Jul-2005","12-Jul-2005"
"TATACHEM","Tata Chemicals Limited","EQ","Agm/Div.Rs.6.50 Per Share","10","29-Jun-2005","-","01-Jul-2005","21-Jul-2005"
"INDORAMA","Indo Rama Synthetics (India) Limited","EQ","Agm/Final Dividend-30%","10","29-Jun-2005","-","01-Jul-2005","15-Jul-2005"
"JTEKTINDIA","Jtekt India Limited","EQ","Agm/ Dividend-50%","1","29-Jun-2005","-","01-Jul-2005","19-Jul-2005"
"APOLLOTYRE","Apollo Tyres Limited","EQ","Agm/Div-Rs.4.5/- Per Sh.","1","29-Jun-2005","-","01-Jul-2005","22-Jul-2005"
"DENABANK","Dena Bank","EQ","Agm","10","29-Jun-2005","-","01-Jul-2005","08-Jul-2005"
"GODAVRFERT","Godavari Fertilisers And Chemicals Limited","EQ","Dividend-10%","10","29-Jun-2005","-","01-Jul-2005","19-Jul-2005"
"INDORAMTEX","Indo Rama Textiles Limited","EQ","Agm/ Dividend-20%","10","29-Jun-2005","-","01-Jul-2005","15-Jul-2005"
"MAHSCOOTER","Maharashtra Scooters Limited","EQ","Agm/Dividend-25%","10","29-Jun-2005","-","01-Jul-2005","15-Jul-2005"
"SHANTIGEAR","Shanthi Gears Limited","EQ","Agm/Dividend-50%","1","29-Jun-2005","-","01-Jul-2005","11-Jul-2005"
"BAJFINANCE","Bajaj Finance Limited","EQ","Agm/Dividend-75%","1","29-Jun-2005","-","01-Jul-2005","15-Jul-2005"
"DABUR","Dabur India Limited","EQ","Agm/Dividend-150%","1","29-Jun-2005","-","01-Jul-2005","15-Jul-2005"
"ATUL","Atul Limited","EQ","Agm/Div.-Rs.2/- Per Share","10","29-Jun-2005","-","01-Jul-2005","05-Jul-2005"
"NUCLEUS","Nucleus Software Exports Limited","EQ","Agm/ Div.-Rs.2.50/-Persh.","10","29-Jun-2005","-","01-Jul-2005","08-Jul-2005"
"SAMTEL","Samtel Color Limited","EQ","Dividend-25%","10","29-Jun-2005","-","01-Jul-2005","08-Jul-2005"
"PETRONET","Petronet LNG Limited","EQ","Agm","10","29-Jun-2005","-","01-Jul-2005","26-Jul-2005"
"JBCHEPHARM","JB Chemicals & Pharmaceuticals Limited","EQ","Fin Div-Rs.1.40/- Per Sh","1","29-Jun-2005","-","04-Jul-2005","14-Jul-2005"
"SUPERSPIN","Super Spinning Mills Limited","EQ","Agm/Dividend-40%","1","29-Jun-2005","-","01-Jul-2005","29-Jul-2005"
"BIOCON","Biocon Limited","EQ","Dividend-40%","5","29-Jun-2005","-","01-Jul-2005","20-Jul-2005"
"HDFC","Housing Development Finance Corporation Limited","EQ","Agm/ Div.-Rs.17/- Per Sh.","2","29-Jun-2005","-","01-Jul-2005","15-Jul-2005"
"HERITGFOOD","Heritage Foods Limited","EQ","Agm/Dividend-30%","5","29-Jun-2005","-","01-Jul-2005","08-Jul-2005"
"HINDALCO","Hindalco Industries Limited","EQ","Dividend-Rs.20 Per Share","1","29-Jun-2005","-","01-Jul-2005","12-Jul-2005"
"KIRLOSOIL","Kirloskar Oil Engines Limited","EQ","Agm/Final Dividend-75%","2","30-Jun-2005","-","05-Jul-2005","15-Jul-2005"
"3IINFOTECH","3i Infotech Limited","EQ","Agm/Div.-Re.1/- Per Share","10","30-Jun-2005","-","05-Jul-2005","22-Jul-2005"
"TRIDENT","Trident Limited","EQ","Agm","1","30-Jun-2005","-","05-Jul-2005","09-Jul-2005"
"DEEPAKFERT","Deepak Fertilizers and Petrochemicals Corporation Limited","EQ","Agm/Div-(Fin-25%+Sp-5%)","10","30-Jun-2005","-","05-Jul-2005","19-Jul-2005"
"MARICO","Marico Limited","EQ","Agm","1","30-Jun-2005","-","05-Jul-2005","07-Jul-2005"
"BANKINDIA","Bank of India","EQ","Agm/Dividend-10%","10","30-Jun-2005","-","05-Jul-2005","11-Jul-2005"
"GABRIEL","Gabriel India Limited","EQ","Agm/Div.-Rs.4.5 Per Sh.","1","30-Jun-2005","-","05-Jul-2005","19-Jul-2005"
"PHILCORP","PHIL Corporation Limited","EQ","Agm","10","04-Jul-2005","-","06-Jul-2005","16-Jul-2005"
"INDHOTEL","The Indian Hotels Company Limited","EQ","Dividend-100%","1","05-Jul-2005","-","07-Jul-2005","22-Jul-2005"
"ABREL","Aditya Birla Real Estate Limited","EQ","Agm / Dividend-25%","10","05-Jul-2005","-","07-Jul-2005","26-Jul-2005"
"TCS","Tata Consultancy Services Limited","EQ","Agm/Dividend-500%","1","06-Jul-2005","-","08-Jul-2005","19-Jul-2005"
"BOMDYEING","Bombay Dyeing & Mfg Company Limited","EQ","Dividend-Rs. 4/-Per Share","2","06-Jul-2005","-","08-Jul-2005","29-Jul-2005"
"SWARAJENG","Swaraj Engines Limited","EQ","Agm/Dividend-225%","10","06-Jul-2005","-","08-Jul-2005","15-Jul-2005"
"KARURVYSYA","Karur Vysya Bank Limited","EQ","Agm/Dividend-100%","2","07-Jul-2005","-","11-Jul-2005","21-Jul-2005"
"TODAYS","Todays Writing Instruments Limited","EQ","Agm/Dividend-15%","10","07-Jul-2005","-","11-Jul-2005","13-Jul-2005"
"CGPOWER","CG Power and Industrial Solutions Limited","EQ","Agm","2","07-Jul-2005","-","09-Jul-2005","22-Jul-2005"
"KTKBANK","The Karnataka Bank Limited","EQ","Agm/Dividend-20%","10","07-Jul-2005","-","09-Jul-2005","15-Jul-2005"
"DRREDDY","Dr. Reddy's Laboratories Limited","EQ","Dividend-Rs.5/- Per Share","1","07-Jul-2005","-","11-Jul-2005","15-Jul-2005"
"TATAMETALI","Tata Metaliks Limited","EQ","Agm/ Dividend-60%","10","07-Jul-2005","-","09-Jul-2005","26-Jul-2005"
"ASHOKLEY","Ashok Leyland Limited","EQ","Agm/Dividend-100%","1","07-Jul-2005","-","09-Jul-2005","26-Jul-2005"
"JINDALSTEL","JINDAL STEEL LIMITED","EQ","Dividend-200%","1","07-Jul-2005","-","11-Jul-2005","15-Jul-2005"
"RSSOFTWARE","R. S. Software (India) Limited","EQ","Agm","5","07-Jul-2005","-","11-Jul-2005","19-Jul-2005"
"SALORAINTL","Salora International Limited","EQ","Agm/Dividend-25%","10","08-Jul-2005","-","12-Jul-2005","18-Jul-2005"
"OPTOCIRCUI","Opto Circuits (India) Limited","EQ","Agm/Dividend-35%","10","08-Jul-2005","-","12-Jul-2005","15-Jul-2005"
"MUKANDLTD","Mukand Limited","EQ","Agm","10","08-Jul-2005","-","12-Jul-2005","30-Jul-2005"
"BBTC","The Bombay Burmah Trading Corporation Limited","EQ","Agm/Dividend-20%","2","08-Jul-2005","-","12-Jul-2005","26-Jul-2005"
"EIHOTEL","EIH Limited","EQ","Agm/Dividend-40%","2","08-Jul-2005","-","12-Jul-2005","27-Jul-2005"
"TATAELXSI","Tata Elxsi Limited","EQ","Agm/Dividend-55%","10","08-Jul-2005","-","12-Jul-2005","22-Jul-2005"
"FKONCO","Fresenius Kabi Oncology Limited","EQ","Dividend-10%","1","08-Jul-2005","-","12-Jul-2005","18-Jul-2005"
"BRITANNIA","Britannia Industries Limited","EQ","Agm/Div.Rs.14/- Per Share","1","08-Jul-2005","-","12-Jul-2005","20-Jul-2005"
"TATAINVEST","Tata Investment Corporation Limited","EQ","Dividend-120%","1","08-Jul-2005","-","12-Jul-2005","22-Jul-2005"
"JSWDULUX","JSW Dulux Limited","EQ","Agm/Dividend-55%         Purpose Revised","10","08-Jul-2005","-","12-Jul-2005","05-Aug-2005"
"BELCERAMIC","Bell Ceramics Limited","EQ","Agm","10","08-Jul-2005","-","12-Jul-2005","16-Jul-2005"
"POLARIS","POLARIS CONSULTING & SERVICES LIMITED","EQ","Dividend-35%","5","08-Jul-2005","-","12-Jul-2005","22-Jul-2005"
"LIBERTSHOE","Liberty Shoes Limited","EQ","Agm/Dividend @ 60%","10","08-Jul-2005","-","12-Jul-2005","15-Jul-2005"
"VINDHYATEL","Vindhya Telelinks Limited","EQ","Agm","10","11-Jul-2005","-","13-Jul-2005","19-Jul-2005"
"ZENSARTECH","Zensar Technologies Limited","EQ","Agm/Dividend-23%","2","11-Jul-2005","-","13-Jul-2005","23-Jul-2005"
"BIRLACABLE","Birla Cable Limited","EQ","Agm","10","11-Jul-2005","-","13-Jul-2005","19-Jul-2005"
"BLUESTARCO","Blue Star Limited","EQ","Agm/Div-Rs.10/- Per Share","2","11-Jul-2005","-","13-Jul-2005","20-Jul-2005"
"BERGEPAINT","Berger Paints (I) Limited","EQ","Agm/Dividend-35%","1","11-Jul-2005","-","13-Jul-2005","27-Jul-2005"
"CYIENT","Cyient Limited","EQ","Dividend-15%","5","11-Jul-2005","-","13-Jul-2005","21-Jul-2005"
"JSWHL","JSW Holdings Limited","EQ","Agm","10","11-Jul-2005","-","13-Jul-2005","20-Jul-2005"
"BALRAMCHIN","Balrampur Chini Mills Limited","EQ","Agm/Dividend-160%","1","11-Jul-2005","-","13-Jul-2005","22-Jul-2005"
"VEDL","Vedanta Limited","EQ","Dividend-200%","1","11-Jul-2005","-","13-Jul-2005","15-Jul-2005"
"TRANSWORLD","TRANSWORLD SHIPPING LINES LIMITED","EQ","Agm/Dividend-13%","10","12-Jul-2005","-","14-Jul-2005","21-Jul-2005"
"TATAPOWER","Tata Power Company Limited","EQ","Agm/Dividend-75%","1","12-Jul-2005","-","14-Jul-2005","04-Aug-2005"
"SESHAPAPER","Seshasayee Paper and Boards Limited","EQ","Dividend-18%","2","12-Jul-2005","-","14-Jul-2005","30-Jul-2005"
"SREINFRA","SREI Infrastructure Finance Limited","EQ","Dividend-15%","10","12-Jul-2005","-","14-Jul-2005","22-Jul-2005"
"LUMAXAUTO","Lumax Automotive Systems Limited","EQ","Agm/Dividend-12%","10","12-Jul-2005","-","14-Jul-2005","01-Aug-2005"
"WINSOMEDJ","Winsome Diamonds and Jewellery Limited","EQ","Agm/Dividend-12%","10","12-Jul-2005","-","14-Jul-2005","23-Jul-2005"
"BLUESTINFO","Blue Star Infotech Limited","EQ","Agm/Div.-Rs.5/- Per Share","10","13-Jul-2005","-","15-Jul-2005","25-Jul-2005"
"RCF","Rashtriya Chemicals and Fertilizers Limited","EQ","Dividend-14%","10","13-Jul-2005","-","15-Jul-2005","26-Jul-2005"
"BSOFT","BIRLASOFT LIMITED","EQ","Agm/Dividend-35%","2","13-Jul-2005","-","15-Jul-2005","19-Jul-2005"
"ORCHIDPHAR","Orchid Pharma Limited","EQ","Agm/Dividend-40%","10","13-Jul-2005","-","15-Jul-2005","18-Jul-2005"
"NEXTMEDIA","Next Mediaworks Limited","EQ","Agm","10","13-Jul-2005","-","15-Jul-2005","18-Jul-2005"
"TUBEINVEST","Tube Investments of India Limited","EQ","Agm/Dividend-70%","2","13-Jul-2005","-","15-Jul-2005","29-Jul-2005"
"ELGIEQUIP","Elgi Equipments Limited","EQ","Dividend-60%","1","13-Jul-2005","-","15-Jul-2005","23-Jul-2005"
"SUNDRMBRAK","Sundaram Brake Linings Limited","EQ","Agm","10","13-Jul-2005","-","15-Jul-2005","21-Jul-2005"
"PAVCI","Panasonic AVC Networks India Company Limited.","EQ","Agm","10","13-Jul-2005","-","15-Jul-2005","28-Jul-2005"
"VISAKAIND","Visaka Industries Limited","EQ","Agm/Dividend-20%","2","13-Jul-2005","-","15-Jul-2005","16-Jul-2005"
"AZTECSOFT","Aztecsoft Limited","EQ","Agm/Dividend-10%","3","13-Jul-2005","-","15-Jul-2005","29-Jul-2005"
"SHASUNPHAR","Shasun Pharmaceuticals Limited","EQ","Agm/Div-Rs.7.5 Per Share","2","13-Jul-2005","-","15-Jul-2005","23-Jul-2005"
"KPIL","Kalpataru Projects International Limited","EQ","Agm/Dividend-50%","2","13-Jul-2005","-","15-Jul-2005","30-Jul-2005"
"SUNDARMFIN","Sundaram Finance Limited","EQ","Agm/Dividend-15%","10","13-Jul-2005","-","15-Jul-2005","28-Jul-2005"
"LINDEINDIA","Linde India Limited","EQ","Agm/ Dividend-15%","10","13-Jul-2005","-","15-Jul-2005","25-Jul-2005"
"EIDPARRY","EID Parry India Limited","EQ","Agm/Dividend-125%","1","14-Jul-2005","-","16-Jul-2005","23-Jul-2005"
"SUDARSCHEM","Sudarshan Chemical Industries Limited","EQ","Dividend-30%","2","14-Jul-2005","-","21-Jul-2005","30-Jul-2005"
"THERMAX","Thermax Limited","EQ","Agm/ Dividend-120%","2","14-Jul-2005","-","16-Jul-2005","26-Jul-2005"
"CREWBOS","Crew B.O.S. Products Limited","EQ","Agm/Dividend-10%         Bc Revised","10","14-Jul-2005","-","16-Jul-2005","20-Jul-2005"
"KANORICHEM","Kanoria Chemicals & Industries Limited","EQ","Agm/Dividend-30%","5","14-Jul-2005","-","16-Jul-2005","28-Jul-2005"
"CESC","CESC Limited","EQ","Agm/Dividend-25%","1","14-Jul-2005","-","18-Jul-2005","29-Jul-2005"
"ASTRAMICRO","Astra Microwave Products Limited","EQ","Agm/Div-Rs.5/- Per Share","2","14-Jul-2005","-","18-Jul-2005","25-Jul-2005"
"PONNIERODE","Ponni Sugars (Erode) Limited","EQ","Agm/Dividend-10%","10","14-Jul-2005","-","16-Jul-2005","22-Jul-2005"
"USHAMART","Usha Martin Limited","EQ","Agm/Dividend-30%","1","14-Jul-2005","-","18-Jul-2005","27-Jul-2005"
"RANEBRAKE","Rane Brake Linings Limited","EQ","Dividend-30%","10","14-Jul-2005","-","16-Jul-2005","22-Jul-2005"
"SANGAMIND","Sangam (India) Limited","EQ","Agm/Dividend-11%","10","14-Jul-2005","-","16-Jul-2005","26-Jul-2005"
"PATSPINLTD","Patspin India Limited","EQ","Agm/Dividend-6%","10","14-Jul-2005","-","18-Jul-2005","29-Jul-2005"
"VISHALEXPO","Vishal Exports Overseas Limited","EQ","Agm/Dividend-40%","1","14-Jul-2005","-","18-Jul-2005","25-Jul-2005"
"CLARIANT","Clariant (India) Limited","EQ","Dividend-60%","10","14-Jul-2005","-","18-Jul-2005","27-Jul-2005"
"BEPL","Bhansali Engineering Polymers Limited","EQ","Agm/Dividend-10%","1","14-Jul-2005","-","16-Jul-2005","23-Jul-2005"
"UNICHEMLAB","Unichem Laboratories Limited","EQ","Agm/Dividend-70%","2","14-Jul-2005","-","18-Jul-2005","22-Jul-2005"
"PRAJIND","Praj Industries Limited","EQ","Agm","2","14-Jul-2005","-","18-Jul-2005","23-Jul-2005"
"RANEHOLDIN","Rane Holdings Limited","EQ","Dividend-25%","10","14-Jul-2005","-","16-Jul-2005","20-Jul-2005"
"IVP","IVP Limited","EQ","Dividend-Rs.2.20per Share","10","14-Jul-2005","-","18-Jul-2005","23-Jul-2005"
"SATYAMCOMP","Satyam Computer Services Limited","EQ","Agm/ Dividend-150%","2","14-Jul-2005","-","18-Jul-2005","22-Jul-2005"
"PCBL","PCBL Chemical Limited","EQ","Agm/Dividend-15%","1","14-Jul-2005","-","18-Jul-2005","29-Jul-2005"
"ZYDUSLIFE","Zydus Lifesciences Limited","EQ","Agm/ Dividend-120%","1","14-Jul-2005","-","18-Jul-2005","26-Jul-2005"
"BIRLANU","BirlaNu Limited","EQ","Agm/Dividend-25%","10","14-Jul-2005","-","16-Jul-2005","29-Jul-2005"
"LMW","LMW Limited","EQ","Agm/Div-Rs.150/- Per Sh","10","14-Jul-2005","-","16-Jul-2005","25-Jul-2005"
"MAHINDUGIN","Mahindra Ugine Steel Company Limited","EQ","Agm/Div-Rs.3/- Per Sh.","10","14-Jul-2005","-","16-Jul-2005","29-Jul-2005"
"PHOENIXLL","Phoenix Lamps Limited","EQ","Agm/ Dividend-15%","10","14-Jul-2005","-","16-Jul-2005","28-Jul-2005"
"GRAPHITE","Graphite India Limited","EQ","Agm/Dividend-45%         Bc Dates Revised","2","14-Jul-2005","-","18-Jul-2005","28-Jul-2005"
"REVL","Rane Engine Valves Limited","EQ","Dividend-30%","10","14-Jul-2005","-","16-Jul-2005","23-Jul-2005"
"KANSAINER","Kansai Nerolac Paints Limited","EQ","Agm/Dividend-115%","1","15-Jul-2005","-","19-Jul-2005","28-Jul-2005"
"ETCNET","ETC Networks Limited","EQ","Agm/Dividend-10%","10","15-Jul-2005","-","19-Jul-2005","22-Jul-2005"
"TIL","TIL Limited","EQ","Agm/ Dividend-12.5%","10","15-Jul-2005","-","19-Jul-2005","20-Jul-2005"
"KOTAKBANK","Kotak Mahindra Bank Limited","EQ","Agm/Dividend-12.5%","1","15-Jul-2005","-","19-Jul-2005","26-Jul-2005"
"NIITLTD","NIIT Limited","EQ","Agm/Div-Rs.5.5/-Per Share","2","15-Jul-2005","-","19-Jul-2005","22-Jul-2005"
"LUPIN","Lupin Limited","EQ","Agm/Dividend-65%","2","15-Jul-2005","-","19-Jul-2005","20-Jul-2005"
"EXCELINDUS","Excel Industries Limited","EQ","Agm/Dividend-10%","5","15-Jul-2005","-","19-Jul-2005","29-Jul-2005"
"TORRENTSEC","Torrent Power SEC Limited","EQ","Dividend-36%","10","15-Jul-2005","-","19-Jul-2005","29-Jul-2005"
"GODREJIND","Godrej Industries Limited","EQ","Dividend-Rs.4/- Per Share","1","15-Jul-2005","-","19-Jul-2005","26-Jul-2005"
"DHFL","Dewan Housing Finance Corporation Limited","EQ","Dividend-20%","10","15-Jul-2005","-","19-Jul-2005","25-Jul-2005"
"ORIENTHOT","Oriental Hotels Limited","EQ","Agm/Dividend-55%","1","15-Jul-2005","-","19-Jul-2005","26-Jul-2005"
"COFORGE","Coforge Limited","EQ","Agm/Div-Rs.5.5/-Per Share","2","15-Jul-2005","-","19-Jul-2005","22-Jul-2005"
"NAVA","NAVA LIMITED","EQ","Agm/Dividend-100%","1","15-Jul-2005","-","19-Jul-2005","27-Jul-2005"
"GVPIL","GE Power India Limited","EQ","Agm/ Div.-Rs.5.50/-Per Sh","10","15-Jul-2005","-","19-Jul-2005","30-Jul-2005"
"CUMMINSIND","Cummins India Limited","EQ","Agm/Dividend-100%","2","15-Jul-2005","-","19-Jul-2005","22-Jul-2005"
"COMPUTECH","Computech International Limited","EQ","Agm","5","15-Jul-2005","-","19-Jul-2005","26-Jul-2005"
"PRICOL","Pricol Limited","EQ","Agm/Dividend-100%","1","18-Jul-2005","-","20-Jul-2005","05-Aug-2005"
"ITC","ITC Limited","EQ","Agm/Div.Rs.31/- Per Share","1","18-Jul-2005","-","20-Jul-2005","29-Jul-2005"
"PAEL","PAE Limited","EQ","Agm","10","18-Jul-2005","-","20-Jul-2005","30-Jul-2005"
"SKUMARSYNF","S. Kumars Nationwide Limited","EQ","Agm","10","18-Jul-2005","-","20-Jul-2005","21-Jul-2005"
"HONDAPOWER","Honda India Power Products Limited","EQ","Agm/Dividend-30%","10","18-Jul-2005","-","20-Jul-2005","26-Jul-2005"
"TEXINFRA","Texmaco Infrastructure & Holdings Limited","EQ","Agm/Dividend-20%","1","18-Jul-2005","-","20-Jul-2005","26-Jul-2005"
"EXCELCROP","Excel Crop Care Limited","EQ","Agm/Dividend-75%         Purpose Revised","5","18-Jul-2005","-","20-Jul-2005","27-Jul-2005"
"PREMIER","Premier Limited","EQ","Agm/Dividend-15%","10","18-Jul-2005","-","20-Jul-2005","29-Jul-2005"
"PEARLPOLY","Pearl Polymers Limited","EQ","Agm","10","18-Jul-2005","-","20-Jul-2005","28-Jul-2005"
"DCMSHRIRAM","DCM Shriram Limited","EQ","Agm/Dividend-55%","2","18-Jul-2005","-","20-Jul-2005","26-Jul-2005"
"CHOLAFIN","Cholamandalam Investment and Finance Company Limited","EQ","Agm/Dividend-50%","2","18-Jul-2005","-","20-Jul-2005","26-Jul-2005"
"APCOTEXIND","Apcotex Industries Limited","EQ","Dividend-18%","2","19-Jul-2005","-","21-Jul-2005","28-Jul-2005"
"GEORGWILIM","Williamson Tea Assam Limited","EQ","Agm/Dividend-40%","10","19-Jul-2005","-","21-Jul-2005","29-Jul-2005"
"TTML","Tata Teleservices (Maharashtra) Limited","EQ","Agm","10","19-Jul-2005","-","21-Jul-2005","05-Aug-2005"
"CUB","City Union Bank Limited","EQ","Agm/Dividend-40%","1","19-Jul-2005","-","21-Jul-2005","01-Aug-2005"
"SMARTLINK","Smartlink Holdings Limited","EQ","Dividend-80%","2","20-Jul-2005","-","22-Jul-2005","28-Jul-2005"
"VENKEYS","Venky's (India) Limited","EQ","Agm/Dividend-35%","10","20-Jul-2005","-","22-Jul-2005","28-Jul-2005"
"BHARATFORG","Bharat Forge Limited","EQ","Spl Rs10 To Rs2 /Div-125%","2","20-Jul-2005","-","27-Jul-2005","27-Jul-2005"
"INDIABULLS","Indiabulls Financial Services Limited","EQ","Agm","2","20-Jul-2005","-","22-Jul-2005","26-Jul-2005"
"TORRENTAEC","Torrent Power AEC Limited","EQ","Agm/Dividend-30%","10","20-Jul-2005","-","22-Jul-2005","30-Jul-2005"
"BANKBARODA","Bank of Baroda","EQ","Agm","2","20-Jul-2005","-","22-Jul-2005","29-Jul-2005"
"LOTTEINDIA","Lotte India Corporation Limited","EQ","Agm","10","20-Jul-2005","-","22-Jul-2005","29-Jul-2005"
"PRECWIRE","Precision Wires India Limited","EQ","Agm/Div-Rs.1.9/-Per Share","1","20-Jul-2005","-","22-Jul-2005","28-Jul-2005"
"PEACOCKIND","Peacock Industries Limited","EQ","Agm","10","20-Jul-2005","-","22-Jul-2005","29-Jul-2005"
"TATACOFFEE","Tata Coffee Limited","EQ","Agm/Div-Rs.6.5/-Per Share","1","20-Jul-2005","-","22-Jul-2005","04-Aug-2005"
"ASAHIINDIA","Asahi India Glass Limited","EQ","Agm/Dividend-150%","1","20-Jul-2005","-","22-Jul-2005","26-Jul-2005"
"SUBEX","Subex Limited","EQ","Agm/Dividend-20%","10","20-Jul-2005","-","22-Jul-2005","28-Jul-2005"
"HEROMOTOCO","Hero MotoCorp Limited","EQ","Agm/Dividend-1000%","2","20-Jul-2005","-","22-Jul-2005","27-Jul-2005"
"BHARATGEAR","Bharat Gears Limited","EQ","Agm","10","20-Jul-2005","-","22-Jul-2005","27-Jul-2005"
"EXIDEIND","Exide Industries Limited","EQ","Agm/Dividend-25%","1","21-Jul-2005","-","23-Jul-2005","29-Jul-2005"
"TAJGVK","Taj GVK Hotels & Resorts Limited","EQ","Agm/ Dividend-45%","2","21-Jul-2005","-","23-Jul-2005","28-Jul-2005"
"SIRPAPER","The Sirpur Paper Mills Limited","EQ","Agm/Dividend-50%","10","21-Jul-2005","-","23-Jul-2005","30-Jul-2005"
"NCC","NCC Limited","EQ","Agm/Dividend - 60%","2","21-Jul-2005","-","25-Jul-2005","30-Jul-2005"
"SAREGAMA","Saregama India Limited","EQ","Agm","1","21-Jul-2005","-","25-Jul-2005","03-Aug-2005"
"SAKSOFT","Saksoft Limited","EQ","Agm/Dividend-10%","1","21-Jul-2005","-","25-Jul-2005","28-Jul-2005"
"TCIFINANCE","TCI Finance Limited","EQ","Agm","10","21-Jul-2005","-","23-Jul-2005","26-Jul-2005"
"TATACONSUM","TATA CONSUMER PRODUCTS LIMITED","EQ","Agm/Dividend-100%","1","21-Jul-2005","-","23-Jul-2005","09-Aug-2005"
"SUNDROP","Sundrop Brands Limited","EQ","Agm","10","21-Jul-2005","-","23-Jul-2005","28-Jul-2005"
"ALLDIGI","Alldigi Tech Limited","EQ","Agm","10","21-Jul-2005","-","23-Jul-2005","23-Jul-2005"
"INDIANHUME","Indian Hume Pipe Company Limited","EQ","Agm/Dividend-50%","2","21-Jul-2005","-","25-Jul-2005","29-Jul-2005"
"UTTAMVALUE","Uttam Value Steels Limited","EQ","Agm","10","21-Jul-2005","-","25-Jul-2005","06-Aug-2005"
"POONAWALLA","Poonawalla Fincorp Limited","EQ","Agm/Dividend-15%","2","21-Jul-2005","-","23-Jul-2005","29-Jul-2005"
"PIDILITIND","Pidilite Industries Limited","EQ","Agm/Div-Rs.10/-Per Share","1","22-Jul-2005","-","26-Jul-2005","09-Aug-2005"
"IGARASHI","Igarashi Motors India Limited","EQ","Agm/Dividend-15%","10","22-Jul-2005","-","26-Jul-2005","28-Jul-2005"
"CRESTANI","Crest Animation Studios Limited","EQ","Agm","10","22-Jul-2005","-","26-Jul-2005","29-Jul-2005"
"BASF","BASF India Limited","EQ","Agm/Dividend-60%","10","22-Jul-2005","-","26-Jul-2005","05-Aug-2005"
"VSTIND","VST Industries Limited","EQ","Dividend-12.50 Per Share","10","22-Jul-2005","-","26-Jul-2005","28-Jul-2005"
"IFGLREFRAC","IFGL Refractories Limited","EQ","Agm/ Dividend-15%","10","25-Jul-2005","-","27-Jul-2005","02-Aug-2005"
"GREENPLY","Greenply Industries Limited","EQ","Agm/Dividend-10%","1","25-Jul-2005","-","27-Jul-2005","29-Jul-2005"
"JYOTISTRUC","Jyoti Structures Limited","EQ","Agm/Dividend-12%","2","25-Jul-2005","-","27-Jul-2005","03-Aug-2005"
"SUPRAJIT","Suprajit Engineering Limited","EQ","Agm/Dividend-20%","1","25-Jul-2005","-","27-Jul-2005","28-Jul-2005"
"PEPL","Pearl Engineering Polymers Limited","EQ","Agm","10","25-Jul-2005","-","27-Jul-2005","06-Aug-2005"
"GEOJITFSL","Geojit Financial Services Limited","EQ","Agm/Dividend-20%","1","25-Jul-2005","-","27-Jul-2005","29-Jul-2005"
"BANKPUNJAB","Bank of Punjab Limited","EQ","Agm","10","25-Jul-2005","-","27-Jul-2005","03-Aug-2005"
"CYBERMEDIA","Cyber Media (India) Limited","EQ","Agm/Dividend-10%","10","26-Jul-2005","-","28-Jul-2005","04-Aug-2005"
"LICHSGFIN","LIC Housing Finance Limited","EQ","Agm/Dividend-50%","2","26-Jul-2005","-","28-Jul-2005","11-Aug-2005"
"VINYLCHEM","Vinyl Chemicals (India) Limited","EQ","Agm","10","26-Jul-2005","-","28-Jul-2005","11-Aug-2005"
"UMIYA-MRO","UMIYA BUILDCON LIMITED","EQ","Agm/Dividend-25%","5","26-Jul-2005","-","28-Jul-2005","10-Aug-2005"
"CANBK","Canara Bank","EQ","Agm/Dividend-30%","2","26-Jul-2005","-","28-Jul-2005","04-Aug-2005"
"AARTIDRUGS","Aarti Drugs Limited","EQ","Agm/Dividend-16%","10","27-Jul-2005","-","29-Jul-2005","06-Aug-2005"
"TATAINFO","Infomedia India Limited","EQ","Agm/Dividend-80%","10","27-Jul-2005","-","29-Jul-2005","12-Aug-2005"
"SHREERAMA","Shree Rama Multi-Tech Limited","EQ","Agm","5","27-Jul-2005","-","29-Jul-2005","02-Aug-2005"
"VARDHACRLC","Vardhman Acrylics Limited","EQ","Agm","10","28-Jul-2005","-","01-Aug-2005","27-Aug-2005"
"NRBBEARING","NRB Bearing Limited","EQ","Div-(Fin-90%+Spl-10%)","2","28-Jul-2005","-","01-Aug-2005","11-Aug-2005"
"NICCOCORP","Nicco Corporation Limited","EQ","Agm","10","28-Jul-2005","-","01-Aug-2005","09-Aug-2005"
"TVSELECT","TVS Electronics Limited","EQ","Agm/Dividend-9%","10","28-Jul-2005","-","01-Aug-2005","08-Aug-2005"
"MOSERBAER","Moser-Baer (I) Limited","EQ","Dividend-10%","10","28-Jul-2005","-","01-Aug-2005","03-Aug-2005"
"ELGIRUBBER","Elgi Rubber Company Limited","EQ","Agm/Dividend @ 60%","1","28-Jul-2005","-","01-Aug-2005","17-Aug-2005"
"MAHLIFE","Mahindra Lifespace Developers Limited","EQ","Agm","10","28-Jul-2005","-","01-Aug-2005","10-Aug-2005"
"PREMIERPOL","Premier Polyfilm Limited","EQ","Agm","1","28-Jul-2005","-","01-Aug-2005","15-Aug-2005"
"VOLTAS","Voltas Limited","EQ","Agm/Div-(Fin-35%+Spl-15%)","1","29-Jul-2005","-","02-Aug-2005","29-Aug-2005"
"JAYBARMARU","Jay Bharat Maruti Limited","EQ","Dividend-35%","2","29-Jul-2005","-","02-Aug-2005","04-Aug-2005"
"GEODESIC","Geodesic Limited","EQ","Agm/Dividend-10%","2","29-Jul-2005","-","02-Aug-2005","09-Aug-2005"
"ASIANHOTEL","Asian Hotels Limited","EQ","Agm/Dividend-60%","10","29-Jul-2005","-","02-Aug-2005","06-Aug-2005"
"APOLLOHOSP","Apollo Hospitals Enterprise Limited","EQ","Agm/Dividend-40%","5","29-Jul-2005","-","02-Aug-2005","11-Aug-2005"
"GOKEX","Gokaldas Exports Limited","EQ","Agm/Dividend-20%","5","29-Jul-2005","-","02-Aug-2005","10-Aug-2005"
"STLTECH","Sterlite Technologies Limited","EQ","Agm","2","29-Jul-2005","-","02-Aug-2005","09-Aug-2005"
"GNFC","Gujarat Narmada Valley Fertilizers and Chemicals Limited","EQ","Dividend-37.50%","10","29-Jul-2005","-","02-Aug-2005","12-Aug-2005"
"RAMCOIND","Ramco Industries Limited","EQ","Agm/Dividend-40%","1","01-Aug-2005","-","03-Aug-2005","10-Aug-2005"
"RAMCOCEM","The Ramco Cements Limited","EQ","Agm/Div-Rs.4/- Per Share","1","01-Aug-2005","-","03-Aug-2005","10-Aug-2005"
"IMPEXFERRO","Impex Ferro Tech Limited","EQ","Agm","10","01-Aug-2005","-","03-Aug-2005","10-Aug-2005"
"WHEELS","Wheels India Limited","EQ","Agm","10","02-Aug-2005","-","04-Aug-2005","11-Aug-2005"
"IIFL","IIFL Finance Limited","EQ","Agm","2","02-Aug-2005","-","04-Aug-2005","10-Aug-2005"
"ONWARDTEC","Onward Technologies Limited","EQ","Agm","10","02-Aug-2005","-","04-Aug-2005","09-Aug-2005"
"PRESSMN","Pressman Advertising Limited","EQ","Agm","2","03-Aug-2005","-","05-Aug-2005","12-Aug-2005"
"RAMCOSYS","Ramco Systems Limited","EQ","Annual Book Closure","10","03-Aug-2005","-","05-Aug-2005","05-Aug-2005"
"ICICIBANK","ICICI Bank Limited","EQ","Agm/Dividend-85%","2","04-Aug-2005","-","06-Aug-2005","20-Aug-2005"
"ZANDUREALT","Zandu Realty Limited","EQ","Dividend-Rs50/- Per Share","100","04-Aug-2005","-","08-Aug-2005","13-Aug-2005"
"VHL","Vardhman Holdings Limited","EQ","Agm/Dividend-20%","10","04-Aug-2005","-","06-Aug-2005","27-Aug-2005"
"VARDMNPOLY","Vardhman Polytex Limited","EQ","Dividend-42%","1","04-Aug-2005","-","06-Aug-2005","20-Aug-2005"
"VTL","Vardhman Textiles Limited","EQ","Dividend-45%","2","04-Aug-2005","-","06-Aug-2005","09-Aug-2005"
"KOJAMFIN","Kojam Fininvest Limited","EQ","Agm/Dividend-10%","10","04-Aug-2005","-","08-Aug-2005","16-Aug-2005"
"LGBROS","LG Balakrishnan & Bros Limited","EQ","Dividend-30%","1","04-Aug-2005","-","08-Aug-2005","22-Aug-2005"
"OFSS","Oracle Financial Services Software Limited","EQ","Agm/Dividend-100%","5","04-Aug-2005","-","08-Aug-2005","12-Aug-2005"
"RAJESHEXPO","Rajesh Exports Limited","EQ","Agm/Dividend-65%","1","05-Aug-2005","-","09-Aug-2005","13-Aug-2005"
"EICHERMOT","Eicher Motors Limited","EQ","Agm/Dividend-40%","1","05-Aug-2005","-","09-Aug-2005","17-Aug-2005"
"MUKANDENGG","Mukand Engineers Limited","EQ","Agm","10","05-Aug-2005","-","09-Aug-2005","23-Aug-2005"
"EICHER","Eicher Limited","EQ","Agm/Dividend-15%","10","05-Aug-2005","-","09-Aug-2005","17-Aug-2005"
"TV18","Television Eighteen India Limited","EQ","Agm","10","05-Aug-2005","-","09-Aug-2005","11-Aug-2005"
"ADANIENT","Adani Enterprises Limited","EQ","Agm/Dividend-40%","1","05-Aug-2005","-","09-Aug-2005","11-Aug-2005"
"TATAINFOTE","Tata Infotech Limited","EQ","Agm/Dividend-80%","10","05-Aug-2005","-","09-Aug-2005","11-Aug-2005"
"KLGSYSTEL","KLG Systel Limited","EQ","Agm/Dividend-15%","10","08-Aug-2005","-","10-Aug-2005","12-Aug-2005"
"MOREPENLAB","Morepen Laboratories Limited","EQ","Agm","2","08-Aug-2005","-","10-Aug-2005","18-Aug-2005"
"MARALOVER","Maral Overseas Limited","EQ","Agm","10","08-Aug-2005","-","10-Aug-2005","17-Aug-2005"
"SIGROUPIND","SI Group - India Limited","EQ","Agm","10","08-Aug-2005","-","10-Aug-2005","24-Aug-2005"
"SHREECEM","SHREE CEMENT LIMITED","EQ","Agm/Div-Rs.4/- Per Share","10","08-Aug-2005","-","10-Aug-2005","16-Aug-2005"
"ARE&M","Amara Raja Energy & Mobility Limited","EQ","Agm/Dividend-20%","1","09-Aug-2005","-","11-Aug-2005","13-Aug-2005"
"HBSTOCK","HB Stockholdings Limited","EQ","Agm","10","09-Aug-2005","-","11-Aug-2005","17-Aug-2005"
"BIRLACORPN","Birla Corporation Limited","EQ","Agm/Dividend-15%","10","10-Aug-2005","-","12-Aug-2005","26-Aug-2005"
"IGFLFERT","Indo Gulf Fertilisers Limited","EQ","Dividend-Rs.2.80/- Per Sh","10","10-Aug-2005","-","12-Aug-2005","19-Aug-2005"
"TNPL","Tamil Nadu Newsprint & Papers Limited","EQ","Agm/Dividend-27.5%","10","10-Aug-2005","-","12-Aug-2005","22-Aug-2005"
"ULTRACEMCO","UltraTech Cement Limited","EQ","Dividend-Re.0.75 Per Sh.","10","11-Aug-2005","-","13-Aug-2005","24-Aug-2005"
"IDBI","IDBI Bank Limited","EQ","Agm/Dividend-7.5%","10","11-Aug-2005","-","16-Aug-2005","18-Aug-2005"
"WSTCSTPAPR","West Coast Paper Mills Limited","EQ","Div-(Fin-100%+Spl-50%)","2","11-Aug-2005","-","16-Aug-2005","31-Aug-2005"
"TTKPRESTIG","TTK Prestige Limited","EQ","Agm/Div-Rs.2/- Per Share","1","11-Aug-2005","-","16-Aug-2005","23-Aug-2005"
"CHENNPETRO","Chennai Petroleum Corporation Limited","EQ","Agm/Dividend-120%","10","11-Aug-2005","-","13-Aug-2005","24-Aug-2005"
"UMESL","Usha Martin Education & Solutions Limited","EQ","Agm","5","11-Aug-2005","-","16-Aug-2005","24-Aug-2005"
"SUNDRMFAST","Sundram Fasteners Limited","EQ","Agm","1","11-Aug-2005","-","16-Aug-2005","18-Aug-2005"
"MRPL","Mangalore Refinery and Petrochemicals Limited","EQ","Dividend-10%","10","11-Aug-2005","-","13-Aug-2005","05-Sep-2005"
"POLYPLEX","Polyplex Corporation Limited","EQ","Agm/Dividend-30%","10","11-Aug-2005","-","13-Aug-2005","16-Aug-2005"
"HIMATSEIDE","Himatsingka Seide Limited","EQ","Agm/Dividend-50%","5","11-Aug-2005","-","13-Aug-2005","27-Aug-2005"
"MUNJALSHOW","Munjal Showa Limited","EQ","Agm/Dividend-75%","2","11-Aug-2005","-","13-Aug-2005","30-Aug-2005"
"AGI","AGI Greenpac Limited","EQ","Agm/Dividend-55%","2","11-Aug-2005","-","16-Aug-2005","24-Aug-2005"
"MOTHERSON","Samvardhana Motherson International Limited","EQ","Agm/Dividend-100%","1","11-Aug-2005","-","16-Aug-2005","20-Aug-2005"
"TVTODAY","TV Today Network Limited","EQ","Agm/Dividend-15%","5","11-Aug-2005","-","16-Aug-2005","25-Aug-2005"
"SAIL","Steel Authority of India Limited","EQ","Agm/Dividend-18%","10","11-Aug-2005","-","13-Aug-2005","01-Sep-2005"
"COLGATE","Colgate Palmolive India Limited","EQ","Agm/1st Interim Div-27.5%Purpose/ Bc Revised","10","11-Aug-2005","-","13-Aug-2005","18-Aug-2005"
"DALMIASUG","Dalmia Bharat Sugar and Industries Limited","EQ","Agm / Dividend -50%","2","11-Aug-2005","-","16-Aug-2005","29-Aug-2005"
"DIVISLAB","Divi's Laboratories Limited","EQ","Agm/Dividend-80%","2","11-Aug-2005","-","13-Aug-2005","22-Aug-2005"
"STARPAPER","Star Paper Mills Limited","EQ","Agm/Div-Rs.1.75/- Per Sh","10","11-Aug-2005","-","16-Aug-2005","29-Aug-2005"
"LT","Larsen & Toubro Limited","EQ","Div-Rs.17.5/- Per Share","2","12-Aug-2005","-","17-Aug-2005","26-Aug-2005"
"ICDSLTD","ICDS Limited","EQ","Agm","10","12-Aug-2005","-","17-Aug-2005","24-Aug-2005"
"ZENITHINFO","Zenith Infotech Limited","EQ","Agm/Dividend-6%","10","12-Aug-2005","-","17-Aug-2005","31-Aug-2005"
"TITAN","Titan Company Limited","EQ","Agm/Dividend-20%","1","12-Aug-2005","-","17-Aug-2005","31-Aug-2005"
"SSWL","Steel Strips Wheels Limited","EQ","Agm","1","12-Aug-2005","-","17-Aug-2005","22-Aug-2005"
"ORIENTPPR","Orient Paper & Industries Limited","EQ","Agm","1","12-Aug-2005","-","17-Aug-2005","19-Aug-2005"
"VIPIND","VIP Industries Limited","EQ","Agm/Div-Rs.2/- Per Share","2","12-Aug-2005","-","17-Aug-2005","26-Aug-2005"
"OILCOUNTUB","Oil Country Tubular Limited","EQ","Agm","10","12-Aug-2005","-","17-Aug-2005","18-Aug-2005"
"JAINSTUDIO","Jain Studios Limited","EQ","Agm","10","12-Aug-2005","-","17-Aug-2005","23-Aug-2005"
"TIRUMALCHM","Thirumalai Chemicals Limited","EQ","Agm/Dividend-60%         Bc Start Date Revised","1","12-Aug-2005","-","17-Aug-2005","29-Aug-2005"
"INDIACEM","The India Cements Limited","EQ","Annual Book Closure","10","12-Aug-2005","-","17-Aug-2005","25-Aug-2005"
"PANACEABIO","Panacea Biotec Limited","EQ","Agm/Dividend @ 150%","1","12-Aug-2005","-","17-Aug-2005","20-Aug-2005"
"IBP","IBP Company Limited","EQ","Agm/Dividend-100%","10","12-Aug-2005","-","17-Aug-2005","02-Sep-2005"
"ZENITHCOMP","Zenith Computers Limited","EQ","Agm/Dividend-10%","10","12-Aug-2005","-","17-Aug-2005","31-Aug-2005"
"BONGAIREFN","Bongaigaon Refinery & Petrochemicals Limited","EQ","Dividend-60%             Bc End Date Revised","10","12-Aug-2005","-","17-Aug-2005","31-Aug-2005"
"MONSANTO","Monsanto India Limited","EQ","Dividend-Rs13/- Per Share","10","12-Aug-2005","-","17-Aug-2005","24-Aug-2005"
"ALEMBICLTD","Alembic Limited","EQ","Dividend-30%","2","16-Aug-2005","-","18-Aug-2005","31-Aug-2005"
"KCPSUGIND","KCP Sugar and Industries Corporation Limited","EQ","Agm/Dividend-75%","1","16-Aug-2005","-","18-Aug-2005","31-Aug-2005"
"DCW","DCW Limited","EQ","Agm/Dividend-12%","2","16-Aug-2005","-","18-Aug-2005","25-Aug-2005"
"AMJLAND","Amj Land Holdings Limited","EQ","Dividend-12%","2","16-Aug-2005","-","18-Aug-2005","05-Sep-2005"
"HIKAL","Hikal Limited","EQ","Agm/Dividend-35%","2","16-Aug-2005","-","18-Aug-2005","25-Aug-2005"
"CYBERTECH","Cybertech Systems And Software Limited","EQ","Agm","10","16-Aug-2005","-","18-Aug-2005","23-Aug-2005"
"IFCI","IFCI Limited","EQ","Agm","10","16-Aug-2005","-","18-Aug-2005","29-Aug-2005"
"TRENT","Trent Limited","EQ","Agm                      Purpose Revised","1","17-Aug-2005","-","19-Aug-2005","02-Sep-2005"
"AMBUJACEM","Ambuja Cements Limited","EQ","Dividend-30%","2","17-Aug-2005","-","19-Aug-2005","31-Aug-2005"
"CENTEXT","Century Extrusions Limited","EQ","Agm/Rights-35:12","1","17-Aug-2005","-","24-Aug-2005","26-Aug-2005"
"UPL","UPL Limited","EQ","Agm/Dividend-40%","2","17-Aug-2005","-","19-Aug-2005","31-Aug-2005"
"UNIENTER","Uniphos Enterprises Limited","EQ","Agm","2","17-Aug-2005","-","19-Aug-2005","31-Aug-2005"
"CCL","CCL Products (India) Limited","EQ","Agm/Dividend-30%","2","17-Aug-2005","-","19-Aug-2005","23-Aug-2005"
"INDRAMEDCO","Indraprastha Medical Corporation Limited","EQ","Agm/Dividend-10%","10","18-Aug-2005","-","22-Aug-2005","31-Aug-2005"
"LUMAXIND","Lumax Industries Limited","EQ","Agm/Dividend-30%","10","18-Aug-2005","-","20-Aug-2005","29-Aug-2005"
"DHARSUGAR","Dharani Sugars & Chemicals Limited","EQ","Agm","10","18-Aug-2005","-","20-Aug-2005","30-Aug-2005"
"PRASGLOFIN","Silicon Valley Infotech Limited","EQ","Agm","1","18-Aug-2005","-","20-Aug-2005","25-Aug-2005"
"INDUSINDBK","IndusInd Bank Limited","EQ","Agm/Dividend-18%","10","18-Aug-2005","-","20-Aug-2005","03-Sep-2005"
"MATRIXLABS","Matrix Laboratories Limited","EQ","Agm/Div-Rs.1.20 Per Sh","2","18-Aug-2005","-","22-Aug-2005","25-Aug-2005"
"SHRENUJ","Shrenuj & Company Limited","EQ","Agm/Div-Rs.3 Per Share","2","18-Aug-2005","-","22-Aug-2005","30-Aug-2005"
"NATNLSTEEL","National Steel And Agro Industries Limited","EQ","Agm","10","18-Aug-2005","-","22-Aug-2005","27-Aug-2005"
"GTNIND","GTN Industries Limited","EQ","Dividend-12.5%","10","18-Aug-2005","-","22-Aug-2005","02-Sep-2005"
"GHCL","GHCL Limited","EQ","Agm/Dividend-20%","10","18-Aug-2005","-","22-Aug-2005","02-Sep-2005"
"HARYANSHET","Haryana Sheet Glass Limited","EQ","Agm","10","18-Aug-2005","-","22-Aug-2005","29-Aug-2005"
"INGVYSYABK","ING Vysya Bank Limited","EQ","Agm","10","19-Aug-2005","-","23-Aug-2005","23-Aug-2005"
"CIPLA","Cipla Limited","EQ","Agm/Div-Rs.3.5/- Per Sh  Purpose Revised","2","19-Aug-2005","-","23-Aug-2005","06-Sep-2005"
"WILLAMAGOR","Williamson Magor & Company Limited","EQ","Agm","10","19-Aug-2005","-","23-Aug-2005","31-Aug-2005"
"TFCILTD","Tourism Finance Corporation of India Limited","EQ","Annual Book Closure","2","19-Aug-2005","-","23-Aug-2005","29-Aug-2005"
"BALAJITELE","Balaji Telefilms Limited","EQ","Agm","2","19-Aug-2005","-","23-Aug-2005","26-Aug-2005"
"3PLAND","3P Land Holdings Limited","EQ","Agm                      Bc Revised","2","19-Aug-2005","-","23-Aug-2005","03-Sep-2005"
"WYETH","Wyeth Limited","EQ","Agm/Dividend-200%","10","19-Aug-2005","-","23-Aug-2005","02-Sep-2005"
"BLUECHIP","Blue Chip India Limited","EQ","Agm","2","19-Aug-2005","-","23-Aug-2005","26-Aug-2005"
"KABRAEXTRU","Kabra Extrusion Technik Limited","EQ","Agm/Dividend-35%","5","19-Aug-2005","-","23-Aug-2005","30-Aug-2005"
"BSELINFRA","BSEL Infrastructure Realty Limited","EQ","Agm/Dividend-10%","10","22-Aug-2005","-","24-Aug-2005","29-Aug-2005"
"ATCOM","Atcom Technologies Limited","EQ","Agm","10","22-Aug-2005","-","24-Aug-2005","31-Aug-2005"
"ABAN","Aban Offshore Limited","EQ","Dividend-100%","2","22-Aug-2005","-","24-Aug-2005","31-Aug-2005"
"BPCL","Bharat Petroleum Corporation Limited","EQ","Agm","10","22-Aug-2005","-","24-Aug-2005","20-Sep-2005"
"JUBLPHARMA","Jubilant Pharmova Limited","EQ","Agm/Div-Rs.6.25/- Per Sh","1","22-Aug-2005","-","24-Aug-2005","29-Aug-2005"
"RAMANEWSPR","Rama Newsprint and Papers Limited","EQ","Agm","10","22-Aug-2005","-","24-Aug-2005","06-Sep-2005"
"SAMBHAAV","Sambhaav Media Limited","EQ","Agm","1","22-Aug-2005","-","24-Aug-2005","30-Aug-2005"
"UTVSOF","UTV Software Communications Limited","EQ","Agm","10","23-Aug-2005","-","25-Aug-2005","06-Sep-2005"
"BLUEBLENDS","Blue Blends (I) Limited","EQ","Agm","10","23-Aug-2005","-","30-Aug-2005","06-Sep-2005"
"STER","Sterlite Industries ( India ) Limited","EQ","Agm/Dividend-60%","1","23-Aug-2005","-","25-Aug-2005","03-Sep-2005"
"HINDCOMPOS","Hindustan Composites Limited","EQ","Agm/Dividend-10%","5","23-Aug-2005","-","25-Aug-2005","05-Sep-2005"
"AGRODUTCH","Agro Dutch Industries Limited","EQ","Agm","10","23-Aug-2005","-","25-Aug-2005","31-Aug-2005"
"JAICORPLTD","Jai Corp Limited","EQ","Agm","1","23-Aug-2005","-","25-Aug-2005","25-Aug-2005"
"NAVNETEDUL","Navneet Education Limited","EQ","Agm","2","23-Aug-2005","-","25-Aug-2005","03-Sep-2005"
"WIMCOLTD","Wimco Limited","EQ","Agm","1","23-Aug-2005","-","25-Aug-2005","01-Sep-2005"
"TNPETRO","Tamilnadu PetroProducts Limited","EQ","Agm/Dividend-10%","10","23-Aug-2005","-","25-Aug-2005","14-Sep-2005"
"IFBAGRO","IFB Agro Industries Limited","EQ","Agm","10","23-Aug-2005","-","25-Aug-2005","30-Aug-2005"
"TCI","Transport Corporation of India Limited","EQ","Agm/Dividend-20%","2","24-Aug-2005","-","26-Aug-2005","30-Aug-2005"
"DSKULKARNI","DS Kulkarni Developers Limited","EQ","Agm/Dividend-7%","10","24-Aug-2005","-","26-Aug-2005","05-Sep-2005"
"ATNINT","ATN International Limited","EQ","Agm","10","24-Aug-2005","-","26-Aug-2005","05-Sep-2005"
"KOHINOOR","Kohinoor Foods Limited","EQ","Agm/Dividend-20%","10","25-Aug-2005","-","29-Aug-2005","31-Aug-2005"
"LML","LML Limited","EQ","Agm","10","25-Aug-2005","-","29-Aug-2005","03-Sep-2005"
"IFBIND","IFB Industries Limited","EQ","Agm","10","25-Aug-2005","-","29-Aug-2005","31-Aug-2005"
"BHARTIARTL","Bharti Airtel Limited","EQ","Agm","5","25-Aug-2005","-","27-Aug-2005","06-Sep-2005"
"ACCELYA","Accelya Solutions India Limited","EQ","Agm","10","25-Aug-2005","-","29-Aug-2005","05-Sep-2005"
"MARUTI","Maruti Suzuki India Limited","EQ","Dividend-Rs.2/- Per Share","5","25-Aug-2005","-","29-Aug-2005","09-Sep-2005"
"HITECHGEAR","The Hi-Tech Gears Limited","EQ","Agm/Dividend-12.5%","10","25-Aug-2005","-","27-Aug-2005","05-Sep-2005"
"JKPAPER","JK Paper Limited","EQ","Agm/Dividend-20%         Purpose Revised","10","25-Aug-2005","-","27-Aug-2005","29-Aug-2005"
"KHAITANLTD","Khaitan (India) Limited","EQ","Agm","10","25-Aug-2005","-","27-Aug-2005","03-Sep-2005"
"PENINLAND","Peninsula Land Limited","EQ","Agm","2","29-Aug-2005","-","31-Aug-2005","31-Aug-2005"
"DELTAMAGNT","Delta Manufacturing Limited","EQ","Agm","10","29-Aug-2005","-","31-Aug-2005","31-Aug-2005"
"KHANDSE","Khandwala Securities Limited","EQ","Agm","10","29-Aug-2005","-","31-Aug-2005","05-Sep-2005"
"INDNIPPON","India Nippon Electricals Limited","EQ","Agm","5","30-Aug-2005","-","01-Sep-2005","05-Sep-2005"
"GUJRAFFIA","Gujarat Raffia Industries Limited","EQ","Agm","10","30-Aug-2005","-","06-Sep-2005","29-Sep-2005"
"TATACOMM","Tata Communications Limited","EQ","Div-(Fin-Rs4.5+Spl-Rs1.5)","10","30-Aug-2005","-","01-Sep-2005","14-Sep-2005"
"SINTEX","Sintex Industries Limited","EQ","Agm/Dividend-40%","1","30-Aug-2005","-","01-Sep-2005","17-Sep-2005"
"BAGFILMS","B.A.G Films and Media Limited","EQ","Agm/Dividend-10%","2","30-Aug-2005","-","01-Sep-2005","13-Sep-2005"
"KOTARISUG","Kothari Sugars And Chemicals Limited","EQ","Agm","10","30-Aug-2005","-","01-Sep-2005","08-Sep-2005"
"KOTHARIPET","Kothari Petrochemicals Limited","EQ","Agm","10","30-Aug-2005","-","01-Sep-2005","08-Sep-2005"
"KHAITANELE","Khaitan Electricals Limited","EQ","Agm/Dividend-12%","10","30-Aug-2005","-","01-Sep-2005","15-Sep-2005"
"MANGALAM","Mangalam Drugs And Organics Limited","EQ","Agm/Dividend-2%","10","30-Aug-2005","-","01-Sep-2005","10-Sep-2005"
"MAHSEAMLES","Maharashtra Seamless Limited","EQ","Agm/Dividend-50%","5","30-Aug-2005","-","01-Sep-2005","09-Sep-2005"
"KCP","KCP Limited","EQ","Agm/Dividend-30%","1","30-Aug-2005","-","01-Sep-2005","16-Sep-2005"
"SHRIRAMFIN","Shriram Finance Limited","EQ","Agm/Dividend-15%","2","30-Aug-2005","-","01-Sep-2005","09-Sep-2005"
"PALRED","Palred Technologies Limited","EQ","Annual Book Closure","5","30-Aug-2005","-","01-Sep-2005","02-Sep-2005"
"SHRIRAMINV","Shriram Investments Limited","EQ","Agm/Dividend-15%","10","30-Aug-2005","-","01-Sep-2005","08-Sep-2005"
"BHORIND","Bhor Industries Limited","EQ","Agm","10","30-Aug-2005","-","01-Sep-2005","06-Sep-2005"
"JINDALDRIL","Jindal Drilling And Industries Limited","EQ","Agm/Dividend-25%","10","30-Aug-2005","-","01-Sep-2005","09-Sep-2005"
"NAGARFERT","Nagarjuna Fertilizer & Chemicals Limited","EQ","Agm","10","30-Aug-2005","-","01-Sep-2005","26-Sep-2005"
"INDIAGLYCO","India Glycols Limited","EQ","Agm/Dividend-30%","5","30-Aug-2005","-","01-Sep-2005","10-Sep-2005"
"SHRIRAMCIT","Shriram City Union Finance Limited","EQ","Agm/Dividend-15%","10","30-Aug-2005","-","01-Sep-2005","08-Sep-2005"
"SOMATEX","Soma Textiles & Industries Limited","EQ","Agm","10","30-Aug-2005","-","01-Sep-2005","08-Sep-2005"
"UCAL","UCAL LIMITED","EQ","Agm/Dividend-20%","10","31-Aug-2005","-","02-Sep-2005","09-Sep-2005"
"NARMDCHEMA","Narmada Chematur Petrochem Limited","EQ","Dividend-15%","10","31-Aug-2005","-","02-Sep-2005","21-Sep-2005"
"ASHAPURMIN","Ashapura Minechem Limited","EQ","Agm/Dividend-40%","2","31-Aug-2005","-","02-Sep-2005","12-Sep-2005"
"GENUSPOWER","Genus Power Infrastructures Limited","EQ","Agm/Dividend-5%","1","31-Aug-2005","-","02-Sep-2005","07-Sep-2005"
"BEL","Bharat Electronics Limited","EQ","Agm/Dividend-72%","1","31-Aug-2005","-","02-Sep-2005","16-Sep-2005"
"JPPOWER","Jaiprakash Power Ventures Limited","EQ","Agm/Dividend-7.5%","10","31-Aug-2005","-","02-Sep-2005","12-Sep-2005"
"NRC","NRC Limited","EQ","Agm/Dividend-12%","10","31-Aug-2005","-","02-Sep-2005","16-Sep-2005"
"MANGTIMBER","Mangalam Timber Products Limited","EQ","Agm","10","31-Aug-2005","-","02-Sep-2005","10-Sep-2005"
"NILKAMAL","Nilkamal Limited","EQ","Agm/Div-Rs.3/-Per Share","10","01-Sep-2005","-","03-Sep-2005","10-Sep-2005"
"SIMPLEXINF","Simplex Infrastructures Limited","EQ","Dividend-Rs.4.50/- Per Sh","2","01-Sep-2005","-","05-Sep-2005","10-Sep-2005"
"ONGC","Oil & Natural Gas Corporation Limited","EQ","Agm/Dividend-200%","5","01-Sep-2005","-","05-Sep-2005","19-Sep-2005"
"DHANBANK","Dhanlaxmi Bank Limited","EQ","Agm","10","01-Sep-2005","-","03-Sep-2005","23-Sep-2005"
"SURYALAXMI","Suryalakshmi Cotton Mills Limited","EQ","Agm/Dividend-30%","10","01-Sep-2005","-","03-Sep-2005","10-Sep-2005"
"SANDESH","The Sandesh Limited","EQ","Agm","10","01-Sep-2005","-","03-Sep-2005","15-Sep-2005"
"HINDPETRO","Hindustan Petroleum Corporation Limited","EQ","Agm/Dividend-100%","10","02-Sep-2005","-","06-Sep-2005","21-Sep-2005"
"ENGINERSIN","Engineers India Limited","EQ","Agm/Dividend-75%","5","02-Sep-2005","-","06-Sep-2005","15-Sep-2005"
"IGL","Indraprastha Gas Limited","EQ","Agm/Dividend-20%","2","02-Sep-2005","-","06-Sep-2005","16-Sep-2005"
"RSWM","RSWM Limited","EQ","Agm/Dividend-22%","10","02-Sep-2005","-","06-Sep-2005","14-Sep-2005"
"NOCIL","NOCIL Limited","EQ","Agm","10","02-Sep-2005","-","06-Sep-2005","15-Sep-2005"
"EIMCOELECO","Eimco Elecon (India) Limited","EQ","Dividend-35%","10","02-Sep-2005","-","06-Sep-2005","10-Sep-2005"
"FLEXENGG","Flex Engineering Limited","EQ","Agm","10","02-Sep-2005","-","06-Sep-2005","10-Sep-2005"
"COCHINREFN","Kochi Refineries Limited","EQ","Agm","10","02-Sep-2005","-","06-Sep-2005","19-Sep-2005"
"CHESLINTEX","Cheslind Textiles Limited","EQ","Dividend-5%","10","02-Sep-2005","-","06-Sep-2005","16-Sep-2005"
"GICHSGFIN","GIC Housing Finance Limited","EQ","Agm/Dividend-15%","10","02-Sep-2005","-","06-Sep-2005","15-Sep-2005"
"GINNIFILA","Ginni Filaments Limited","EQ","Dividend-7.5%","10","02-Sep-2005","-","06-Sep-2005","10-Sep-2005"
"GDL","Gateway Distriparks Limited","EQ","Agm/Dividend-10%","10","02-Sep-2005","-","06-Sep-2005","14-Sep-2005"
"FLEXCHEM","FCL technologies & Products Limited","EQ","Agm","10","02-Sep-2005","-","06-Sep-2005","12-Sep-2005"
"HINDOILEXP","Hindustan Oil Exploration Company Limited","EQ","Agm/Dividend-10%","10","02-Sep-2005","-","06-Sep-2005","22-Sep-2005"
"UFLEX","UFLEX Limited","EQ","Agm","10","05-Sep-2005","-","07-Sep-2005","13-Sep-2005"
"RIIL","Reliance Industrial Infrastructure Limited","EQ","Agm/Div-Rs.3.20/- Per Sh","10","05-Sep-2005","-","08-Sep-2005","15-Sep-2005"
"LEEL","LEEL Electricals Limited","EQ","Annual Book Closure","10","05-Sep-2005","-","07-Sep-2005","07-Sep-2005"
"SUVEN","Suven Life Sciences Limited","EQ","Agm/Dividend-50%","1","05-Sep-2005","-","08-Sep-2005","10-Sep-2005"
"SKMEGGPROD","SKM Egg Products Export (India) Limited","EQ","Agm","5","05-Sep-2005","-","08-Sep-2005","12-Sep-2005"
"EASUNREYRL","Easun Reyrolle Limited","EQ","Agm/Dividend-32.5%","2","05-Sep-2005","-","08-Sep-2005","21-Sep-2005"
"NDTV","New Delhi Television Limited","EQ","Agm/Dividend-20%","4","06-Sep-2005","-","09-Sep-2005","19-Sep-2005"
"CAROLINFO","Carol Info Services Limited","EQ","Agm                      Bc Revised","10","06-Sep-2005","-","09-Sep-2005","16-Sep-2005"
"GOLDENTOBC","Golden Tobacco Limited","EQ","Agm","10","06-Sep-2005","-","09-Sep-2005","15-Sep-2005"
"FMGOETZE","Federal-Mogul Goetze (India) Limited.","EQ","Agm/Dividend-40%","10","06-Sep-2005","-","09-Sep-2005","23-Sep-2005"
"NOVAPETRO","Nova Petrochemicals Limited","EQ","Agm","10","06-Sep-2005","-","09-Sep-2005","16-Sep-2005"
"ZODIACLOTH","Zodiac Clothing Company Limited","EQ","Dividend-Rs.7/- Per Share","10","06-Sep-2005","-","09-Sep-2005","23-Sep-2005"
"DREDGECORP","Dredging Corporation of India Limited","EQ","Agm/Dividend-80%","10","06-Sep-2005","-","09-Sep-2005","29-Sep-2005"
"PRSMJOHNSN","Prism Johnson Limited","EQ","Agm","10","06-Sep-2005","-","09-Sep-2005","15-Sep-2005"
"TEAMGTY","Team India Guaranty Limited","EQ","Agm","10","06-Sep-2005","-","09-Sep-2005","15-Sep-2005"
"VISUALSOFT","VisualSoft Technologies Limited","EQ","Agm/Div-Rs.2.5/- Per Sh.","10","06-Sep-2005","-","09-Sep-2005","16-Sep-2005"
"BHEL","Bharat Heavy Electricals Limited","EQ","Agm/Dividend-45%","2","06-Sep-2005","-","09-Sep-2005","29-Sep-2005"
"FEDERALBNK","The Federal Bank  Limited","EQ","Agm/Dividend-25%","2","08-Sep-2005","-","10-Sep-2005","19-Sep-2005"
"GODFRYPHLP","Godfrey Phillips India Limited","EQ","Dividend-220%","2","08-Sep-2005","-","12-Sep-2005","15-Sep-2005"
"IOC","Indian Oil Corporation Limited","EQ","Agm/Dividend-100%","10","08-Sep-2005","-","10-Sep-2005","22-Sep-2005"
"SUBROS","Subros Limited","EQ","Agm/Dividend-30%","2","08-Sep-2005","-","10-Sep-2005","19-Sep-2005"
"GUJSIDHCEM","Gujarat Sidhee Cements Limited","EQ","Agm","10","08-Sep-2005","-","10-Sep-2005","16-Sep-2005"
"SAITELE","Sai Television Limited","EQ","Agm","10","08-Sep-2005","-","12-Sep-2005","16-Sep-2005"
"NTPC","NTPC Limited","EQ","Dividend-12%","10","08-Sep-2005","-","10-Sep-2005","23-Sep-2005"
"SALSTEEL","S.A.L. Steel Limited","EQ","Agm                      Purpose Revised","10","08-Sep-2005","-","10-Sep-2005","24-Sep-2005"
"HINDSYNTEX","Hind Syntex Limited","EQ","Agm","10","08-Sep-2005","-","12-Sep-2005","21-Sep-2005"
"GSFC","Gujarat State Fertilizers & Chemicals Limited","EQ","Agm/Dividend-15%","2","08-Sep-2005","-","10-Sep-2005","23-Sep-2005"
"SHREYANIND","Shreyans Industries Limited","EQ","Agm","10","08-Sep-2005","-","10-Sep-2005","15-Sep-2005"
"CLASSIC","Classic Diamonds (India) Limited","EQ","Agm/Dividend-18%","2","08-Sep-2005","-","10-Sep-2005","17-Sep-2005"
"MASTEK","Mastek Limited","EQ","Agm/Div-Rs.5.50/- Per Sh.Purpose Revised","5","08-Sep-2005","-","12-Sep-2005","15-Sep-2005"
"RKFORGE","Ramkrishna Forgings Limited","EQ","Agm/Dividend-10%","2","08-Sep-2005","-","12-Sep-2005","16-Sep-2005"
"SHAHALLOYS","Shah Alloys Limited","EQ","Agm/Dividend-10%","10","08-Sep-2005","-","10-Sep-2005","24-Sep-2005"
"SQUAREDBIO","Origin Agrostar Limited","EQ","Agm","10","08-Sep-2005","-","12-Sep-2005","16-Sep-2005"
"CIPL","Central India Polysters Limited","EQ","Agm","10","08-Sep-2005","-","12-Sep-2005","15-Sep-2005"
"BRABOURNE","Brabourne Enterprises Limited","EQ","Agm","10","08-Sep-2005","-","12-Sep-2005","19-Sep-2005"
"OMAXAUTO","Omax Autos Limited","EQ","Agm/Dividend-20%         Purpose Revised","10","08-Sep-2005","-","12-Sep-2005","19-Sep-2005"
"TATASTLBSL","Tata Steel Bsl Limited","EQ","Agm/Dividend-15%","2","08-Sep-2005","-","12-Sep-2005","14-Sep-2005"
"CASTEXTECH","Castex Technologies Limited","EQ","Agm/Div-20%/Spl Rs10-Rs2","2","08-Sep-2005","-","15-Sep-2005","19-Sep-2005"
"OLECTRA","Olectra Greentech Limited","EQ","Agm","4","08-Sep-2005","-","12-Sep-2005","12-Sep-2005"
"GFLLIMITED","GFL Limited","EQ","Dividend-50%","1","08-Sep-2005","-","12-Sep-2005","16-Sep-2005"
"ASIANELEC","Asian Electronics Limited","EQ","Agm/Dividend-18%","5","08-Sep-2005","-","12-Sep-2005","26-Sep-2005"
"NATCOPHARM","Natco Pharma Limited","EQ","Agm","2","09-Sep-2005","-","13-Sep-2005","15-Sep-2005"
"KOTHARIPRO","Kothari Products Limited","EQ","Agm/Dividend-100%","10","09-Sep-2005","-","13-Sep-2005","20-Sep-2005"
"NIRMA","Nirma Limited","EQ","Agm/Dividend-50%","5","09-Sep-2005","-","13-Sep-2005","27-Sep-2005"
"PEARLGLOBL","Pearl Global Limited","EQ","Agm","10","09-Sep-2005","-","13-Sep-2005","23-Sep-2005"
"RPGCABLES","RPG Cables Limited","EQ","Agm","10","09-Sep-2005","-","13-Sep-2005","20-Sep-2005"
"KAMATHOTEL","Kamat Hotels (I) Limited","EQ","Agm","10","09-Sep-2005","-","13-Sep-2005","24-Sep-2005"
"GUJALKALI","Gujarat Alkalies and Chemicals Limited","EQ","Agm/Dividend-15%","10","12-Sep-2005","-","14-Sep-2005","23-Sep-2005"
"GULFPETRO","GP Petroleums Limited","EQ","Dividend-5%","5","12-Sep-2005","-","14-Sep-2005","16-Sep-2005"
"SURYAROSNI","Surya Roshni Limited","EQ","Agm/Dividend-12%","5","12-Sep-2005","-","14-Sep-2005","19-Sep-2005"
"WINSOMYARN","Winsome Yarns Limited","EQ","Agm/Dividend-5%","1","13-Sep-2005","-","15-Sep-2005","19-Sep-2005"
"EUROTEXIND","Eurotex Industries and Exports Limited","EQ","Agm/Dividend-10%","10","13-Sep-2005","-","15-Sep-2005","24-Sep-2005"
"FAME","Fame India Limited","EQ","Agm","10","13-Sep-2005","-","15-Sep-2005","19-Sep-2005"
"INDIANCARD","Indian Card Clothing Company Limited","EQ","Agm/Dividend-20%","10","13-Sep-2005","-","15-Sep-2005","22-Sep-2005"
"IPCALAB","IPCA Laboratories Limited","EQ","Agm/Dividend-30%","1","13-Sep-2005","-","15-Sep-2005","29-Sep-2005"
"NIPPONDENR","Ispat Industries Limited","EQ","Agm","10","13-Sep-2005","-","15-Sep-2005","26-Sep-2005"
"UNITDSPR","United Spirits Limited","EQ","Agm/Dividend-20%","2","13-Sep-2005","-","15-Sep-2005","23-Sep-2005"
"CENTBOP","Centurion Bank of Punjab Limited","EQ","Agm","1","13-Sep-2005","-","15-Sep-2005","21-Sep-2005"
"PETRONENGG","Petron Engineering Construction Limited","EQ","Dividend@ Re.1/- Per Sh","10","13-Sep-2005","-","15-Sep-2005","29-Sep-2005"
"MOHOTAIND","Mohota Industries Limited","EQ","Agm","10","13-Sep-2005","-","15-Sep-2005","29-Sep-2005"
"BHARATIDIL","Bharati Defence and Infrastructure Limited","EQ","Agm/Div-Rs.2.5/- Per Sh","10","13-Sep-2005","-","15-Sep-2005","23-Sep-2005"
"AEGISLOG","Aegis Logistics Limited","EQ","Agm/Div-Rs1.2/- Per Share","1","13-Sep-2005","-","15-Sep-2005","29-Sep-2005"
"SILINV","SIL Investments Limited","EQ","Div-Rs.3.75/- Per Share","10","13-Sep-2005","-","15-Sep-2005","29-Sep-2005"
"BPLENGG","BPL Engineering Limited","EQ","Agm","10","14-Sep-2005","-","16-Sep-2005","30-Sep-2005"
"GKW","GKW Limited","EQ","Agm","10","14-Sep-2005","-","16-Sep-2005","27-Sep-2005"
"SICAL","Sical Logistics Limited","EQ","Agm","10","14-Sep-2005","-","16-Sep-2005","28-Sep-2005"
"HEIDELBERG","HeidelbergCement India Limited","EQ","Agm","10","14-Sep-2005","-","16-Sep-2005","29-Sep-2005"
"UTTAMSTL","Uttam Galva Steels Limited","EQ","Agm","10","14-Sep-2005","-","16-Sep-2005","23-Sep-2005"
"JENSONICOL","Jenson & Nicholson (India) Limited","EQ","Agm","2","14-Sep-2005","-","16-Sep-2005","24-Sep-2005"
"ARCHIES","Archies Limited","EQ","Agm/Div-Rs.2/- Per Share","2","14-Sep-2005","-","16-Sep-2005","29-Sep-2005"
"BSL","BSL Limited","EQ","Agm/Dividend-7.5%","10","14-Sep-2005","-","16-Sep-2005","28-Sep-2005"
"CEATFIN","CFL Capital Financial Services Limited","EQ","Agm","10","14-Sep-2005","-","16-Sep-2005","22-Sep-2005"
"FIRSTLEASE","First Leasing Company of India Limited","EQ","Agm/Dividend-22.50%","10","14-Sep-2005","-","16-Sep-2005","26-Sep-2005"
"GAEL","Gujarat Ambuja Exports Limited","EQ","Agm/Dividend -11%","1","14-Sep-2005","-","16-Sep-2005","22-Sep-2005"
"JPASSOCIAT","Jaiprakash Associates Limited","EQ","Agm/Div-Re.0.60/- Per Sh","2","14-Sep-2005","-","16-Sep-2005","27-Sep-2005"
"MTNL","Mahanagar Telephone Nigam Limited","EQ","Agm/Dividend-25%","10","14-Sep-2005","-","16-Sep-2005","22-Sep-2005"
"CONSOFINVT","Consolidated Finvest & Holdings Limited","EQ","Agm/Dividend-5%          Purpose Revised","10","14-Sep-2005","-","16-Sep-2005","21-Sep-2005"
"KREBSBIO","Krebs Biochemicals and Industries Limited","EQ","Agm/Dividend-30%         Purpose Revised","10","14-Sep-2005","-","16-Sep-2005","28-Sep-2005"
"JETAIRWAYS","Jet Airways (India) Limited","EQ","Agm/Div-Rs.3/- Per Share","10","14-Sep-2005","-","16-Sep-2005","27-Sep-2005"
"FDC","FDC Limited","EQ","Agm","1","14-Sep-2005","-","16-Sep-2005","17-Sep-2005"
"NAHAREXP","Nahar Exports Limited","EQ","Dividend-15%","10","14-Sep-2005","-","16-Sep-2005","28-Sep-2005"
"NAHARSPG","Nahar Spinning Mills Limited","EQ","Dividend-50%","10","14-Sep-2005","-","16-Sep-2005","28-Sep-2005"
"MUNJALAUTO","Munjal Auto Industries Limited","EQ","Dividend-40%","10","14-Sep-2005","-","16-Sep-2005","20-Sep-2005"
"ANDHRSUGAR","The Andhra Sugars Limited","EQ","Agm/Dividend-60%","2","14-Sep-2005","-","16-Sep-2005","24-Sep-2005"
"CONCOR","Container Corporation of India Limited","EQ","Agm/Dividend-85%","5","14-Sep-2005","-","16-Sep-2005","28-Sep-2005"
"BALMLAWRIE","Balmer Lawrie & Company Limited","EQ","Agm/Div-Rs.5.50/- Per Sh Purpose Revised Bc Start Date Revised","10","14-Sep-2005","-","16-Sep-2005","23-Sep-2005"
"NLCINDIA","NLC India Limited","EQ","Agm/Dividend-14%","10","14-Sep-2005","-","16-Sep-2005","28-Sep-2005"
"SMLMAH","SML Mahindra Limited","EQ","Agm/Div-Rs7.5/- Per Sh","10","14-Sep-2005","-","16-Sep-2005","23-Sep-2005"
"JISLJALEQS","Jain Irrigation Systems Limited","EQ","Agm","2","14-Sep-2005","-","16-Sep-2005","30-Sep-2005"
"VAIBHAVGBL","Vaibhav Global Limited","EQ","Agm/Dividend-25%","2","14-Sep-2005","-","16-Sep-2005","20-Sep-2005"
"BPL","BPL Limited","EQ","Agm","10","14-Sep-2005","-","16-Sep-2005","23-Sep-2005"
"HOCL","Hindustan Organic Chemicals Limited","EQ","Agm","10","14-Sep-2005","-","16-Sep-2005","29-Sep-2005"
"HARRMALAYA","Harrisons  Malayalam Limited","EQ","Agm/Dividend-10%","10","14-Sep-2005","-","16-Sep-2005","20-Sep-2005"
"CREATIVEYE","Creative Eye Limited","EQ","Agm","5","14-Sep-2005","-","16-Sep-2005","23-Sep-2005"
"GMDCLTD","Gujarat Mineral Development Corporation Limited","EQ","Dividend-50%","2","14-Sep-2005","-","16-Sep-2005","24-Sep-2005"
"GAIL","GAIL (India) Limited","EQ","Agm/Dividend-40%","10","14-Sep-2005","-","16-Sep-2005","28-Sep-2005"
"ESTL","Essar Steel Limited","EQ","Agm","10","14-Sep-2005","-","16-Sep-2005","17-Sep-2005"
"RAJSREESUG","Rajshree Sugars & Chemicals Limited","EQ","Agm/Div-Rs.3/- Per Share","10","14-Sep-2005","-","16-Sep-2005","30-Sep-2005"
"UNITECH","Unitech Limited","EQ","Agm/Dividend-40%","2","15-Sep-2005","-","17-Sep-2005","30-Sep-2005"
"INDOCO","Indoco Remedies Limited","EQ","Agm/Dividend-50%","2","15-Sep-2005","-","17-Sep-2005","29-Sep-2005"
"RUCHISOYA","Ruchi Soya Industries Limited","EQ","Agm/Dividend-20%         Purpose Revised","2","15-Sep-2005","-","19-Sep-2005","29-Sep-2005"
"ALOKTEXT","Alok Industries Limited","EQ","Agm/Dividend-12%","10","15-Sep-2005","-","19-Sep-2005","29-Sep-2005"
"SOMANYCERA","Somany Ceramics Limited","EQ","Agm","2","15-Sep-2005","-","17-Sep-2005","29-Sep-2005"
"PNC","PNC Media and Entertainment Limited","EQ","Agm/Dividend-10%","10","15-Sep-2005","-","19-Sep-2005","27-Sep-2005"
"NOIDATOLL","Noida Toll Bridge Company Limited","EQ","Agm","10","15-Sep-2005","-","19-Sep-2005","23-Sep-2005"
"DYNACONS","Dynacons Systems & Solutions Limited","EQ","Agm","2","15-Sep-2005","-","19-Sep-2005","22-Sep-2005"
"KAJARIACER","Kajaria Ceramics Limited","EQ","Agm/Dividend-35%","1","15-Sep-2005","-","17-Sep-2005","24-Sep-2005"
"SOUTHBANK","The South Indian Bank Limited","EQ","Agm","1","15-Sep-2005","-","17-Sep-2005","23-Sep-2005"
"PRUDMOULI","Prudential Sugar Corporation Limited","EQ","Agm","10","15-Sep-2005","-","22-Sep-2005","26-Sep-2005"
"SABERORGAN","Sabero Organics Gujarat Limited","EQ","Agm","10","15-Sep-2005","-","19-Sep-2005","24-Sep-2005"
"VLSFINANCE","VLS Finance Limited","EQ","Agm","10","15-Sep-2005","-","19-Sep-2005","23-Sep-2005"
"GIPCL","Gujarat Industries Power Company Limited","EQ","Agm/Dividend-12.50%","10","15-Sep-2005","-","19-Sep-2005","29-Sep-2005"
"ZODJRDMKJ","Zodiac JRD- MKJ Limited","EQ","Agm/Dividend-5%","10","15-Sep-2005","-","17-Sep-2005","24-Sep-2005"
"BGFL","Birla Global Finance Limited","EQ","Agm/Dividend-12.5%","10","15-Sep-2005","-","19-Sep-2005","30-Sep-2005"
"CURATECH","Cura Technologies Limited","EQ","Dividend-6%","10","15-Sep-2005","-","19-Sep-2005","28-Sep-2005"
"CEAT","Ceat Limited","EQ","Agm","10","15-Sep-2005","-","17-Sep-2005","29-Sep-2005"
"CALSOFT","California Software Company Limited","EQ","Agm/Dividend-10%","10","15-Sep-2005","-","19-Sep-2005","26-Sep-2005"
"NEPCMICON","NEPC India Limited","EQ","Agm","10","15-Sep-2005","-","19-Sep-2005","23-Sep-2005"
"ELDERPHARM","Elder Pharmaceuticals Limited","EQ","Agm/Dividend-25%","10","15-Sep-2005","-","19-Sep-2005","27-Sep-2005"
"MFSL","Max Financial Services Limited","EQ","Agm","2","15-Sep-2005","-","19-Sep-2005","26-Sep-2005"
"TATAVASHIS","Vashisti Detergents Limited","EQ","Agm","10","15-Sep-2005","-","17-Sep-2005","26-Sep-2005"
"VINTAGE","Vintage Cards & Creations Limited","EQ","Agm","10","15-Sep-2005","-","19-Sep-2005","29-Sep-2005"
"SANGHIIND","Sanghi Industries Limited","EQ","Agm","10","16-Sep-2005","-","23-Sep-2005","30-Sep-2005"
"HTMT","Hinduja TMT Limited","EQ","Agm/Dividend-75%","10","16-Sep-2005","-","20-Sep-2005","27-Sep-2005"
"SPIC","Southern Petrochemicals Industries Corporation  Limited","EQ","Agm","10","16-Sep-2005","-","20-Sep-2005","29-Sep-2005"
"AMBICAAGAR","Ambica Agarbathies & Aroma industries Limited","EQ","Agm","10","16-Sep-2005","-","20-Sep-2005","22-Sep-2005"
"RUBYMILLS","The Ruby Mills Limited","EQ","Agm / Dividend-20%","5","16-Sep-2005","-","20-Sep-2005","27-Sep-2005"
"RADAAN","Radaan Mediaworks India Limited","EQ","Agm","2","16-Sep-2005","-","20-Sep-2005","27-Sep-2005"
"DISHMAN","Dishman Pharmaceuticals and Chemicals Limited","EQ","Agm/Dividend-25%","2","16-Sep-2005","-","20-Sep-2005","26-Sep-2005"
"SCI","Shipping Corporation Of India Limited","EQ","Agm/Div-Rs.3/- Per Share","10","16-Sep-2005","-","20-Sep-2005","28-Sep-2005"
"KARUNACAB","Karuna Cables Limited","EQ","Agm","2","16-Sep-2005","-","23-Sep-2005","30-Sep-2005"
"COMPUDYNE","Compudyne Winosystems Limited","EQ","Agm","10","16-Sep-2005","-","20-Sep-2005","27-Sep-2005"
"MERCATOR","Mercator Limited","EQ","Dividend-100%","1","16-Sep-2005","-","20-Sep-2005","28-Sep-2005"
"GTL","GTL Limited","EQ","Div-Rs.1.80/- Per Share","10","16-Sep-2005","-","20-Sep-2005","27-Sep-2005"
"TRIGYN","Trigyn Technologies Limited","EQ","Agm","10","16-Sep-2005","-","20-Sep-2005","22-Sep-2005"
"GREAVESCOT","Greaves Cotton Limited","EQ","Agm/Div-Rs3/- Per Share  Purpose Revised","2","16-Sep-2005","-","20-Sep-2005","27-Sep-2005"
"MURUDCERA","Murudeshwar Ceramics Limited","EQ","Agm/Dividend-15%","10","16-Sep-2005","-","20-Sep-2005","29-Sep-2005"
"63MOONS","63 moons technologies limited","EQ","Agm/Dividend-20%","2","16-Sep-2005","-","20-Sep-2005","27-Sep-2005"
"TAINWALCHM","Tainwala Chemical and Plastic (I) Limited","EQ","Agm","10","16-Sep-2005","-","20-Sep-2005","26-Sep-2005"
"MANINDS","Man Industries (India) Limited","EQ","Agm/Div-Rs.2/- Per Share","5","16-Sep-2005","-","20-Sep-2005","24-Sep-2005"
"CINEVISTA","Cinevista Limited","EQ","Agm","2","16-Sep-2005","-","20-Sep-2005","26-Sep-2005"
"BIL","Bhartiya International Limited","EQ","Agm/Dividend-15%         Bc Revised","10","19-Sep-2005","-","21-Sep-2005","22-Sep-2005"
"BEML","BEML Limited","EQ","Agm/Dividend-85%","5","19-Sep-2005","-","21-Sep-2005","28-Sep-2005"
"KRBL","KRBL Limited","EQ","Agm/Dividend-20%","1","19-Sep-2005","-","21-Sep-2005","26-Sep-2005"
"AUSOMENT","Ausom Enterprise Limited","EQ","Agm","10","19-Sep-2005","-","21-Sep-2005","24-Sep-2005"
"NORBTEAEXP","Norben Tea & Exports Limited","EQ","Agm","10","19-Sep-2005","-","21-Sep-2005","27-Sep-2005"
"REGENCERAM","Regency Ceramics Limited","EQ","Agm                      Purpose Revised","10","19-Sep-2005","-","21-Sep-2005","28-Sep-2005"
"BANARISUG","Bannari Amman Sugars Limited","EQ","Agm/Dividend-45%","10","19-Sep-2005","-","21-Sep-2005","29-Sep-2005"
"FSS","Flextronics Software Systems Limited","EQ","Agm/Dividend-50%","5","19-Sep-2005","-","21-Sep-2005","29-Sep-2005"
"JAYPEEHOT","Jaypee Hotels Limited","EQ","Agm","10","19-Sep-2005","-","21-Sep-2005","29-Sep-2005"
"OSWALGREEN","Oswal Greentech Limited","EQ","Agm","10","19-Sep-2005","-","21-Sep-2005","24-Sep-2005"
"SUNPHARMA","Sun Pharmaceutical Industries Limited","EQ","Agm/Dividend-75%","1","19-Sep-2005","-","21-Sep-2005","30-Sep-2005"
"ARVIND","Arvind Limited","EQ","Agm/Dividend-10%","10","19-Sep-2005","-","21-Sep-2005","29-Sep-2005"
"ARL","Arvind Remedies Limited","EQ","Agm/Dividend-2%","1","20-Sep-2005","-","22-Sep-2005","26-Sep-2005"
"WELENT","Welspun Enterprises Limited","EQ","Agm/Dividend-10%","10","20-Sep-2005","-","22-Sep-2005","30-Sep-2005"
"SUPREMEIND","Supreme Industries Limited","EQ","Dividend-90%","2","20-Sep-2005","-","22-Sep-2005","30-Sep-2005"
"AUROPHARMA","Aurobindo Pharma Limited","EQ","Agm/Dividend-10%","1","20-Sep-2005","-","22-Sep-2005","27-Sep-2005"
"SOTL","Savita Oil Technologies Limited","EQ","Agm/Dividend-100%","2","20-Sep-2005","-","22-Sep-2005","28-Sep-2005"
"MODIRUBBER","Modi Rubber Limited","EQ","Agm","10","20-Sep-2005","-","22-Sep-2005","28-Sep-2005"
"KOPRAN","Kopran Limited","EQ","Agm","10","20-Sep-2005","-","22-Sep-2005","24-Sep-2005"
"NKIND","NK Industries Limited","EQ","Agm","10","20-Sep-2005","-","22-Sep-2005","29-Sep-2005"
"HINDDORROL","Hindustan Dorr-Oliver Limited","EQ","Agm/Dividend-12%","2","20-Sep-2005","-","22-Sep-2005","28-Sep-2005"
"RELMEDIA","Reliance MediaWorks Limited","EQ","Agm/Dividend-40%","5","20-Sep-2005","-","22-Sep-2005","29-Sep-2005"
"JSL","Jindal Stainless Limited","EQ","Agm                      Bc End Date Revised","2","20-Sep-2005","-","22-Sep-2005","27-Sep-2005"
"MUKTAARTS","Mukta Arts Limited","EQ","Agm","5","20-Sep-2005","-","22-Sep-2005","29-Sep-2005"
"PSL","PSL Limited","EQ","Agm/Div-Rs.2/- Per Share","10","20-Sep-2005","-","22-Sep-2005","29-Sep-2005"
"RAINCALCIN","Rain Calcining Limited","EQ","Agm","10","20-Sep-2005","-","22-Sep-2005","24-Sep-2005"
"CRANESSOFT","Cranes Software International Limited","EQ","Agm/Div Fin-20% + Spl-30%","2","20-Sep-2005","-","22-Sep-2005","26-Sep-2005"
"MIRZAINT","Mirza International Limited","EQ","Agm/Dividend-20%","2","20-Sep-2005","-","22-Sep-2005","29-Sep-2005"
"REMSONSIND","Remsons Industries Limited","EQ","Agm","2","20-Sep-2005","-","22-Sep-2005","30-Sep-2005"
"WELSPUNLIV","Welspun Living Limited","EQ","Agm                      Purpose Revised","1","20-Sep-2005","-","22-Sep-2005","24-Sep-2005"
"ZEEL","Zee Entertainment Enterprises Limited","EQ","Agm/Dividend-100%","1","20-Sep-2005","-","22-Sep-2005","28-Sep-2005"
"BANARBEADS","Banaras Beads Limited","EQ","Agm","10","20-Sep-2005","-","22-Sep-2005","29-Sep-2005"
"XCHANGING","Xchanging Solutions Limited","EQ","Agm","10","20-Sep-2005","-","22-Sep-2005","29-Sep-2005"
"PRIMESECU","Prime Securities Limited","EQ","Agm","5","20-Sep-2005","-","22-Sep-2005","28-Sep-2005"
"PARASPETRO","Paras Petrofils Limited","EQ","Agm","1","21-Sep-2005","-","23-Sep-2005","30-Sep-2005"
"DCM","DCM  Limited","EQ","Agm","10","21-Sep-2005","-","23-Sep-2005","28-Sep-2005"
"PTC","PTC India Limited","EQ","Agm/Dividend-8%","10","21-Sep-2005","-","23-Sep-2005","28-Sep-2005"
"SB&TINTL","SB&T International Limited","EQ","Agm/Dividend-5%","10","21-Sep-2005","-","23-Sep-2005","30-Sep-2005"
"STINDIA","STI India Limited","EQ","Agm","10","21-Sep-2005","-","23-Sep-2005","30-Sep-2005"
"HANILERA","Hanil Era Textiles Limited","EQ","Agm/Dividend-11%","10","21-Sep-2005","-","23-Sep-2005","30-Sep-2005"
"APARINDS","Apar Industries Limited","EQ","Dividend-12.50%","10","21-Sep-2005","-","23-Sep-2005","30-Sep-2005"
"ATLASCYCLE","Atlas Cycles (Haryana) Limited","EQ","Agm/Dividend-45%","5","21-Sep-2005","-","23-Sep-2005","30-Sep-2005"
"TECILCHEM","TECIL Chemicals and Hydro Power Limited","EQ","Agm","10","21-Sep-2005","-","23-Sep-2005","30-Sep-2005"
"APOWERTOOL","Consortex Karl Doelitzsch (India) Limited","EQ","Agm","10","21-Sep-2005","-","23-Sep-2005","30-Sep-2005"
"SANGHIPOLY","Sanghi Polyesters Limited","EQ","Agm","10","21-Sep-2005","-","23-Sep-2005","30-Sep-2005"
"HIMACHLFUT","Himachal Futuristic Communications Limited","EQ","Agm","10","21-Sep-2005","-","23-Sep-2005","30-Sep-2005"
"AARTIIND","Aarti Industries Limited","EQ","Agm/Dividend-7%","5","21-Sep-2005","-","23-Sep-2005","30-Sep-2005"
"KAKATCEM","Kakatiya Cement Sugar & Industries Limited","EQ","Agm/Dividend-20%","10","21-Sep-2005","-","23-Sep-2005","30-Sep-2005"
"AJANTPHARM","Ajanta Pharma Limited","EQ","Agm","2","21-Sep-2005","-","23-Sep-2005","30-Sep-2005"
"HELIOSMATH","Helios And Matheson Information Technology Limited","EQ","Agm/Dividend-15%","10","21-Sep-2005","-","23-Sep-2005","28-Sep-2005"
"MONNETISPA","Monnet Ispat and Energy Limited","EQ","Agm","10","21-Sep-2005","-","23-Sep-2005","30-Sep-2005"
"JCTELEC","JCT Electronics Limited","EQ","Agm","10","21-Sep-2005","-","23-Sep-2005","30-Sep-2005"
"ORIENTINFO","Orient Information Technology Limited","EQ","Agm","10","21-Sep-2005","-","23-Sep-2005","30-Sep-2005"
"PENTACOMMU","Pentasoft Technologies Limited","EQ","Agm","10","21-Sep-2005","-","23-Sep-2005","29-Sep-2005"
"REIAGRO","Rei Agro Limited","EQ","Agm/Div-(Fin-15%+Int-10%)","10","21-Sep-2005","-","23-Sep-2005","24-Sep-2005"
"SPMLINFRA","SPML Infra Limited","EQ","Agm/Dividend-10%","2","21-Sep-2005","-","23-Sep-2005","29-Sep-2005"
"DATTMEDI","Datt Mediproducts Limited","EQ","Agm","10","21-Sep-2005","-","23-Sep-2005","29-Sep-2005"
"AUTOLITIND","Autolite (India) Limited","EQ","Agm","10","21-Sep-2005","-","23-Sep-2005","30-Sep-2005"
"ARENTERP","Rajdarshan Industries Limited","EQ","Agm","10","21-Sep-2005","-","23-Sep-2005","30-Sep-2005"
"SHIVTEX","Shiva Texyarn Limited","EQ","Agm/Dividend-10%","10","21-Sep-2005","-","23-Sep-2005","29-Sep-2005"
"COSMOFIRST","COSMO FIRST LIMITED","EQ","Agm/Dividend-35%","10","21-Sep-2005","-","23-Sep-2005","27-Sep-2005"
"STEELTUBES","Steel Tubes of India Limited","EQ","Agm","10","21-Sep-2005","-","23-Sep-2005","30-Sep-2005"
"PNBGILTS","PNB Gilts Limited","EQ","Agm","10","21-Sep-2005","-","23-Sep-2005","30-Sep-2005"
"CORALFINAC","Coral India Finance & Housing Limited","EQ","Agm","2","22-Sep-2005","-","24-Sep-2005","30-Sep-2005"
"MPHASIS","MphasiS Limited","EQ","Agm/Div-Rs.3/- Per Share","10","22-Sep-2005","-","26-Sep-2005","29-Sep-2005"
"JAYNECOIND","Jayaswal Neco Industries Limited","EQ","Agm","10","22-Sep-2005","-","26-Sep-2005","30-Sep-2005"
"NARMADASUG","Girdharilal Sugar and Allied Industries Limited","EQ","Agm","10","22-Sep-2005","-","26-Sep-2005","29-Sep-2005"
"INDSWFTLAB","Ind-Swift Laboratories Limited","EQ","Agm/Dividend-15%","10","22-Sep-2005","-","26-Sep-2005","28-Sep-2005"
"BHARATRAS","Bharat Rasayan Limited","EQ","Agm","5","22-Sep-2005","-","26-Sep-2005","30-Sep-2005"
"SNOWCEMIND","Snowcem India Limited","EQ","Agm","10","22-Sep-2005","-","26-Sep-2005","30-Sep-2005"
"RAMGOPOLY","Ramgopal Polytex Limited","EQ","Agm","10","22-Sep-2005","-","29-Sep-2005","30-Sep-2005"
"LAKSHVILAS","Lakshmi Vilas Bank Limited","EQ","Agm","10","22-Sep-2005","-","24-Sep-2005","29-Sep-2005"
"LCCINFOTEC","LCC Infotech Limited","EQ","Agm","2","22-Sep-2005","-","26-Sep-2005","30-Sep-2005"
"MADRASFERT","Madras Fertilizers Limited","EQ","Agm","10","22-Sep-2005","-","26-Sep-2005","28-Sep-2005"
"MAHAPEXLTD","Maha Rashtra Apex Corporation Limited","EQ","Agm","10","22-Sep-2005","-","26-Sep-2005","29-Sep-2005"
"PRAKASH","Prakash Industries Limited","EQ","Agm","10","22-Sep-2005","-","24-Sep-2005","30-Sep-2005"
"PATELENG","Patel Engineering Limited","EQ","Agm/Dividend-60%","1","22-Sep-2005","-","26-Sep-2005","29-Sep-2005"
"ZENITHEXPO","Zenith Exports Limited","EQ","Agm","10","22-Sep-2005","-","26-Sep-2005","30-Sep-2005"
"RICOAUTO","Rico Auto Industries Limited","EQ","Agm","1","22-Sep-2005","-","26-Sep-2005","30-Sep-2005"
"GUFICBIO","Gufic Biosciences Limited","EQ","Agm/Div-Re 0.22/- Per Sh","1","22-Sep-2005","-","24-Sep-2005","30-Sep-2005"
"INDIAFOILS","India Foils Limited","EQ","Agm","10","22-Sep-2005","-","26-Sep-2005","30-Sep-2005"
"ORIENTPRES","Orient Press Limited","EQ","Agm","10","22-Sep-2005","-","26-Sep-2005","30-Sep-2005"
"POLARIND","Polar Industries Limited","EQ","Agm","10","22-Sep-2005","-","26-Sep-2005","30-Sep-2005"
"GLENMARK","Glenmark Pharmaceuticals Limited","EQ","Agm","1","22-Sep-2005","-","26-Sep-2005","27-Sep-2005"
"BIOFILCHEM","Biofil Chemicals & Pharmaceuticals Limited","EQ","Agm","10","22-Sep-2005","-","26-Sep-2005","30-Sep-2005"
"EMTEXIND","Emtex Industries ( India ) Limited","EQ","Agm","10","22-Sep-2005","-","26-Sep-2005","30-Sep-2005"
"INDSWFTLTD","Ind-Swift Limited","EQ","Dividend-20%","2","22-Sep-2005","-","26-Sep-2005","28-Sep-2005"
"KEYFINSERV","Keynote Financial Services Limited","EQ","Agm","10","22-Sep-2005","-","26-Sep-2005","30-Sep-2005"
"HEGAM","HEG Advanced Materials Limited","EQ","Agm/Dividend-30%","2","22-Sep-2005","-","26-Sep-2005","30-Sep-2005"
"VISESHINFO","Visesh Infotecnics Limited","EQ","Agm","1","22-Sep-2005","-","24-Sep-2005","29-Sep-2005"
"MAARSOFTW","Maars Software International Limited","EQ","Agm","10","22-Sep-2005","-","26-Sep-2005","29-Sep-2005"
"IVRCLINFRA","IVRCL Limited","EQ","Agm/Dividend-30%         Book Closure Dates Revised","2","22-Sep-2005","-","26-Sep-2005","30-Sep-2005"
"WELCORP","Welspun Corp Limited","EQ","Agm","5","22-Sep-2005","-","26-Sep-2005","30-Sep-2005"
"ANTGRAPHIC","Antarctica Limited","EQ","Agm","1","22-Sep-2005","-","24-Sep-2005","30-Sep-2005"
"JAIBALAJI","Jai Balaji Industries Limited","EQ","Agm/Div-Rs.1.20/- Per Sh","2","22-Sep-2005","-","24-Sep-2005","28-Sep-2005"
"NOVOPANIND","Novopan Industries Limited","EQ","Agm/Dividend-20%","10","22-Sep-2005","-","26-Sep-2005","28-Sep-2005"
"STCINDIA","The State Trading Corporation of India Limited","EQ","Agm/Dividend-15%","10","22-Sep-2005","-","26-Sep-2005","30-Sep-2005"
"ESSAROIL","Essar Oil Limited","EQ","Agm","10","23-Sep-2005","-","27-Sep-2005","29-Sep-2005"
"MOTOGENFIN","The Motor & General Finance Limited","EQ","Agm","5","23-Sep-2005","-","27-Sep-2005","30-Sep-2005"
"JINDALPHOT","Jindal Photo Limited","EQ","Agm","10","23-Sep-2005","-","27-Sep-2005","29-Sep-2005"
"DCHL","Deccan Chronicle Holdings Limited","EQ","Dividend-10%","2","23-Sep-2005","-","27-Sep-2005","29-Sep-2005"
"NATIONALUM","National Aluminium Company Limited","EQ","Agm/Dividend-20%","5","23-Sep-2005","-","27-Sep-2005","30-Sep-2005"
"JAYAGROGN","Jayant Agro Organics Limited","EQ","Div-Rs.2.50/- Per Share","5","23-Sep-2005","-","27-Sep-2005","29-Sep-2005"
"TOKYOPLAST","Tokyo Plast International Limited","EQ","Agm","10","23-Sep-2005","-","27-Sep-2005","29-Sep-2005"
"KITPLYIND","Kitply Industries Limited","EQ","Agm","10","23-Sep-2005","-","27-Sep-2005","30-Sep-2005"
"NAMASTEXP","Namaste Exports Limited","EQ","Agm","10","23-Sep-2005","-","30-Sep-2005","30-Sep-2005"
"NEOCURTHER","Neocure Therapeutics Limited","EQ","Agm","10","23-Sep-2005","-","27-Sep-2005","30-Sep-2005"
"SUNDRMCLAY","Sundaram Clayton Limited","EQ","Agm","10","23-Sep-2005","-","27-Sep-2005","29-Sep-2005"
"KRISNAFILA","Krishna Filaments Limited","EQ","Agm","10","23-Sep-2005","-","27-Sep-2005","30-Sep-2005"
"TIPSMUSIC","Tips Music Limited","EQ","Agm","1","23-Sep-2005","-","27-Sep-2005","27-Sep-2005"
"AXISCADES","AXISCADES Technologies Limited","EQ","Agm","5","23-Sep-2005","-","27-Sep-2005","30-Sep-2005"
"SOLECTCENT","Solectron Centum Electronics Limited","EQ","Agm","10","23-Sep-2005","-","27-Sep-2005","30-Sep-2005"
"ARAVALIIND","Aravali Industries Limited","EQ","Agm","10","23-Sep-2005","-","27-Sep-2005","30-Sep-2005"
"TNTELE","Tamilnadu Telecommunication Limited","EQ","Agm","10","23-Sep-2005","-","27-Sep-2005","30-Sep-2005"
"ALPSINDUS","Alps Industries Limited","EQ","Agm/Dividend-15%","10","26-Sep-2005","-","28-Sep-2005","29-Sep-2005"
"PADMALAYAT","Padmalaya Telefilms Limited","EQ","Agm","10","26-Sep-2005","-","28-Sep-2005","30-Sep-2005"
"ETPCORP","ETP Corporation Limited","EQ","Agm","10","26-Sep-2005","-","28-Sep-2005","29-Sep-2005"
"21STCENMGM","21st Century Management Services Limited","EQ","Agm","10","26-Sep-2005","-","28-Sep-2005","30-Sep-2005"
"BLBLIMITED","BLB Limited","EQ","Agm","1","26-Sep-2005","-","28-Sep-2005","28-Sep-2005"
"JAGSNPHARM","Jagsonpal Pharmaceuticals Limited","EQ","Agm/Div-Re.1/- Per Share","2","26-Sep-2005","-","28-Sep-2005","30-Sep-2005"
"ADITYAINTL","Aditya International Limited","EQ","Agm","10","26-Sep-2005","-","28-Sep-2005","30-Sep-2005"
"KRISHNAENG","Krishna Engineering Works Limited","EQ","Agm","10","26-Sep-2005","-","28-Sep-2005","29-Sep-2005"
"MALWACOTT","Malwa Cotton Spg. Mills Limited","EQ","Agm","10","27-Sep-2005","-","29-Sep-2005","30-Sep-2005"
"GOLDTECH","AION-TECH SOLUTIONS LIMITED","EQ","Agm","10","27-Sep-2005","-","29-Sep-2005","29-Sep-2005"
"ADROITINFO","Adroit Infotech Limited","EQ","Agm","10","27-Sep-2005","-","29-Sep-2005","29-Sep-2005"
"AKSHOPTFBR","Aksh Optifibre Limited","EQ","Agm","5","27-Sep-2005","-","29-Sep-2005","30-Sep-2005"
"GUJSTATFIN","Gujarat State Financial Corporation","EQ","Agm","10","27-Sep-2005","-","05-Oct-2005","07-Oct-2005"
"VITALCOMM","Vital Communications Limited","EQ","Agm","10","27-Sep-2005","-","29-Sep-2005","30-Sep-2005"
"SUBCAPCITY","International Constructions Limited","EQ","Agm","10","28-Sep-2005","-","30-Sep-2005","30-Sep-2005"
"SURYAPHARM","Surya Pharmaceutical Limited","EQ","Agm","1","28-Sep-2005","-","30-Sep-2005","30-Sep-2005"
"CHAMBLFERT","Chambal Fertilizers & Chemicals Limited","EQ","Dividend-18%","10","29-Sep-2005","-","04-Oct-2005","10-Oct-2005"
"RUCHINFRA","Ruchi Infrastructure Limited","EQ","Dividend-3.75%","1","03-Oct-2005","-","05-Oct-2005","06-Oct-2005"
"DUNCANSIND","Duncans Industries Limited","EQ","Agm","10","05-Oct-2005","-","07-Oct-2005","14-Oct-2005"
"SUPPETRO","Supreme Petrochem Limited","EQ","Agm","10","05-Oct-2005","-","07-Oct-2005","20-Oct-2005"
"OUDHSUG","The Oudh Sugar Mills Limited","EQ","Agm/Dividend-25%","10","11-Oct-2005","-","14-Oct-2005","21-Oct-2005"
"PNB","Punjab National Bank","EQ","Egm","2","13-Oct-2005","-","15-Oct-2005","21-Oct-2005"
"HINDMOTOR","Hindustan Motors Limited","EQ","Agm","10","14-Oct-2005","-","18-Oct-2005","26-Oct-2005"
"CUBEXTUB","Cubex Tubings Limited","EQ","Agm","10","14-Oct-2005","-","21-Oct-2005","25-Oct-2005"
"EUROSOFTAL","European Software Alliances Limited","EQ","Agm","10","18-Oct-2005","-","20-Oct-2005","25-Oct-2005"
"SCINTSOFT","Scintilla Software Technology Limited","EQ","Agm","10","18-Oct-2005","-","20-Oct-2005","25-Oct-2005"
"HCL-INSYS","HCL Infosystems Limited","EQ","Int Div-100%/Fin Div-100%Purpose Revised","2","20-Oct-2005","-","24-Oct-2005","25-Oct-2005"
"WOPOLIN","Wopolin Plastics Limited","EQ","Agm","10","20-Oct-2005","-","24-Oct-2005","25-Oct-2005"
"NSIL","Nalwa Sons Investments Limited","EQ","Agm","10","21-Oct-2005","-","25-Oct-2005","28-Oct-2005"
"RPGTLTD","RPG Transmission Limited","EQ","Agm                      Book Closure  Dates Revised","10","26-Oct-2005","-","28-Oct-2005","07-Nov-2005"
"JIKINDS","JIK Industries Limited","EQ","Agm","1","26-Oct-2005","-","28-Oct-2005","07-Nov-2005"
"RADICO","Radico Khaitan Limited","EQ","Agm/Dividend-22%","2","28-Oct-2005","-","01-Nov-2005","16-Nov-2005"
"JINDALPOLY","Jindal Poly Films Limited","EQ","Agm","10","31-Oct-2005","-","07-Nov-2005","16-Nov-2005"
"RANASUG","Rana Sugars Limited","EQ","Dividend-Re.1/- Per Sh","10","31-Oct-2005","-","03-Nov-2005","03-Nov-2005"
"HMT","HMT Limited","EQ","Agm","10","02-Nov-2005","-","08-Nov-2005","14-Nov-2005"
"PGHH","Procter & Gamble Hygiene and Health Care Limited","EQ","Agm/Div-Rs.40/- Per Share","10","10-Nov-2005","-","12-Nov-2005","25-Nov-2005"
"FEL","Future Enterprises Limited","EQ","Agm/Div-Rs.2.50/- Per Sh","2","11-Nov-2005","-","15-Nov-2005","22-Nov-2005"
"ROLTA","Rolta India Limited","EQ","Agm/Div-Rs.3.50/- Per Sh","10","11-Nov-2005","-","16-Nov-2005","23-Nov-2005"
"GARDENSILK","Garden Silk Mills Limited","EQ","Dividend-15%","10","18-Nov-2005","-","22-Nov-2005","01-Dec-2005"
"ITI","ITI Limited","EQ","Agm","10","21-Nov-2005","-","23-Nov-2005","30-Nov-2005"
"BILT","Ballarpur Industries Limited","EQ","Agm/Dividend-12.5%","10","22-Nov-2005","-","24-Nov-2005","07-Dec-2005"
"GENESYS","Genesys International Corporation Limited","EQ","Agm","5","23-Nov-2005","-","25-Nov-2005","30-Nov-2005"
"BPLSANUTIL","B S Appliances Limited","EQ","Agm","10","24-Nov-2005","-","26-Nov-2005","02-Dec-2005"
"INDLMETER","IMP Powers Limited","EQ","Annual Book Closure","10","29-Nov-2005","-","01-Dec-2005","15-Dec-2005"
"NELCO","NELCO Limited","EQ","Agm","10","29-Nov-2005","-","01-Dec-2005","21-Dec-2005"
"SAKHTISUG","Sakthi Sugars Limited","EQ","Agm","10","29-Nov-2005","-","01-Dec-2005","14-Dec-2005"
"GRANULES","Granules India Limited","EQ","Agm/Final Dividend-12.5%","1","01-Dec-2005","-","03-Dec-2005","05-Dec-2005"
"HCLTECH","HCL Technologies Limited","EQ","Agm/Fin Div - 200%","2","06-Dec-2005","-","08-Dec-2005","16-Dec-2005"
"MANGLMCEM","Mangalam Cement Limited","EQ","Agm","10","12-Dec-2005","-","14-Dec-2005","21-Dec-2005"
"SUPERFORGE","Super Forgings & Steels Limited","EQ","Agm","10","14-Dec-2005","-","16-Dec-2005","23-Dec-2005"
"MELSTAR","Melstar Information Technologies Limited","EQ","Agm","10","14-Dec-2005","-","16-Dec-2005","19-Dec-2005"
"MARKSANS","Marksans Pharma Limited","EQ","Agm","1","14-Dec-2005","-","16-Dec-2005","22-Dec-2005"
"BPLREFRIG","B S Refrigerators Limited","EQ","Agm","10","14-Dec-2005","-","16-Dec-2005","22-Dec-2005"
"DCMFINSERV","DCM Financial Services Limited","EQ","Agm","10","15-Dec-2005","-","19-Dec-2005","29-Dec-2005"
"WEIZMANIND","Weizmann Limited","EQ","Agm/Dividend - 5%        Book Closure Revised","10","16-Dec-2005","-","20-Dec-2005","23-Dec-2005"
"WINDSOR","Windsor Machines Limited","EQ","Agm","10","16-Dec-2005","-","20-Dec-2005","22-Dec-2005"
"SOFTTECHGR","Software Technology Group International Limited","EQ","Agm","10","16-Dec-2005","-","20-Dec-2005","30-Dec-2005"
"NOVAELEMAG","Nova Electro Magnetics Limited","EQ","Agm","10","19-Dec-2005","-","21-Dec-2005","28-Dec-2005"
"COREPARENT","Core Healthcare Limited","EQ","Agm","10","20-Dec-2005","-","22-Dec-2005","28-Dec-2005"
"THIRUSUGAR","Thiru Arooran Sugars Limited","EQ","Agm","10","21-Dec-2005","-","23-Dec-2005","30-Dec-2005"
"AFTEK","Aftek Limited","EQ","Agm/Fin Div-Re.1/- Per Sh","2","21-Dec-2005","-","23-Dec-2005","30-Dec-2005"
"CHAMPDANY","The Champdany Industries Limited","EQ","Agm","10","21-Dec-2005","-","23-Dec-2005","30-Dec-2005"
"SMZSCHEM","SMZS Chemicals Limited","EQ","Agm","10","21-Dec-2005","-","23-Dec-2005","30-Dec-2005"
"FACT","Fertilizers and Chemicals Travancore Limited","EQ","Agm","10","21-Dec-2005","-","23-Dec-2005","30-Dec-2005"
"RENUKA","Shree Renuka Sugars Limited","EQ","Agm/Dividend-20%","1","21-Dec-2005","-","23-Dec-2005","30-Dec-2005"
"ESCORTS","Escorts Kubota Limited","EQ","Annual Book Closure","10","22-Dec-2005","-","26-Dec-2005","31-Dec-2005"
"HARYANSHET","Haryana Sheet Glass Limited","EQ","Agm","10","22-Dec-2005","-","26-Dec-2005","29-Dec-2005"
"MEDIAVIDEO","Media Video Limited","EQ","Agm","10","22-Dec-2005","-","26-Dec-2005","30-Dec-2005"
"NETVISTAIT","Netvista Information Technology Limited","EQ","Agm","10","22-Dec-2005","-","26-Dec-2005","30-Dec-2005"
"SUMMIT","Summit Securities Limited","EQ","Agm","10","22-Dec-2005","-","26-Dec-2005","31-Dec-2005"
"KNDENGTECH","KND Engineering Technologies Limited","EQ","Agm","10","22-Dec-2005","-","26-Dec-2005","30-Dec-2005"
"AMTEKAUTO","Amtek Auto Limited","EQ","Agm/Dividend-70%","2","22-Dec-2005","-","26-Dec-2005","30-Dec-2005"
"JINDALSAW","Jindal Saw Limited","EQ","Agm/Fin Div-Rs.4/- Per Sh","1","23-Dec-2005","-","27-Dec-2005","29-Dec-2005"
"SHRVINDPPR","Shree Vindhya Paper Mills Limited","EQ","Agm","10","23-Dec-2005","-","27-Dec-2005","30-Dec-2005"
"SRERAYHIST","Sree Rayalaseema Hi-Strength Hypo Limited","EQ","Agm","10","23-Dec-2005","-","27-Dec-2005","30-Dec-2005"
"METALFORGE","Metalyst Forgings Limited","EQ","Agm","10","23-Dec-2005","-","27-Dec-2005","31-Dec-2005"
"RAJVIR","Rajvir Industries Limited","EQ","Agm/Dividend-20%","10","26-Dec-2005","-","28-Dec-2005","31-Dec-2005"
"ENTEGRA","Entegra Limited","EQ","Agm","10","26-Dec-2005","-","28-Dec-2005","30-Dec-2005"
"FEDDERELEC","Fedders Electric and Engineering Limited","EQ","Agm","10","26-Dec-2005","-","28-Dec-2005","30-Dec-2005"
"GRANDFONRY","Grand Foundry Limited","EQ","Agm","10","27-Dec-2005","-","29-Dec-2005","29-Dec-2005"
"SRGINFOTEC","SRG Infotec (India) Limited","EQ","Agm","10","27-Dec-2005","-","29-Dec-2005","30-Dec-2005"
"HAVISHA","Sri Havisha Hospitality and Infrastructure Limited","EQ","Agm","2","28-Dec-2005","-","30-Dec-2005","30-Dec-2005"
"MAFATLAFIN","Mafatlal Finance Limited","EQ","Agm","10","28-Dec-2005","-","30-Dec-2005","31-Dec-2005"
"DWARKESH","Dwarikesh Sugar Industries Limited","EQ","Agm","1","06-Jan-2006","-","10-Jan-2006","16-Jan-2006"
"WALCHANNAG","Walchandnagar Industries Limited","EQ","Agm/Dividend-30%","2","06-Jan-2006","-","10-Jan-2006","16-Jan-2006"
"SIEMENS","Siemens Limited","EQ","Agm/Div-Fin-45% + Spl-55%","2","06-Jan-2006","-","10-Jan-2006","27-Jan-2006"
"KINETICMOT","Kinetic Motor Company Limited","EQ","Agm","10","12-Jan-2006","-","16-Jan-2006","21-Jan-2006"
"ONIDA","Onida Electronics Limited","EQ","Agm/Final Dividend-60%","1","16-Jan-2006","-","18-Jan-2006","25-Jan-2006"
"UNIWESTBNK","United Western Bank Limited","EQ","Bonus - 1:5/Rights - 1:2","10","17-Jan-2006","-","24-Jan-2006","25-Jan-2006"
"VATSMUSC","Vatsa Music Limited","EQ","Agm","1","19-Jan-2006","-","23-Jan-2006","30-Jan-2006"
"SIL","Standard Industries Limited","EQ","Dividend-12.5%","5","03-Feb-2006","-","07-Feb-2006","21-Feb-2006"
"NUCHEM","Nuchem Limited","EQ","Agm","10","08-Feb-2006","-","11-Feb-2006","18-Feb-2006"
"DHAMPURSUG","Dhampur Sugar Mills Limited","EQ","Agm/Final Dividend-10%","10","27-Feb-2006","-","01-Mar-2006","06-Mar-2006"
"JKINDUSTRY","J.K.Industries Limited","EQ","Agm/Dividend-20%","10","02-Mar-2006","-","06-Mar-2006","11-Mar-2006"
"MRF","MRF Limited","EQ","Agm/Dividend-140%","10","10-Mar-2006","-","14-Mar-2006","23-Mar-2006"
"PVP","PVP Ventures Limited","EQ","Agm","10","13-Mar-2006","-","16-Mar-2006","23-Mar-2006"
"GUJRATGAS","Gujarat Gas Company Limited","EQ","Dividend-Rs.10/- Per Sh","2","13-Mar-2006","-","16-Mar-2006","20-Mar-2006"
"GODREJCP","Godrej Consumer Products Limited","EQ","Annual Book Closure","1","14-Mar-2006","-","17-Mar-2006","17-Mar-2006"
"VIDEOIND","Videocon Industries Limited","EQ","Agm/Div-Rs.2.50 Per Sh","10","16-Mar-2006","-","18-Mar-2006","31-Mar-2006"
"BAJAJHIND","Bajaj Hindusthan Sugar Limited","EQ","Agm/Dividend-50%","1","16-Mar-2006","-","18-Mar-2006","28-Mar-2006"
"VALUEIND","Value Industries Limited","EQ","Agm/Dividend-5%          Bc End Date Revised","10","16-Mar-2006","-","18-Mar-2006","31-Mar-2006"
"VXL","Birla VXL Limited","EQ","Agm","10","17-Mar-2006","-","21-Mar-2006","28-Mar-2006"
"KOPDRUGS","KDL Biotech Limited","EQ","Agm","10","17-Mar-2006","-","21-Mar-2006","24-Mar-2006"
"QUINTEGRA","Quintegra Solutions Limited","EQ","Agm","10","17-Mar-2006","-","21-Mar-2006","27-Mar-2006"
"CRISIL","Crisil Limited","EQ","Agm/Fin Div-Rs.10 Per Sh","1","17-Mar-2006","-","21-Mar-2006","23-Mar-2006"
"CIMCOBIRLA","Cimmco Birla Limited","EQ","Agm","10","20-Mar-2006","-","22-Mar-2006","31-Mar-2006"
"UPERGANGES","Upper Ganges Sugar & Industries Limited","EQ","Agm","10","20-Mar-2006","-","22-Mar-2006","30-Mar-2006"
"THOMASCOOK","Thomas Cook  (India)  Limited","EQ","Agm/Div-3.75/- Per Share","1","21-Mar-2006","-","23-Mar-2006","28-Mar-2006"
"UNIVAFOODS","Univa Foods Limited","EQ","Agm","10","23-Mar-2006","-","27-Mar-2006","29-Mar-2006"
"GLAXO","GlaxoSmithKline Pharmaceuticals Limited","EQ","Fin Div-Rs14+Spl Div-Rs14","10","24-Mar-2006","-","28-Mar-2006","12-Apr-2006"
"NOVASTEEL","Nova Steel India Limited","EQ","Agm","10","24-Mar-2006","-","28-Mar-2006","04-Apr-2006"
"OSWALAGRO","Oswal Agro Mills Limited","EQ","Agm","10","27-Mar-2006","-","29-Mar-2006","30-Mar-2006"
"S&SPOWER","S&S Power Switchgears Limited","EQ","Agm","10","27-Mar-2006","-","29-Mar-2006","31-Mar-2006"
"SCHAEFFLER","Schaeffler India Limited","EQ","Dividend-35%","2","29-Mar-2006","-","01-Apr-2006","05-Apr-2006"
"ACC","ACC Limited","EQ","Agm/Dividend-Rs8/- Per Sh","10","29-Mar-2006","-","01-Apr-2006","12-Apr-2006"
"CEMPRO","Cemindia Projects Limited","EQ","Agm","1","31-Mar-2006","-","04-Apr-2006","07-Apr-2006"
"FOSECOIND","Foseco India Limited","EQ","Agm/Div.-Rs 5.50 Per Sh  Purpose Revised","10","31-Mar-2006","-","04-Apr-2006","11-Apr-2006"
"GILLETTE","Gillette India Limited","EQ","Agm/Fin Div-Rs.10 Per Sh","10","31-Mar-2006","-","04-Apr-2006","10-Apr-2006"
"HONAUT","Honeywell Automation India Limited","EQ","Agm//Div-Rs.8/- Per Sh","10","03-Apr-2006","-","05-Apr-2006","12-Apr-2006"
"VESUVIUS","Vesuvius India Limited","EQ","Agm/Final Dividend-35%","1","07-Apr-2006","-","12-Apr-2006","20-Apr-2006"
"SKFINDIA","SKF India Limited","EQ","Agm/Final Dividend-35%","10","07-Apr-2006","-","12-Apr-2006","27-Apr-2006"
"ALFALAVAL","Alfa Laval (India) Limited","EQ","Agm/Final Dividend - 150%","10","10-Apr-2006","-","13-Apr-2006","27-Apr-2006"
"SEAMECLTD","Seamec Limited","EQ","Agm","10","10-Apr-2006","-","13-Apr-2006","19-Apr-2006"
"PFIZER","Pfizer Limited","EQ","Agm/Div-Rs.10/- Per Share","10","10-Apr-2006","-","13-Apr-2006","21-Apr-2006"
"STYRENIX","Styrenix Performance Materials Limited","EQ","Agm/Dividend-25%","10","12-Apr-2006","-","17-Apr-2006","21-Apr-2006"
"3MINDIA","3M India Limited","EQ","Agm","10","12-Apr-2006","-","17-Apr-2006","24-Apr-2006"
"PGHL","Procter & Gamble Health Limited","EQ","Agm/Div-Rs.15/- Per Sh","10","12-Apr-2006","-","15-Apr-2006","27-Apr-2006"
"ASTRAZEN","AstraZeneca Pharma India Limited","EQ","Agm/Fin Div-Rs.20 Per Sh","2","12-Apr-2006","-","14-Apr-2006","28-Apr-2006"
"ESABINDIA","Esab India Limited","EQ","Agm/Special Dividend-260%","10","13-Apr-2006","-","18-Apr-2006","28-Apr-2006"
"DENORA","De Nora India Limited","EQ","Dividend-Rs.7/- Per Share","10","13-Apr-2006","-","18-Apr-2006","20-Apr-2006"
"WARTSILA","Wartsila India Limited","EQ","Agm/Dividend-20%","10","17-Apr-2006","-","19-Apr-2006","26-Apr-2006"
"MAHSEAMLES","Maharashtra Seamless Limited","EQ","Fv Split Rs.10/- To Rs.5/","5","18-Apr-2006","25-Apr-2006","-","-"
"GSKCONS","GlaxoSmithKline Consumer Healthcare Limited","EQ","Agm","10","18-Apr-2006","-","20-Apr-2006","28-Apr-2006"
"BLUEDART","Blue Dart Express Limited","EQ","Agm/Dividend-15%","10","18-Apr-2006","-","20-Apr-2006","27-Apr-2006"
"GREAVESCOT","Greaves Cotton Limited","EQ","3rd Interim Dividend-20% Purpose Revised","2","21-Apr-2006","24-Apr-2006","-","-"
"CIPLA","Cipla Limited","EQ","Bonus 3:2","2","24-Apr-2006","25-Apr-2006","-","-"
"SUNDRMCLAY","Sundaram Clayton Limited","EQ","2nd Int Div-Rs.6/- Per Shpurpose Revised","10","25-Apr-2006","26-Apr-2006","-","-"
"KSB","Ksb Limited","EQ","Agm/Final Dividend-30%","2","25-Apr-2006","-","27-Apr-2006","12-May-2006"
"HCLTECH","HCL Technologies Limited","EQ","3rd Int Div-Rs.4/- Per Shpurpose Revised","2","25-Apr-2006","26-Apr-2006","-","-"
"EPL","EPL Limited","EQ","Agm/Spl Dividend @ 120%","2","26-Apr-2006","-","28-Apr-2006","05-May-2006"
"HCL-INSYS","HCL Infosystems Limited","EQ","3rd Int Div-Rs.2/- Per Shpurpose Revised","2","27-Apr-2006","01-May-2006","-","-"
"MARICO","Marico Limited","EQ","4th Int Div-Rs.2/- Per Shpurpose Revised","1","27-Apr-2006","28-Apr-2006","-","-"
"DICIND","DIC India Limited","EQ","Agm/Fin Div-Rs3.50 Per Sh","10","27-Apr-2006","-","02-May-2006","15-May-2006"
"HUHTAMAKI","Huhtamaki India Limited","EQ","Agm/Fin Div-Rs.7/- Per Sh","2","27-Apr-2006","-","02-May-2006","09-May-2006"
"GMBREW","GM Breweries Limited","EQ","Dividend-15%","10","27-Apr-2006","-","29-Apr-2006","04-May-2006"
"HINDUNILVR","Hindustan Unilever Limited","EQ","Dividend-Rs.2.50 Per Sh","1","28-Apr-2006","-","03-May-2006","16-May-2006"
"EASTSILK","Eastern Silk Industries Limited","EQ","Agm/Dividend-10%         Bc Revised","2","28-Apr-2006","-","03-May-2006","11-May-2006"
"BOSCHLTD","Bosch Limited","EQ","Agm/Fin Div-Rs.12 Per Sh","10","28-Apr-2006","-","03-May-2006","17-May-2006"
"GENUSPOWER","Genus Power Infrastructures Limited","EQ","Interim Dividend-15%","1","02-May-2006","03-May-2006","-","-"
"SBT","State Bank of Travancore","EQ","Dividend-100%            Purpose Revised","10","03-May-2006","-","05-May-2006","11-May-2006"
"LYKALABS","Lyka Labs Limited","EQ","Agm","10","04-May-2006","-","08-May-2006","15-May-2006"
"AMBUJACEM","Ambuja Cements Limited","EQ","Interim Dividend-50%","2","04-May-2006","05-May-2006","-","-"
"GODREJCP","Godrej Consumer Products Limited","EQ","Int Div-Rs.5/- Per Sh    Purpose Revised","1","04-May-2006","05-May-2006","-","-"
"STER","Sterlite Industries ( India ) Limited","EQ","Fv Spl-Rs5 To Rs2/Bon 1:1","1","05-May-2006","12-May-2006","-","-"
"GESHIPPING","Great Eastern Shipping Company Limited","EQ","Int Div-Rs.3.50/- Per Sh Purpose Revised","10","05-May-2006","08-May-2006","-","-"
"UNIONBANK","Union Bank of India","EQ","Elctn Of Sh. Director","10","08-May-2006","09-May-2006","-","-"
"SUNDRMBRAK","Sundaram Brake Linings Limited","EQ","2nd Int Div-Rs.5/- Per Shpurpose Revised","10","09-May-2006","10-May-2006","-","-"
"PVRINOX","PVR INOX Limited","EQ","Interim Dividend-10%","10","09-May-2006","10-May-2006","-","-"
"ANSALAPI","Ansal Properties & Infrastructure Limited","EQ","Fv Split Rs.10/- To Rs.5/","5","10-May-2006","17-May-2006","-","-"
"GRUH","Gruh Finance Limited","EQ","Agm/Div-Rs.2.50/- Per Sh","2","10-May-2006","-","12-May-2006","18-May-2006"
"IOB","Indian Overseas Bank","EQ","Dividend-26%","10","11-May-2006","-","13-May-2006","19-May-2006"
"VIJAYABANK","Vijaya Bank","EQ","Dividend-10%","10","11-May-2006","-","15-May-2006","20-May-2006"
"WHEELS","Wheels India Limited","EQ","2nd Interim Dividend-35%","10","11-May-2006","12-May-2006","-","-"
"FOSECOIND","Foseco India Limited","EQ","Int Div-Rs.2/- Per Sh    Purpose Revised","10","11-May-2006","12-May-2006","-","-"
"HDFCBANK","HDFC Bank Limited","EQ","Agm/Div-Rs.5.50 Per Share","1","11-May-2006","-","13-May-2006","30-May-2006"
"GANGOTRI","Gangotri Textiles Limited","EQ","Dividend-15%","5","11-May-2006","12-May-2006","-","-"
"ABB","ABB India Limited","EQ","Agm/Div-Rs.8/- Per Sh","2","12-May-2006","-","16-May-2006","26-May-2006"
"PRITHVI","Prithvi Information Solutions Limited","EQ","Interim Dividend-15%","10","12-May-2006","15-May-2006","-","-"
"GDL","Gateway Distriparks Limited","EQ","Interim Dividend-15%","10","12-May-2006","15-May-2006","-","-"
"ANDHRABANK","Andhra Bank","EQ","Dividend-35%","10","12-May-2006","-","16-May-2006","25-May-2006"
"RALLIS","Rallis India Limited","EQ","Agm/Dividend-40%","1","12-May-2006","-","16-May-2006","31-May-2006"
"BHARATGEAR","Bharat Gears Limited","EQ","Rigths-Eq 3:10@Prem Rs.30","10","15-May-2006","22-May-2006","-","-"
"BLBLIMITED","BLB Limited","EQ","Interim Dividend-10%","1","15-May-2006","16-May-2006","-","-"
"CORPBANK","Corporation Bank","EQ","Final Dividend-35%","2","15-May-2006","16-May-2006","-","-"
"VISAKAIND","Visaka Industries Limited","EQ","Dividend-Rs.3/- Per Sh","2","15-May-2006","16-May-2006","-","-"
"AXISBANK","Axis Bank Limited","EQ","Agm/Dividend-35%","2","16-May-2006","-","18-May-2006","02-Jun-2006"
"MICRO","Micro Inks Limited","EQ","Agm/Fin Div-Rs.6/- Per Sh","10","16-May-2006","-","18-May-2006","20-May-2006"
"BALRAMCHIN","Balrampur Chini Mills Limited","EQ","Interim Dividend-200%    Purpose Revised","1","16-May-2006","17-May-2006","-","-"
"SYNDIBANK","Syndicate Bank","EQ","Election Of Directors","10","18-May-2006","19-May-2006","-","-"
"IPCL","Indian Petrochemicals Corporation Limited","EQ","Int Div-Rs.5.50/- Per Sh","10","18-May-2006","20-May-2006","-","-"
"SANOFI","Sanofi India Limited","EQ","Agm/Div-Rs.12.50/- Per Sh","10","19-May-2006","-","23-May-2006","12-Jun-2006"
"UNIVCABLES","Universal Cables Limited","EQ","Int Div-Rs.2/- Per Sh","10","19-May-2006","-","23-May-2006","29-May-2006"
"ASAL","Automotive Stampings and Assemblies Limited","EQ","Agm/Dividend-12%","10","22-May-2006","-","24-May-2006","30-May-2006"
"OENCONNECT","FCI OEN Connectors Limited","EQ","Agm/Dividend-22.5%","10","22-May-2006","-","24-May-2006","31-May-2006"
"CHEMPLAST","Chemplast Sanmar Limited","EQ","Agm","1","23-May-2006","-","25-May-2006","02-Jun-2006"
"SANGHIIND","Sanghi Industries Limited","EQ","Agm","10","23-May-2006","-","30-May-2006","01-Jun-2006"
"HCC","Hindustan Construction Company Limited","EQ","Agm/Div-Re.0.70 Per Sh","1","24-May-2006","-","26-May-2006","09-Jun-2006"
"RELCAPITAL","Reliance Capital Limited","EQ","Dividend-Rs.3.20/- Per Sh","10","24-May-2006","-","26-May-2006","06-Jun-2006"
"INFY","Infosys Limited","EQ","Agm/Div.170%/Spl Div.600%","5","25-May-2006","-","27-May-2006","10-Jun-2006"
"RELINFRA","Reliance Infrastructure Limited","EQ","Agm/Fin Div-Rs3.80 Per Sh","10","25-May-2006","-","27-May-2006","07-Jun-2006"
"JAIBALAJI","Jai Balaji Industries Limited","EQ","Interim Dividend-12.50%  Purpose Revised","2","25-May-2006","26-May-2006","-","-"
"HINDDORROL","Hindustan Dorr-Oliver Limited","EQ","Fv Split Rs.10/- To Rs.2/","2","26-May-2006","02-Jun-2006","-","-"
"TATASTEEL","Tata Steel Limited","EQ","Agm/Dividend-130%        Purpose Revised","1","26-May-2006","-","30-May-2006","19-Jun-2006"
"ORCHIDPHAR","Orchid Pharma Limited","EQ","Agm/Dividend-30%","10","30-May-2006","-","01-Jun-2006","02-Jun-2006"
"APTECHT","Aptech Limited","EQ","Annual Book Closure","10","30-May-2006","-","01-Jun-2006","09-Jun-2006"
"TUBEINVEST","Tube Investments of India Limited","EQ","Fv Split Rs.10/- To Rs.2/","2","31-May-2006","07-Jun-2006","-","-"
"CANFINHOME","Can Fin Homes Limited","EQ","Dividend-25%","2","31-May-2006","-","02-Jun-2006","08-Jun-2006"
"KANSAINER","Kansai Nerolac Paints Limited","EQ","Agm/Fin Div-115%","1","31-May-2006","-","02-Jun-2006","12-Jun-2006"
"SBIHOMEFIN","SBI Home Finance Limited","EQ","Agm","10","31-May-2006","-","02-Jun-2006","09-Jun-2006"
"RELIANCE","Reliance Industries Limited","EQ","Dividend-Rs.10/- Per Sh","10","01-Jun-2006","-","03-Jun-2006","10-Jun-2006"
"ORIENTBANK","Oriental Bank of Commerce","EQ","Agm/Dividend-45%","10","01-Jun-2006","-","03-Jun-2006","09-Jun-2006"
"VIMTALABS","Vimta Labs Limited","EQ","Agm/Dividend-40%","2","01-Jun-2006","-","05-Jun-2006","09-Jun-2006"
"ORIENTPPR","Orient Paper & Industries Limited","EQ","Agm","1","01-Jun-2006","-","05-Jun-2006","07-Jun-2006"
"VAKRANGEE","Vakrangee Limited","EQ","Agm/Div-Rs.1.20/- Per Sh","1","01-Jun-2006","-","05-Jun-2006","10-Jun-2006"
"NIPPOBATRY","Indo-National Limited","EQ","Agm/Dividend-200%","5","02-Jun-2006","-","06-Jun-2006","14-Jun-2006"
"PETRONET","Petronet LNG Limited","EQ","Agm","10","05-Jun-2006","-","07-Jun-2006","14-Jun-2006"
"HAVELLS","Havells India Limited","EQ","Dividend-50%","1","05-Jun-2006","-","07-Jun-2006","14-Jun-2006"
"UCOBANK","UCO Bank","EQ","Agm","10","05-Jun-2006","-","07-Jun-2006","15-Jun-2006"
"STAR","Strides Pharma Science Limited","EQ","Agm/Final Dividend-20%","10","06-Jun-2006","-","08-Jun-2006","15-Jun-2006"
"RAYMOND","Raymond Limited","EQ","Agm/Dividend-50%","10","06-Jun-2006","-","08-Jun-2006","23-Jun-2006"
"SREINFRA","SREI Infrastructure Finance Limited","EQ","Agm/Dividend-16.5%","10","06-Jun-2006","-","08-Jun-2006","16-Jun-2006"
"PEACOCKIND","Peacock Industries Limited","EQ","Agm","10","06-Jun-2006","-","08-Jun-2006","15-Jun-2006"
"INGERRAND","Ingersoll Rand (India) Limited","EQ","Dividend-Rs.3/- Per Sh","10","07-Jun-2006","-","09-Jun-2006","16-Jun-2006"
"MANGTIMBER","Mangalam Timber Products Limited","EQ","Agm","10","07-Jun-2006","-","09-Jun-2006","16-Jun-2006"
"ADOR","Ador Welding Limited","EQ","Div Fin-50% + Spl-50%","10","08-Jun-2006","-","10-Jun-2006","22-Jun-2006"
"EPL","EPL Limited","EQ","Fv Split Rs.10/- To Rs.2/","2","08-Jun-2006","15-Jun-2006","-","-"
"SASKEN","Sasken Technologies Limited","EQ","Agm/Dividend-30%","10","08-Jun-2006","-","12-Jun-2006","17-Jun-2006"
"KEC","KEC International Limited","EQ","Agm/Dividend-12%","2","08-Jun-2006","-","10-Jun-2006","15-Jun-2006"
"APCOTEXIND","Apcotex Industries Limited","EQ","Dividend-20%","2","08-Jun-2006","-","12-Jun-2006","21-Jun-2006"
"UNIONBANK","Union Bank of India","EQ","Agm/Final Dividend-35%","10","08-Jun-2006","-","10-Jun-2006","14-Jun-2006"
"ISPATPROF","Ispat Profile (I) Limited","EQ","Agm","10","08-Jun-2006","-","10-Jun-2006","16-Jun-2006"
"KEI","KEI Industries Limited","EQ","Agm/Div-Rs.2/- Per Share","2","08-Jun-2006","-","10-Jun-2006","15-Jun-2006"
"GHCL","GHCL Limited","EQ","Agm/Dividend-24%","10","08-Jun-2006","-","12-Jun-2006","19-Jun-2006"
"UPERGANGES","Upper Ganges Sugar & Industries Limited","EQ","Rigts-Eq 13:20@Prem Rs140","10","09-Jun-2006","16-Jun-2006","-","-"
"FOSECOIND","Foseco India Limited","EQ","Scheme-Dist.-Rs.11 Per Shpurpose Revised","10","09-Jun-2006","16-Jun-2006","-","-"
"DENABANK","Dena Bank","EQ","Agm","10","12-Jun-2006","-","14-Jun-2006","21-Jun-2006"
"BATAINDIA","Bata India Limited","EQ","Agm","5","12-Jun-2006","-","14-Jun-2006","29-Jun-2006"
"UMIYA-MRO","UMIYA BUILDCON LIMITED","EQ","Agm/Dividend-20%         Purpose Revised","5","12-Jun-2006","-","14-Jun-2006","28-Jun-2006"
"PRATIBHA","Pratibha Industries Limited","EQ","Agm","2","12-Jun-2006","-","14-Jun-2006","16-Jun-2006"
"SILINV","SIL Investments Limited","EQ","Scheme Of Arrangement","10","12-Jun-2006","19-Jun-2006","-","-"
"KESORAMIND","Kesoram Industries Limited","EQ","Dividend-Rs.3/- Per Sh","10","13-Jun-2006","-","15-Jun-2006","29-Jun-2006"
"PATNI","Patni Computer Systems Limited","EQ","Agm/Final Dividend-125%","2","13-Jun-2006","-","15-Jun-2006","21-Jun-2006"
"FINPIPE","Finolex Industries Limited","EQ","Agm/Div Fin-15% + Spl-15%","2","13-Jun-2006","-","15-Jun-2006","29-Jun-2006"
"SINTEX","Sintex Industries Limited","EQ","Agm/Dividend-44%","1","13-Jun-2006","-","15-Jun-2006","30-Jun-2006"
"SIEMENS","Siemens Limited","EQ","Fv Split Rs.10/- To Rs.2/","2","13-Jun-2006","20-Jun-2006","-","-"
"CENTENKA","Century Enka Limited","EQ","Agm/Div-Rs.6/- Per Sh","10","13-Jun-2006","-","15-Jun-2006","22-Jun-2006"
"PUNJABTRAC","Punjab Tractors Limited","EQ","Agm/Final Dividend-60%","10","14-Jun-2006","-","16-Jun-2006","21-Jun-2006"
"CANBK","Canara Bank","EQ","Agm/Dividend-66%","2","14-Jun-2006","-","16-Jun-2006","23-Jun-2006"
"PHOENIXLL","Phoenix Lamps Limited","EQ","Agm/Dividend-20%","10","14-Jun-2006","-","16-Jun-2006","19-Jun-2006"
"SONATSOFTW","Sonata Software Limited","EQ","Agm/Div-Re.0.60 Per Sh","1","14-Jun-2006","-","16-Jun-2006","01-Jul-2006"
"ASIANPAINT","Asian Paints Limited","EQ","Agm/Div Fin-55% + Spl-25%","1","15-Jun-2006","-","19-Jun-2006","26-Jun-2006"
"MAHABANK","Bank of Maharashtra","EQ","Dividend-4%","10","15-Jun-2006","-","19-Jun-2006","26-Jun-2006"
"JSWSTEEL","JSW Steel Limited","EQ","Agm/Dividend-80%","1","15-Jun-2006","-","17-Jun-2006","24-Jun-2006"
"TATAMETALI","Tata Metaliks Limited","EQ","Agm/Dividend-60%","10","15-Jun-2006","-","17-Jun-2006","12-Jul-2006"
"ASTRAZEN","AstraZeneca Pharma India Limited","EQ","Fv Split Rs.10/- To Rs.2/","2","15-Jun-2006","22-Jun-2006","-","-"
"PEL","Piramal Enterprises Limited","EQ","Agm/Div-Rs.3/- Per Share","2","15-Jun-2006","-","19-Jun-2006","28-Jun-2006"
"JSWHL","JSW Holdings Limited","EQ","Agm","10","15-Jun-2006","-","17-Jun-2006","23-Jun-2006"
"TORNTPHARM","Torrent Pharmaceuticals Limited","EQ","Dividend-Rs.2.50/- Per Sh","5","15-Jun-2006","-","19-Jun-2006","23-Jun-2006"
"DALMIASUG","Dalmia Bharat Sugar and Industries Limited","EQ","Dividend-100%","2","15-Jun-2006","-","17-Jun-2006","26-Jun-2006"
"STERLINBIO","Sterling Biotech Limited","EQ","Dividend-50%","1","15-Jun-2006","-","19-Jun-2006","26-Jun-2006"
"CORPBANK","Corporation Bank","EQ","Agm","2","15-Jun-2006","-","19-Jun-2006","22-Jun-2006"
"RANBAXY","Ranbaxy Laboratories Limited","EQ","Agm/Fin Div-Rs.6/- Per Sh","5","15-Jun-2006","-","17-Jun-2006","28-Jun-2006"
"M&MFIN","Mahindra & Mahindra Financial Services Limited","EQ","Agm/Dividend-20%","2","15-Jun-2006","-","17-Jun-2006","10-Jul-2006"
"FINCABLES","Finolex Cables Limited","EQ","Agm/Dividend-60%","2","15-Jun-2006","-","17-Jun-2006","27-Jun-2006"
"RPGTLTD","RPG Transmission Limited","EQ","Agm","10","16-Jun-2006","-","20-Jun-2006","26-Jun-2006"
"JYOTISTRUC","Jyoti Structures Limited","EQ","Agm/Dividend-20%","2","16-Jun-2006","-","20-Jun-2006","30-Jun-2006"
"GEOMETRIC","Geometric Limited","EQ","Agm/Div-Rs.0.80 Per Sh","2","16-Jun-2006","-","20-Jun-2006","27-Jun-2006"
"MPSLTD","MPS Limited","EQ","Final Dividend-45%","10","16-Jun-2006","-","20-Jun-2006","23-Jun-2006"
"TCS","Tata Consultancy Services Limited","EQ","Agm/Final Dividend-450%","1","16-Jun-2006","-","20-Jun-2006","29-Jun-2006"
"JAYSREETEA","Jayshree Tea & Industries Limited","EQ","Agm/Dividend-25%","5","16-Jun-2006","-","20-Jun-2006","27-Jun-2006"
"SBIN","State Bank of India","EQ","Dividend-Rs.14 Per Share","1","19-Jun-2006","-","21-Jun-2006","30-Jun-2006"
"CMC","CMC Limited","EQ","Agm/Dividend-50%","10","19-Jun-2006","-","21-Jun-2006","27-Jun-2006"
"NEPCAGRO","NEPC  Agro Foods Limited","EQ","Agm","10","19-Jun-2006","-","26-Jun-2006","30-Jun-2006"
"SYNDIBANK","Syndicate Bank","EQ","Agm/Final Dividend-10%","10","19-Jun-2006","-","21-Jun-2006","24-Jun-2006"
"ASIANHOTEL","Asian Hotels Limited","EQ","Interim Dividend-80%","10","20-Jun-2006","21-Jun-2006","-","-"
"ORIENTCER","ORIENT CERATECH LIMITED","EQ","Agm/Dividend-70%","1","20-Jun-2006","-","22-Jun-2006","29-Jun-2006"
"ABREL","Aditya Birla Real Estate Limited","EQ","Agm/Dividend-30%","10","20-Jun-2006","-","22-Jun-2006","12-Jul-2006"
"ASHIMASYN","Ashima Limited","EQ","Agm","10","21-Jun-2006","-","23-Jun-2006","29-Jun-2006"
"WOCKPHARMA","Wockhardt Limited","EQ","Agm/Div-Rs.5/- Per Sh","5","21-Jun-2006","-","23-Jun-2006","30-Jun-2006"
"CYIENT","Cyient Limited","EQ","Agm/Dividend-22.5%","5","21-Jun-2006","-","23-Jun-2006","30-Jun-2006"
"DABUR","Dabur India Limited","EQ","Agm/Dividend-100%","1","21-Jun-2006","-","23-Jun-2006","08-Jul-2006"
"DISHMAN","Dishman Pharmaceuticals and Chemicals Limited","EQ","Agm/Final Dividend-35%","2","21-Jun-2006","-","23-Jun-2006","29-Jun-2006"
"SUPERSPIN","Super Spinning Mills Limited","EQ","Dividend - 80%","1","21-Jun-2006","-","23-Jun-2006","07-Jul-2006"
"EICHERMOT","Eicher Motors Limited","EQ","Agm/Dividend-40%","1","22-Jun-2006","-","26-Jun-2006","05-Jul-2006"
"KPIL","Kalpataru Projects International Limited","EQ","Agm/Dividend-50%","2","22-Jun-2006","-","26-Jun-2006","05-Jul-2006"
"SUNDRMFAST","Sundram Fasteners Limited","EQ","2nd Int Div-Re0.85 Per Shpurpose Revised","1","22-Jun-2006","23-Jun-2006","-","-"
"PNB","Punjab National Bank","EQ","Agm/Final Dividend-30%   Purpose Revised","2","22-Jun-2006","-","24-Jun-2006","30-Jun-2006"
"EICHER","Eicher Limited","EQ","Agm/Dividend-15%","10","22-Jun-2006","-","26-Jun-2006","05-Jul-2006"
"TINPLATE","The Tinplate Company of India Limited","EQ","Agm/Dividend-12.5%","10","22-Jun-2006","-","24-Jun-2006","10-Jul-2006"
"HEXAWARE","Hexaware Technologies Limited","EQ","Agm/Dividend-30%","2","22-Jun-2006","-","26-Jun-2006","29-Jun-2006"
"IVC","IL&FS Investment Managers Limited","EQ","Agm / Div-35% / Bonus 1:2","2","23-Jun-2006","-","27-Jun-2006","06-Jul-2006"
"UNITECH","Unitech Limited","EQ","Fv Spl-Rs10tors2/Bon-12:1","2","23-Jun-2006","30-Jun-2006","-","-"
"SHREYANIND","Shreyans Industries Limited","EQ","Agm","10","23-Jun-2006","-","27-Jun-2006","30-Jun-2006"
"DCW","DCW Limited","EQ","Agm/Div-Re.0.30/- Per Sh","2","23-Jun-2006","-","27-Jun-2006","06-Jul-2006"
"ETCNET","ETC Networks Limited","EQ","Agm/Div-Re.1/- Per Sh","10","23-Jun-2006","-","27-Jun-2006","03-Jul-2006"
"SVOGL","SVOGL Oil Gas And Energy Limited","EQ","Agm","10","23-Jun-2006","-","27-Jun-2006","29-Jun-2006"
"TMPV","Tata Motors Passenger Vehicles Limited","EQ","Dividend-130%","2","23-Jun-2006","-","27-Jun-2006","11-Jul-2006"
"MARICO","Marico Limited","EQ","Agm","1","26-Jun-2006","-","28-Jun-2006","30-Jun-2006"
"TRIVENI","Triveni Engineering & Industries Limited","EQ","Dividend-50%","1","26-Jun-2006","-","28-Jun-2006","30-Jun-2006"
"ZUARIIND","ZUARI INDUSTRIES LIMITED","EQ","Dividend-20%","10","27-Jun-2006","-","29-Jun-2006","06-Jul-2006"
"GUJNRECOKE","Gujarat NRE Coke Limited","EQ","Agm/Final Dividend-5%","10","28-Jun-2006","-","30-Jun-2006","03-Jul-2006"
"BAJAJHLDNG","Bajaj Holdings & Investment Limited","EQ","Agm/Div-Rs.40/- Per Sh","10","29-Jun-2006","-","01-Jul-2006","15-Jul-2006"
"BAJFINANCE","Bajaj Finance Limited","EQ","Agm/Dividend-40%","1","29-Jun-2006","-","01-Jul-2006","14-Jul-2006"
"SHANTIGEAR","Shanthi Gears Limited","EQ","Agm/Div-Re.1/- Per Sh","1","29-Jun-2006","-","01-Jul-2006","14-Jul-2006"
"FKONCO","Fresenius Kabi Oncology Limited","EQ","Agm/Dividend-20%","1","29-Jun-2006","-","03-Jul-2006","14-Jul-2006"
"INDORAMA","Indo Rama Synthetics (India) Limited","EQ","Agm/Div-Rs.3.00 Per Sh","10","29-Jun-2006","-","01-Jul-2006","15-Jul-2006"
"TATACHEM","Tata Chemicals Limited","EQ","Agm/Div-Rs.7/- Per Sh","10","29-Jun-2006","-","01-Jul-2006","17-Jul-2006"
"JTEKTINDIA","Jtekt India Limited","EQ","Agm/Dividend-50%","1","29-Jun-2006","-","01-Jul-2006","19-Jul-2006"
"M&M","Mahindra & Mahindra Limited","EQ","Agm/Div.-Fin.75%+Spl.25%","5","29-Jun-2006","-","01-Jul-2006","26-Jul-2006"
"MUKANDLTD","Mukand Limited","EQ","Agm","10","29-Jun-2006","-","01-Jul-2006","19-Jul-2006"
"NUCLEUS","Nucleus Software Exports Limited","EQ","Agm/Div-Rs.3.50/- Per Sh","10","29-Jun-2006","-","01-Jul-2006","08-Jul-2006"
"WIPRO","Wipro Limited","EQ","Agm/Fin Div-Rs.5/- Per Sh","2","29-Jun-2006","-","01-Jul-2006","18-Jul-2006"
"KTKBANK","The Karnataka Bank Limited","EQ","Agm/Dividend-30%","10","29-Jun-2006","-","01-Jul-2006","06-Jul-2006"
"ALBK","Allahabad Bank","EQ","Agm/Final Dividend-40%","10","29-Jun-2006","-","01-Jul-2006","08-Jul-2006"
"BIOCON","Biocon Limited","EQ","Agm/Fin Div-Rs2.50 Per Sh","5","29-Jun-2006","-","01-Jul-2006","19-Jul-2006"
"GODAVRFERT","Godavari Fertilisers And Chemicals Limited","EQ","Dividend-20%","10","29-Jun-2006","-","01-Jul-2006","17-Jul-2006"
"SOUTHBANK","The South Indian Bank Limited","EQ","Agm/Dividend-18%","1","29-Jun-2006","-","03-Jul-2006","10-Jul-2006"
"MAHSCOOTER","Maharashtra Scooters Limited","EQ","Agm/Div-Rs.4.50/- Per Sh","10","29-Jun-2006","-","01-Jul-2006","14-Jul-2006"
"DEEPAKFERT","Deepak Fertilizers and Petrochemicals Corporation Limited","EQ","Agm/Dividend-30%","10","29-Jun-2006","-","03-Jul-2006","17-Jul-2006"
"JBCHEPHARM","JB Chemicals & Pharmaceuticals Limited","EQ","Fin Div-Rs.1.50/- Per Sh","1","29-Jun-2006","-","03-Jul-2006","12-Jul-2006"
"ATUL","Atul Limited","EQ","Agm/Div-Rs.3/- Per Sh","10","29-Jun-2006","-","01-Jul-2006","05-Jul-2006"
"BANKBARODA","Bank of Baroda","EQ","Dividend-50%","2","29-Jun-2006","-","01-Jul-2006","07-Jul-2006"
"COROMANDEL","Coromandel International Limited","EQ","Agm/Dividend-85%","1","29-Jun-2006","-","01-Jul-2006","18-Jul-2006"
"SALORAINTL","Salora International Limited","EQ","Agm/Final Dividend-22.5%","10","30-Jun-2006","-","04-Jul-2006","10-Jul-2006"
"HDFC","Housing Development Finance Corporation Limited","EQ","Agm/Div-Rs.20/- Per Sh","2","30-Jun-2006","-","04-Jul-2006","18-Jul-2006"
"3IINFOTECH","3i Infotech Limited","EQ","Agm/Div-Rs.2/- Per Sh","10","30-Jun-2006","-","04-Jul-2006","20-Jul-2006"
"RIIL","Reliance Industrial Infrastructure Limited","EQ","Agm/Div-Rs.3.50/- Per Sh","10","30-Jun-2006","-","04-Jul-2006","11-Jul-2006"
"OILCOUNTUB","Oil Country Tubular Limited","EQ","Agm","10","03-Jul-2006","-","05-Jul-2006","06-Jul-2006"
"TVSMOTOR","TVS Motor Company Limited","EQ","2nd Interim Dividend-60%","1","03-Jul-2006","04-Jul-2006","-","-"
"IGS","iGate Global Solutions Limited","EQ","Agm/Dividend-30%","4","03-Jul-2006","-","05-Jul-2006","12-Jul-2006"
"SWELECTES","Swelect Energy Systems Limited","EQ","Agm/Div-Rs.4/- Per Sh","10","04-Jul-2006","-","06-Jul-2006","08-Jul-2006"
"BOMDYEING","Bombay Dyeing & Mfg Company Limited","EQ","Agm/Dividend-Rs.5/-Per Sh","2","04-Jul-2006","-","06-Jul-2006","27-Jul-2006"
"BIRLACABLE","Birla Cable Limited","EQ","Agm","10","04-Jul-2006","-","06-Jul-2006","12-Jul-2006"
"BSOFT","BIRLASOFT LIMITED","EQ","Agm/Dividend-35%","2","04-Jul-2006","-","06-Jul-2006","12-Jul-2006"
"BANKINDIA","Bank of India","EQ","Agm/Dividend-30%","10","04-Jul-2006","-","06-Jul-2006","10-Jul-2006"
"VINDHYATEL","Vindhya Telelinks Limited","EQ","Agm","10","04-Jul-2006","-","06-Jul-2006","12-Jul-2006"
"MONNETISPA","Monnet Ispat and Energy Limited","EQ","Interim Dividend-15%     Purpose Revised","10","04-Jul-2006","05-Jul-2006","-","-"
"CENTBOP","Centurion Bank of Punjab Limited","EQ","Agm","1","04-Jul-2006","-","06-Jul-2006","12-Jul-2006"
"DCMSHRIRAM","DCM Shriram Limited","EQ","Agm/Dividend-25%         Purpose Revised","2","05-Jul-2006","-","07-Jul-2006","14-Jul-2006"
"TCIFINANCE","TCI Finance Limited","EQ","Agm","10","05-Jul-2006","-","07-Jul-2006","11-Jul-2006"
"RSWM","RSWM Limited","EQ","Agm/Dividend-30%","10","05-Jul-2006","-","07-Jul-2006","17-Jul-2006"
"SAMTEL","Samtel Color Limited","EQ","Agm","10","05-Jul-2006","-","07-Jul-2006","15-Jul-2006"
"GABRIEL","Gabriel India Limited","EQ","Agm/Div-Re.0.40/- Per Sh","1","05-Jul-2006","-","07-Jul-2006","24-Jul-2006"
"ALLDIGI","Alldigi Tech Limited","EQ","Agm/Dividend-50%","10","05-Jul-2006","-","07-Jul-2006","10-Jul-2006"
"BBOX","Black Box Limited","EQ","Agm/Div-Rs.4.50/- Per Sh","2","05-Jul-2006","-","07-Jul-2006","31-Jul-2006"
"PTC","PTC India Limited","EQ","Agm/Dividend-10%","10","05-Jul-2006","-","07-Jul-2006","18-Jul-2006"
"TATAINVEST","Tata Investment Corporation Limited","EQ","Agm/Dividend-120%","1","06-Jul-2006","-","08-Jul-2006","21-Jul-2006"
"CGPOWER","CG Power and Industrial Solutions Limited","EQ","Agm","2","06-Jul-2006","-","08-Jul-2006","18-Jul-2006"
"TRANSWORLD","TRANSWORLD SHIPPING LINES LIMITED","EQ","Agm/Final Dividend-12%","10","06-Jul-2006","-","08-Jul-2006","21-Jul-2006"
"MAHLIFE","Mahindra Lifespace Developers Limited","EQ","Agm/Dividend-10%","10","06-Jul-2006","-","08-Jul-2006","21-Jul-2006"
"ABAN","Aban Offshore Limited","EQ","Agm/Dividend-130%        Purpose Revised","2","06-Jul-2006","-","08-Jul-2006","14-Jul-2006"
"GLFL","Gujarat Lease Financing Limited","EQ","Agm","10","06-Jul-2006","-","08-Jul-2006","15-Jul-2006"
"THERMAX","Thermax Limited","EQ","Agm/Dividend-170%","2","06-Jul-2006","-","10-Jul-2006","20-Jul-2006"
"SUZLON","Suzlon Energy Limited","EQ","Agm/Div-Rs.2.50/- Per Sh","2","06-Jul-2006","-","08-Jul-2006","18-Jul-2006"
"DHFL","Dewan Housing Finance Corporation Limited","EQ","Final Dividend-15%","10","06-Jul-2006","-","10-Jul-2006","17-Jul-2006"
"CESC","CESC Limited","EQ","Agm/Dividend-25%","1","06-Jul-2006","-","10-Jul-2006","21-Jul-2006"
"ICICIBANK","ICICI Bank Limited","EQ","Agm/Div-Rs.8.50/- Per Sh","2","06-Jul-2006","-","08-Jul-2006","22-Jul-2006"
"SRF","SRF Limited","EQ","Agm/Dividend-30%         Book Closure Revised","10","07-Jul-2006","-","11-Jul-2006","20-Jul-2006"
"EVEREADY","Eveready Industries India Limited","EQ","Agm/Div-Rs.2/- Per Sh","5","07-Jul-2006","-","11-Jul-2006","21-Jul-2006"
"KOTAKBANK","Kotak Mahindra Bank Limited","EQ","Agm/Dividend-6%","1","07-Jul-2006","-","11-Jul-2006","20-Jul-2006"
"LUPIN","Lupin Limited","EQ","Agm/Dividend-65%","2","07-Jul-2006","-","11-Jul-2006","12-Jul-2006"
"TATAPOWER","Tata Power Company Limited","EQ","Agm/Dividend-85%","1","07-Jul-2006","-","11-Jul-2006","01-Aug-2006"
"TATACOFFEE","Tata Coffee Limited","EQ","Agm/Div-Rs.6.50/- Per Sh","1","07-Jul-2006","-","11-Jul-2006","25-Jul-2006"
"EMKAY","Emkay Global Financial Services Limited","EQ","Agm/Dividend-10%","10","07-Jul-2006","-","11-Jul-2006","20-Jul-2006"
"TIRUMALCHM","Thirumalai Chemicals Limited","EQ","Agm/Div-Rs.6.50/- Per Sh","1","07-Jul-2006","-","11-Jul-2006","24-Jul-2006"
"VOLTAS","Voltas Limited","EQ","Agm/Dividend-60%","1","07-Jul-2006","-","11-Jul-2006","07-Aug-2006"
"BOSCHCHASY","Bosch Chassis Systems India Limited","EQ","Agm/Div-Rs.12/- Per Sh","10","07-Jul-2006","-","11-Jul-2006","24-Jul-2006"
"GTL","GTL Limited","EQ","Scheme Of Demerger","10","07-Jul-2006","14-Jul-2006","-","-"
"PCBL","PCBL Chemical Limited","EQ","Agm","1","07-Jul-2006","-","11-Jul-2006","21-Jul-2006"
"TATASTLLP","Tata Steel Long Products Limited","EQ","Agm/Dividend-40%","10","07-Jul-2006","-","11-Jul-2006","18-Jul-2006"
"JSWDULUX","JSW Dulux Limited","EQ","Agm/Dividend-60%","10","07-Jul-2006","-","11-Jul-2006","26-Jul-2006"
"DRREDDY","Dr. Reddy's Laboratories Limited","EQ","Dividend-100%","1","07-Jul-2006","-","11-Jul-2006","14-Jul-2006"
"BBTC","The Bombay Burmah Trading Corporation Limited","EQ","Agm/Dividend-25%","2","07-Jul-2006","-","11-Jul-2006","25-Jul-2006"
"EIDPARRY","EID Parry India Limited","EQ","Agm/Div Fin-135%+Spl-90%","1","10-Jul-2006","-","12-Jul-2006","19-Jul-2006"
"ITC","ITC Limited","EQ","Agm/Div-Rs.2.65/- Per Sh","1","10-Jul-2006","-","12-Jul-2006","21-Jul-2006"
"KANORICHEM","Kanoria Chemicals & Industries Limited","EQ","Agm/Dividend-30%","5","11-Jul-2006","-","13-Jul-2006","27-Jul-2006"
"SKUMARSYNF","S. Kumars Nationwide Limited","EQ","Agm","10","11-Jul-2006","-","13-Jul-2006","14-Jul-2006"
"INDIABULLS","Indiabulls Financial Services Limited","EQ","Agm/Div-Re.0.30 Per Sh","2","11-Jul-2006","-","13-Jul-2006","17-Jul-2006"
"NEXTMEDIA","Next Mediaworks Limited","EQ","Agm","10","11-Jul-2006","-","13-Jul-2006","17-Jul-2006"
"SEMAC","Semac Construction Limited","EQ","Agm/Div-Rs.10/- Per Sh","10","11-Jul-2006","-","13-Jul-2006","22-Jul-2006"
"SUDARCOLOR","Sudarshan Colorants India Limited","EQ","Agm/Dividend-110%","10","11-Jul-2006","-","13-Jul-2006","27-Jul-2006"
"BHARATGEAR","Bharat Gears Limited","EQ","Agm","10","11-Jul-2006","-","13-Jul-2006","21-Jul-2006"
"CARBORUNIV","Carborundum Universal Limited","EQ","Dividend-60%","1","12-Jul-2006","-","14-Jul-2006","24-Jul-2006"
"ELGIEQUIP","Elgi Equipments Limited","EQ","Final Dividend-60%","1","12-Jul-2006","-","14-Jul-2006","22-Jul-2006"
"PRAJIND","Praj Industries Limited","EQ","Agm","2","12-Jul-2006","-","14-Jul-2006","21-Jul-2006"
"NOCIL","NOCIL Limited","EQ","Agm/Dividend-5%","10","12-Jul-2006","-","14-Jul-2006","31-Jul-2006"
"EXIDEIND","Exide Industries Limited","EQ","Agm/Dividend-30%","1","12-Jul-2006","-","14-Jul-2006","21-Jul-2006"
"SHASUNPHAR","Shasun Pharmaceuticals Limited","EQ","Agm/Div-Rs.1.70/- Per Sh","2","12-Jul-2006","-","14-Jul-2006","21-Jul-2006"
"MAHINDUGIN","Mahindra Ugine Steel Company Limited","EQ","Agm/Div-Rs.4.50/- Per Sh","10","12-Jul-2006","-","14-Jul-2006","24-Jul-2006"
"BERGEPAINT","Berger Paints (I) Limited","EQ","Agm/Final Dividend-50%","1","12-Jul-2006","-","14-Jul-2006","28-Jul-2006"
"FCSSOFT","FCS Software Solutions Limited","EQ","Agm/Dividend-15%","1","12-Jul-2006","-","14-Jul-2006","24-Jul-2006"
"ASHOKLEY","Ashok Leyland Limited","EQ","Agm/Dividend-120%","1","12-Jul-2006","-","14-Jul-2006","01-Aug-2006"
"TUBEINVEST","Tube Investments of India Limited","EQ","Agm/Final Dividend-60%","2","12-Jul-2006","-","14-Jul-2006","28-Jul-2006"
"ANDHRAPAP","ANDHRA PAPER LIMITED","EQ","Agm/Div-Rs.2/- Per Share","2","12-Jul-2006","-","14-Jul-2006","25-Jul-2006"
"LINDEINDIA","Linde India Limited","EQ","Agm/Dividend-30%","10","12-Jul-2006","-","14-Jul-2006","26-Jul-2006"
"CHOLAFIN","Cholamandalam Investment and Finance Company Limited","EQ","Agm/Dividend-50%","2","12-Jul-2006","-","14-Jul-2006","21-Jul-2006"
"USHAMART","Usha Martin Limited","EQ","Agm/Dividend-55%","1","13-Jul-2006","-","17-Jul-2006","31-Jul-2006"
"REVL","Rane Engine Valves Limited","EQ","Agm/Final Dividend-30%","10","13-Jul-2006","-","15-Jul-2006","25-Jul-2006"
"PONNIERODE","Ponni Sugars (Erode) Limited","EQ","Agm/Dividend-18%","10","13-Jul-2006","-","17-Jul-2006","22-Jul-2006"
"KIRLOSOIL","Kirloskar Oil Engines Limited","EQ","Agm/Dividend-100%","2","13-Jul-2006","-","15-Jul-2006","22-Jul-2006"
"MOSERBAER","Moser-Baer (I) Limited","EQ","Dividend-10%","10","13-Jul-2006","-","17-Jul-2006","19-Jul-2006"
"JKLAKSHMI","JK Lakshmi Cement Limited","EQ","Agm                      Bc Dates Revised","5","13-Jul-2006","-","17-Jul-2006","21-Jul-2006"
"XPROINDIA","Xpro India Limited","EQ","Agm/Div-Rs.2/- Per Sh","10","13-Jul-2006","-","16-Jul-2006","27-Jul-2006"
"NDTV","New Delhi Television Limited","EQ","Agm/Dividend-20%","4","13-Jul-2006","-","15-Jul-2006","18-Jul-2006"
"INDOTECH","Indo Tech Transformers Limited","EQ","Dividend-20%","10","13-Jul-2006","-","15-Jul-2006","27-Jul-2006"
"HIMATSEIDE","Himatsingka Seide Limited","EQ","Dividend-Rs.1.25 Per Sh.","5","13-Jul-2006","-","15-Jul-2006","28-Jul-2006"
"RANEBRAKE","Rane Brake Linings Limited","EQ","Agm/Final Dividend-30%","10","13-Jul-2006","-","15-Jul-2006","26-Jul-2006"
"RML","Rane (Madras) Limited","EQ","Final Dividend-15%","10","13-Jul-2006","-","15-Jul-2006","21-Jul-2006"
"KBL","Kirloskar Brothers Limited","EQ","Agm/Final Dividend-100%","2","13-Jul-2006","-","15-Jul-2006","21-Jul-2006"
"INDORAMTEX","Indo Rama Textiles Limited","EQ","Agm","10","13-Jul-2006","-","15-Jul-2006","21-Jul-2006"
"INFY","Infosys Limited","EQ","Bonus 1:1","5","13-Jul-2006","14-Jul-2006","-","-"
"IDBI","IDBI Bank Limited","EQ","Dividend-Rs.1.50/- Per Sh","10","13-Jul-2006","-","15-Jul-2006","19-Jul-2006"
"VARDMNPOLY","Vardhman Polytex Limited","EQ","Agm/Dividend-42%","1","13-Jul-2006","-","15-Jul-2006","20-Jul-2006"
"HINVDIR","HSBC InvestDirect (India) Limited","EQ","Agm/Div-Rs.3/- Per Sh","10","13-Jul-2006","-","15-Jul-2006","25-Jul-2006"
"GODREJIND","Godrej Industries Limited","EQ","Agm/Div-Rs.5/- Per Sh","1","13-Jul-2006","-","17-Jul-2006","24-Jul-2006"
"UNICHEMLAB","Unichem Laboratories Limited","EQ","Agm/Dividend-100%","2","13-Jul-2006","-","16-Jul-2006","22-Jul-2006"
"SUNILHITEC","Sunil Hitech Engineers Limited","EQ","Agm/Dividend-10%","1","13-Jul-2006","-","17-Jul-2006","20-Jul-2006"
"DATAMATICS","Datamatics Global Services Limited","EQ","Agm/Final Dividend-25%","5","13-Jul-2006","-","15-Jul-2006","26-Jul-2006"
"SHRIRAMFIN","Shriram Finance Limited","EQ","Interim Dividend-20%","2","13-Jul-2006","14-Jul-2006","-","-"
"ZYDUSLIFE","Zydus Lifesciences Limited","EQ","Dividend-120%","1","13-Jul-2006","-","15-Jul-2006","25-Jul-2006"
"TIPSMUSIC","Tips Music Limited","EQ","Agm","1","13-Jul-2006","-","17-Jul-2006","21-Jul-2006"
"ACCELYA","Accelya Solutions India Limited","EQ","Dividend-12.5%","10","13-Jul-2006","-","17-Jul-2006","25-Jul-2006"
"GRAPHITE","Graphite India Limited","EQ","Agm/Dividend-60%","2","13-Jul-2006","-","17-Jul-2006","31-Jul-2006"
"TATAELXSI","Tata Elxsi Limited","EQ","Agm/Dividend-65%","10","13-Jul-2006","-","15-Jul-2006","28-Jul-2006"
"EVERESTIND","Everest Industries Limited","EQ","Agm/Final Dividend-30%","10","13-Jul-2006","-","17-Jul-2006","26-Jul-2006"
"EXCELINDUS","Excel Industries Limited","EQ","Agm","5","14-Jul-2006","-","18-Jul-2006","28-Jul-2006"
"EIHOTEL","EIH Limited","EQ","Agm/Final Dividend-50%","2","14-Jul-2006","-","18-Jul-2006","28-Jul-2006"
"HINDMOTOR","Hindustan Motors Limited","EQ","Agm","10","14-Jul-2006","-","18-Jul-2006","28-Jul-2006"
"MUKANDENGG","Mukand Engineers Limited","EQ","Agm","10","14-Jul-2006","-","18-Jul-2006","20-Jul-2006"
"INDHOTEL","The Indian Hotels Company Limited","EQ","Dividend-130%","1","14-Jul-2006","-","18-Jul-2006","04-Aug-2006"
"SOLECTCENT","Solectron Centum Electronics Limited","EQ","Agm","10","14-Jul-2006","-","18-Jul-2006","20-Jul-2006"
"VINYLCHEM","Vinyl Chemicals (India) Limited","EQ","Agm","10","14-Jul-2006","-","18-Jul-2006","01-Aug-2006"
"IGARASHI","Igarashi Motors India Limited","EQ","Agm/Div-Rs.1.50 Per Sh","10","14-Jul-2006","-","18-Jul-2006","26-Jul-2006"
"GICHSGFIN","GIC Housing Finance Limited","EQ","Agm/Dividend-15%","10","14-Jul-2006","-","18-Jul-2006","27-Jul-2006"
"CENTEXT","Century Extrusions Limited","EQ","Agm","1","14-Jul-2006","-","18-Jul-2006","21-Jul-2006"
"PRAKASH","Prakash Industries Limited","EQ","Agm","10","14-Jul-2006","-","18-Jul-2006","22-Jul-2006"
"SAKSOFT","Saksoft Limited","EQ","Agm/Dividend-15%","1","14-Jul-2006","-","18-Jul-2006","24-Jul-2006"
"GVPIL","GE Power India Limited","EQ","Agm/Div-Rs.4/- Per Sh","10","14-Jul-2006","-","18-Jul-2006","27-Jul-2006"
"SESHAPAPER","Seshasayee Paper and Boards Limited","EQ","Dividend-25%","2","14-Jul-2006","-","18-Jul-2006","29-Jul-2006"
"HINDALCO","Hindalco Industries Limited","EQ","Dividend-Rs.2.20/- Per Sh","1","14-Jul-2006","-","18-Jul-2006","28-Jul-2006"
"BLUESTARCO","Blue Star Limited","EQ","Agm/Div-Rs.12/- Per Sh","2","17-Jul-2006","-","19-Jul-2006","26-Jul-2006"
"ASTRAMICRO","Astra Microwave Products Limited","EQ","Agm/Dividend-50%","2","17-Jul-2006","-","19-Jul-2006","26-Jul-2006"
"CHAMBLFERT","Chambal Fertilizers & Chemicals Limited","EQ","Dividend-18%","10","17-Jul-2006","-","19-Jul-2006","25-Jul-2006"
"CUMMINSIND","Cummins India Limited","EQ","Agm/Final Dividend-100%","2","17-Jul-2006","-","19-Jul-2006","21-Jul-2006"
"EXCELCROP","Excel Crop Care Limited","EQ","Agm/Dividend-75%","5","17-Jul-2006","-","19-Jul-2006","26-Jul-2006"
"NAVA","NAVA LIMITED","EQ","Agm/Dividend-100%","1","17-Jul-2006","-","19-Jul-2006","27-Jul-2006"
"SAKUMA","Sakuma Exports Limited","EQ","Agm/Dividend-5%","1","17-Jul-2006","-","19-Jul-2006","26-Jul-2006"
"HONDAPOWER","Honda India Power Products Limited","EQ","Dividend-40%","10","18-Jul-2006","-","20-Jul-2006","27-Jul-2006"
"YESBANK","Yes Bank Limited","EQ","Agm","2","18-Jul-2006","-","20-Jul-2006","24-Jul-2006"
"SUNDARMFIN","Sundaram Finance Limited","EQ","Agm/Div Fin-85% + Spl-50%","10","18-Jul-2006","-","20-Jul-2006","03-Aug-2006"
"PRICOL","Pricol Limited","EQ","Agm/Dividend-100%","1","18-Jul-2006","-","20-Jul-2006","04-Aug-2006"
"RAMCOIND","Ramco Industries Limited","EQ","Agm/Final Dividend-50%","1","18-Jul-2006","-","20-Jul-2006","27-Jul-2006"
"UMESL","Usha Martin Education & Solutions Limited","EQ","Agm","5","18-Jul-2006","-","20-Jul-2006","01-Aug-2006"
"ZENSARTECH","Zensar Technologies Limited","EQ","Agm/Dividend-26%","2","18-Jul-2006","-","20-Jul-2006","27-Jul-2006"
"BRITANNIA","Britannia Industries Limited","EQ","Agm/Div-Rs.15/- Per Sh   Bc Dates Revised","1","18-Jul-2006","-","20-Jul-2006","01-Aug-2006"
"RAMCOCEM","The Ramco Cements Limited","EQ","Agm/Div-Rs.5/- Per Sh","1","18-Jul-2006","-","20-Jul-2006","27-Jul-2006"
"PRESSMN","Pressman Advertising Limited","EQ","Agm","2","18-Jul-2006","-","20-Jul-2006","22-Jul-2006"
"TTML","Tata Teleservices (Maharashtra) Limited","EQ","Agm","10","18-Jul-2006","-","20-Jul-2006","10-Aug-2006"
"ENIL","Entertainment Network (India) Limited","EQ","Agm","10","18-Jul-2006","-","20-Jul-2006","27-Jul-2006"
"IPCALAB","IPCA Laboratories Limited","EQ","Agm/Div-Rs.3/- Per Sh","1","18-Jul-2006","-","20-Jul-2006","28-Jul-2006"
"SIRPAPER","The Sirpur Paper Mills Limited","EQ","Agm/Final Dividend-10%","10","19-Jul-2006","-","21-Jul-2006","28-Jul-2006"
"LOTTEINDIA","Lotte India Corporation Limited","EQ","Agm","10","19-Jul-2006","-","21-Jul-2006","27-Jul-2006"
"KARURVYSYA","Karur Vysya Bank Limited","EQ","Agm/Div - 120%/Bonus 1:1","2","19-Jul-2006","-","21-Jul-2006","27-Jul-2006"
"IDFC","IDFC Limited","EQ","Agm/Dividend-10%","10","19-Jul-2006","-","21-Jul-2006","02-Aug-2006"
"TIL","TIL Limited","EQ","Agm/Dividend-20%","10","19-Jul-2006","-","21-Jul-2006","25-Jul-2006"
"LICHSGFIN","LIC Housing Finance Limited","EQ","Agm/Dividend-60%","2","19-Jul-2006","-","21-Jul-2006","02-Aug-2006"
"AARTIDRUGS","Aarti Drugs Limited","EQ","Agm/Div-Rs.1.50/- Per Sh","10","19-Jul-2006","-","21-Jul-2006","28-Jul-2006"
"AZTECSOFT","Aztecsoft Limited","EQ","Agm/Dividend-20%","3","19-Jul-2006","-","21-Jul-2006","26-Jul-2006"
"JKCEMENT","JK Cement Limited","EQ","Agm/Div-Rs.1.50/- Per Sh","10","19-Jul-2006","-","21-Jul-2006","29-Jul-2006"
"AGI","AGI Greenpac Limited","EQ","Interim Dividend-25%","2","19-Jul-2006","20-Jul-2006","-","-"
"BOSCH-HCIL","BOSCH HOME COMFORT INDIA LIMITED","EQ","Agm","10","19-Jul-2006","-","21-Jul-2006","25-Jul-2006"
"BIRLANU","BirlaNu Limited","EQ","Agm/Div-Rs.5/- Per Sh","10","19-Jul-2006","-","21-Jul-2006","21-Jul-2006"
"IIFL","IIFL Finance Limited","EQ","Agm/Div-Re.1/- Per Sh","2","19-Jul-2006","-","21-Jul-2006","24-Jul-2006"
"TEXINFRA","Texmaco Infrastructure & Holdings Limited","EQ","Agm/Dividend-30%","1","19-Jul-2006","-","21-Jul-2006","28-Jul-2006"
"HERITGFOOD","Heritage Foods Limited","EQ","Agm/Div-Rs.3/- Per Sh","5","19-Jul-2006","-","21-Jul-2006","25-Jul-2006"
"HTMEDIA","HT Media Limited","EQ","Agm/Div-Rs.1.20/- Per Sh","2","20-Jul-2006","-","24-Jul-2006","02-Aug-2006"
"HAVELLS","Havells India Limited","EQ","Bonus 1:1","1","20-Jul-2006","21-Jul-2006","-","-"
"RANEHOLDIN","Rane Holdings Limited","EQ","Agm/Final Dividend-20%","10","20-Jul-2006","-","22-Jul-2006","28-Jul-2006"
"TAJGVK","Taj GVK Hotels & Resorts Limited","EQ","Agm/Dividend-100%","2","20-Jul-2006","-","24-Jul-2006","28-Jul-2006"
"BHARATFORG","Bharat Forge Limited","EQ","Dividend-150%","2","20-Jul-2006","-","22-Jul-2006","29-Jul-2006"
"SUDARSCHEM","Sudarshan Chemical Industries Limited","EQ","Agm/Dividend-50%","2","20-Jul-2006","-","24-Jul-2006","29-Jul-2006"
"ASIL","Amit Spinning Industries Limited","EQ","Agm","5","20-Jul-2006","-","24-Jul-2006","28-Jul-2006"
"CREWBOS","Crew B.O.S. Products Limited","EQ","Agm/Dividend-5%","10","20-Jul-2006","-","22-Jul-2006","28-Jul-2006"
"SURYALAXMI","Suryalakshmi Cotton Mills Limited","EQ","Agm/Dividend-25%","10","20-Jul-2006","-","24-Jul-2006","31-Jul-2006"
"VENKEYS","Venky's (India) Limited","EQ","Agm/Div-Rs.2/- Per Sh","10","20-Jul-2006","-","22-Jul-2006","28-Jul-2006"
"NATNLSTEEL","National Steel And Agro Industries Limited","EQ","Agm","10","20-Jul-2006","-","24-Jul-2006","29-Jul-2006"
"PATSPINLTD","Patspin India Limited","EQ","Agm/Dividend-8%","10","20-Jul-2006","-","22-Jul-2006","28-Jul-2006"
"JBFIND","JBF Industries Limited","EQ","Agm/Dividend-20%","10","20-Jul-2006","-","24-Jul-2006","29-Jul-2006"
"MERCATOR","Mercator Limited","EQ","Final Dividend-30%","1","20-Jul-2006","-","22-Jul-2006","31-Jul-2006"
"GTNTEX","GTN Textiles Limited","EQ","Agm/Dividend-9%","10","20-Jul-2006","-","22-Jul-2006","28-Jul-2006"
"VISACHROME","VISA Chrome Limited","EQ","Agm","10","20-Jul-2006","-","24-Jul-2006","29-Jul-2006"
"UTTAMVALUE","Uttam Value Steels Limited","EQ","Agm","10","20-Jul-2006","-","24-Jul-2006","05-Aug-2006"
"INDIANHUME","Indian Hume Pipe Company Limited","EQ","Agm/Dividend-45%","2","20-Jul-2006","-","24-Jul-2006","31-Jul-2006"
"GTNIND","GTN Industries Limited","EQ","Agm/Dividend-9%","10","20-Jul-2006","-","22-Jul-2006","26-Jul-2006"
"EKC","Everest Kanto Cylinder Limited","EQ","Agm/Dividend-35%","2","20-Jul-2006","-","22-Jul-2006","26-Jul-2006"
"GOLDIAM","Goldiam International Limited","EQ","Agm/Fin Div-Re.1/- Per Sh","2","20-Jul-2006","-","24-Jul-2006","28-Jul-2006"
"SHREECEM","SHREE CEMENT LIMITED","EQ","Agm/Div-Rs.5/- Per Sh","10","21-Jul-2006","-","25-Jul-2006","31-Jul-2006"
"ASAHIINDIA","Asahi India Glass Limited","EQ","Agm/Div-Re.0.60/- Per Sh","1","21-Jul-2006","-","25-Jul-2006","28-Jul-2006"
"ORIENTHOT","Oriental Hotels Limited","EQ","Agm/Dividend-75%","1","21-Jul-2006","-","25-Jul-2006","31-Jul-2006"
"PRECOT","Precot Limited","EQ","Dividend-60%","10","21-Jul-2006","-","25-Jul-2006","09-Aug-2006"
"TATACONSUM","TATA CONSUMER PRODUCTS LIMITED","EQ","Agm/Div-Rs.12/- Per Sh","1","21-Jul-2006","-","25-Jul-2006","08-Aug-2006"
"ASIANHOTEL","Asian Hotels Limited","EQ","Agm/Final Dividend-20%","10","21-Jul-2006","-","25-Jul-2006","29-Jul-2006"
"RELMEDIA","Reliance MediaWorks Limited","EQ","Agm/Dividend-45%","5","21-Jul-2006","-","25-Jul-2006","28-Jul-2006"
"GUJSTATFIN","Gujarat State Financial Corporation","EQ","Agm","10","21-Jul-2006","-","28-Jul-2006","31-Jul-2006"
"VSTIND","VST Industries Limited","EQ","Agm/Div-Rs.12.50 Per Sh","10","21-Jul-2006","-","25-Jul-2006","27-Jul-2006"
"PIDILITIND","Pidilite Industries Limited","EQ","Agm/Div-Rs.1.25/- Per Sh","1","21-Jul-2006","-","25-Jul-2006","08-Aug-2006"
"SAMBHAAV","Sambhaav Media Limited","EQ","Agm","1","24-Jul-2006","-","26-Jul-2006","29-Jul-2006"
"ADANIENT","Adani Enterprises Limited","EQ","Agm/Final Dividend-45%","1","24-Jul-2006","-","26-Jul-2006","28-Jul-2006"
"GINNIFILA","Ginni Filaments Limited","EQ","Dividend-7.50%","10","24-Jul-2006","-","26-Jul-2006","31-Jul-2006"
"SIMBHSUGAR","Simbhaoli Sugars Limited","EQ","Agm/Dividend-30%","10","24-Jul-2006","-","26-Jul-2006","31-Jul-2006"
"RAMCOSYS","Ramco Systems Limited","EQ","Agm","10","25-Jul-2006","-","27-Jul-2006","27-Jul-2006"
"ZENITHINFO","Zenith Infotech Limited","EQ","Agm/Dividend-15%         Purpose Revised","10","25-Jul-2006","-","27-Jul-2006","07-Aug-2006"
"BARTRONICS","Bartronics India Limited","EQ","Agm","10","25-Jul-2006","-","27-Jul-2006","28-Jul-2006"
"SUNDROP","Sundrop Brands Limited","EQ","Agm","10","25-Jul-2006","-","27-Jul-2006","28-Jul-2006"
"ZENITHCOMP","Zenith Computers Limited","EQ","Agm/Dividend-15%","10","25-Jul-2006","-","27-Jul-2006","07-Aug-2006"
"POONAWALLA","Poonawalla Fincorp Limited","EQ","Agm/Dividend-18%","2","25-Jul-2006","-","27-Jul-2006","31-Jul-2006"
"IMPAL","India Motor Parts and Accessories Limited","EQ","Interim Dividend-70%     Purpose Revised","10","25-Jul-2006","26-Jul-2006","-","-"
"SUPRAJIT","Suprajit Engineering Limited","EQ","Agm/Final Dividend-30%","1","26-Jul-2006","-","28-Jul-2006","31-Jul-2006"
"UTTAMSTL","Uttam Galva Steels Limited","EQ","Agm","10","26-Jul-2006","-","28-Jul-2006","12-Aug-2006"
"NRBBEARING","NRB Bearing Limited","EQ","Agm/Fin Div-Rs.5/- Per Sh","2","27-Jul-2006","-","31-Jul-2006","11-Aug-2006"
"APOLLOHOSP","Apollo Hospitals Enterprise Limited","EQ","Agm/Dividend-45%","5","27-Jul-2006","-","29-Jul-2006","07-Aug-2006"
"BLKASHYAP","B. L. Kashyap and Sons Limited","EQ","Agm/Dividend-30%","1","27-Jul-2006","-","29-Jul-2006","11-Aug-2006"
"FOSECOIND","Foseco India Limited","EQ","2nd Int Div-Rs.4/- Per Shpurpose Revised","10","27-Jul-2006","28-Jul-2006","-","-"
"ELECTCAST","Electrosteel Castings Limited","EQ","Dividend-125%","1","27-Jul-2006","-","31-Jul-2006","07-Aug-2006"
"GODREJCP","Godrej Consumer Products Limited","EQ","Int Div-Rs.3/- Per Sh    Purpose Revised","1","27-Jul-2006","28-Jul-2006","-","-"
"ABCIL","Aditya Birla Chemicals (India) Limited","EQ","Agm/Dividend-10%","10","28-Jul-2006","-","01-Aug-2006","11-Aug-2006"
"GAIL","GAIL (India) Limited","EQ","Agm/Final Dividend-20%","10","28-Jul-2006","-","01-Aug-2006","14-Aug-2006"
"ELGIRUBBER","Elgi Rubber Company Limited","EQ","Agm/Dividend-45%","1","28-Jul-2006","-","01-Aug-2006","12-Aug-2006"
"BASF","BASF India Limited","EQ","Agm/Dividend-70%","10","28-Jul-2006","-","01-Aug-2006","10-Aug-2006"
"INDIACEM","The India Cements Limited","EQ","Agm","10","28-Jul-2006","-","01-Aug-2006","07-Aug-2006"
"KABRAEXTRU","Kabra Extrusion Technik Limited","EQ","Agm/Div-Rs.4/- Per Sh","5","28-Jul-2006","-","01-Aug-2006","11-Aug-2006"
"INDRAMEDCO","Indraprastha Medical Corporation Limited","EQ","Agm/Dividend-12.5%","10","28-Jul-2006","-","01-Aug-2006","11-Aug-2006"
"NICCOCORP","Nicco Corporation Limited","EQ","Agm","10","28-Jul-2006","-","01-Aug-2006","09-Aug-2006"
"INDIAGLYCO","India Glycols Limited","EQ","Agm/Dividend-30%","5","28-Jul-2006","-","01-Aug-2006","12-Aug-2006"
"COLGATE","Colgate Palmolive India Limited","EQ","Agm","10","28-Jul-2006","-","01-Aug-2006","08-Aug-2006"
"MARICO","Marico Limited","EQ","Int Div-Rs.1.35/- Per Sh Purpose Revised","1","28-Jul-2006","31-Jul-2006","-","-"
"JAYBARMARU","Jay Bharat Maruti Limited","EQ","Agm/Dividend-35%","2","28-Jul-2006","-","01-Aug-2006","03-Aug-2006"
"JYOTISTRUC","Jyoti Structures Limited","EQ","Fv Split-Rs.10/-To Rs.2/-","2","28-Jul-2006","04-Aug-2006","-","-"
"CENTURYPLY","Century Plyboards (India) Limited","EQ","Interim Dividend-25%     Purpose Revised","1","28-Jul-2006","-","01-Aug-2006","03-Aug-2006"
"VHL","Vardhman Holdings Limited","EQ","Agm/Dividend-20%","10","28-Jul-2006","-","01-Aug-2006","26-Aug-2006"
"PREMIER","Premier Limited","EQ","Agm/Dividend-15%","10","28-Jul-2006","-","01-Aug-2006","11-Aug-2006"
"MOTHERSON","Samvardhana Motherson International Limited","EQ","Agm/Dividend-115%","1","28-Jul-2006","-","01-Aug-2006","07-Aug-2006"
"LMW","LMW Limited","EQ","Fin Div-Rs.200/- Per Sh  Purpose Revised","10","28-Jul-2006","-","01-Aug-2006","18-Aug-2006"
"CYIENT","Cyient Limited","EQ","Fv Spl-10 To 5 / Bon 1:2","5","28-Jul-2006","04-Aug-2006","-","-"
"VTL","Vardhman Textiles Limited","EQ","Agm/Dividend-40%","2","28-Jul-2006","-","01-Aug-2006","26-Aug-2006"
"TCS","Tata Consultancy Services Limited","EQ","Intdiv-Rs 3persh/Bonus1:1","1","28-Jul-2006","31-Jul-2006","-","-"
"SORILINFRA","SORIL Infra Resources Limited","EQ","Agm","10","01-Aug-2006","-","03-Aug-2006","11-Aug-2006"
"ARE&M","Amara Raja Energy & Mobility Limited","EQ","Agm/Dividend-25%","1","01-Aug-2006","-","03-Aug-2006","14-Aug-2006"
"ASHAPURMIN","Ashapura Minechem Limited","EQ","Agm/Div-Rs.1.50/- Per Sh","2","01-Aug-2006","-","03-Aug-2006","10-Aug-2006"
"HEXAWARE","Hexaware Technologies Limited","EQ","Interim Dividend-40%","2","02-Aug-2006","03-Aug-2006","-","-"
"GREENPLY","Greenply Industries Limited","EQ","Agm/Final Dividend-20%","1","02-Aug-2006","-","04-Aug-2006","07-Aug-2006"
"SURANAT&P","Surana Telecom and Power Limited","EQ","Agm/Dividend-20%","1","02-Aug-2006","-","04-Aug-2006","07-Aug-2006"
"APARINDS","Apar Industries Limited","EQ","Fin Div-Rs.1.75 Per Sh","10","02-Aug-2006","-","04-Aug-2006","10-Aug-2006"
"BHAGYNAGAR","Bhagyanagar India Limited","EQ","Agm/Dividend-30%","2","02-Aug-2006","-","04-Aug-2006","07-Aug-2006"
"RCF","Rashtriya Chemicals and Fertilizers Limited","EQ","Agm/Dividend-10%","10","03-Aug-2006","-","07-Aug-2006","18-Aug-2006"
"LAKSHVILAS","Lakshmi Vilas Bank Limited","EQ","Agm/Dividend-25%","10","03-Aug-2006","-","05-Aug-2006","14-Aug-2006"
"OFSS","Oracle Financial Services Software Limited","EQ","Agm/Dividend-Rs.5 Per Sh Purpose Revised","5","03-Aug-2006","-","05-Aug-2006","10-Aug-2006"
"NORBTEAEXP","Norben Tea & Exports Limited","EQ","Agm","10","03-Aug-2006","-","05-Aug-2006","11-Aug-2006"
"MUKTAARTS","Mukta Arts Limited","EQ","Agm","5","03-Aug-2006","-","05-Aug-2006","12-Aug-2006"
"SHREERAMA","Shree Rama Multi-Tech Limited","EQ","Agm","5","03-Aug-2006","-","05-Aug-2006","12-Aug-2006"
"WHEELS","Wheels India Limited","EQ","Agm","10","03-Aug-2006","-","07-Aug-2006","14-Aug-2006"
"MRF","MRF Limited","EQ","Interim Dividend-30%     Purpose Revised","10","03-Aug-2006","04-Aug-2006","-","-"
"TV18","Television Eighteen India Limited","EQ","Agm/Dividend-25%","10","03-Aug-2006","-","07-Aug-2006","11-Aug-2006"
"SANOFI","Sanofi India Limited","EQ","Int Div-Rs.3.50/- Per Sh Purpose Revised","10","03-Aug-2006","04-Aug-2006","-","-"
"DCHL","Deccan Chronicle Holdings Limited","EQ","Dividend-10%","2","04-Aug-2006","-","08-Aug-2006","23-Aug-2006"
"TRENT","Trent Limited","EQ","Agm/Div-Rs.6.50/- Per Sh","1","04-Aug-2006","-","08-Aug-2006","29-Aug-2006"
"INDNIPPON","India Nippon Electricals Limited","EQ","Agm","5","04-Aug-2006","-","08-Aug-2006","14-Aug-2006"
"JAICORPLTD","Jai Corp Limited","EQ","Agm","1","04-Aug-2006","-","08-Aug-2006","24-Aug-2006"
"TITAN","Titan Company Limited","EQ","Agm/Dividend-30%","1","04-Aug-2006","-","08-Aug-2006","21-Aug-2006"
"POLARIS","POLARIS CONSULTING & SERVICES LIMITED","EQ","Agm/Dividend-25%","5","07-Aug-2006","-","09-Aug-2006","18-Aug-2006"
"EMTEXIND","Emtex Industries ( India ) Limited","EQ","Agm","10","07-Aug-2006","-","09-Aug-2006","12-Aug-2006"
"ONWARDTEC","Onward Technologies Limited","EQ","Agm","10","07-Aug-2006","-","09-Aug-2006","11-Aug-2006"
"MANALIPET","Manali Petrochemicals Limited","EQ","Agm/Div-Re.0.75/- Per Sh Purpose Revised","10","08-Aug-2006","-","10-Aug-2006","19-Aug-2006"
"GOKEX","Gokaldas Exports Limited","EQ","Agm/Dividend-30%","5","08-Aug-2006","-","10-Aug-2006","17-Aug-2006"
"HINDUNILVR","Hindustan Unilever Limited","EQ","Int Div-Rs.3/- Per Sh    Purpose Revised","1","08-Aug-2006","09-Aug-2006","-","-"
"ABIRLANUVO","Aditya Birla Nuvo Limited","EQ","Agm/Div-Rs.5/- Per Sh","10","08-Aug-2006","-","10-Aug-2006","17-Aug-2006"
"LLOYDFIN","Lloyds Finance Limited","EQ","Agm","10","09-Aug-2006","-","11-Aug-2006","18-Aug-2006"
"QUINTEGRA","Quintegra Solutions Limited","EQ","Agm","10","09-Aug-2006","-","11-Aug-2006","18-Aug-2006"
"GRASIM","Grasim Industries Limited","EQ","Dividend-Rs.20/- Per Sh","2","09-Aug-2006","-","11-Aug-2006","25-Aug-2006"
"COFORGE","Coforge Limited","EQ","Agm/Dividend-60%","2","09-Aug-2006","-","11-Aug-2006","17-Aug-2006"
"RSSOFTWARE","R. S. Software (India) Limited","EQ","Agm","5","09-Aug-2006","-","11-Aug-2006","18-Aug-2006"
"ICDSLTD","ICDS Limited","EQ","Agm","10","09-Aug-2006","-","11-Aug-2006","18-Aug-2006"
"ICIL","Indo Count Industries Limited","EQ","Agm","2","09-Aug-2006","-","11-Aug-2006","12-Aug-2006"
"BALAJITELE","Balaji Telefilms Limited","EQ","Agm/Div-Rs.3/- Per Sh","2","09-Aug-2006","-","11-Aug-2006","18-Aug-2006"
"NIITLTD","NIIT Limited","EQ","Agm/Div-Rs.6/- Per Sh","2","09-Aug-2006","-","11-Aug-2006","17-Aug-2006"
"STLTECH","Sterlite Technologies Limited","EQ","Agm/Dividend-10%","2","09-Aug-2006","-","11-Aug-2006","18-Aug-2006"
"POLYPLEX","Polyplex Corporation Limited","EQ","Agm/Final Dividend-10%   Bc End Date Revised","10","10-Aug-2006","-","12-Aug-2006","17-Aug-2006"
"MUNJALSHOW","Munjal Showa Limited","EQ","Agm/Dividend-100%","2","10-Aug-2006","-","12-Aug-2006","28-Aug-2006"
"AUTOAXLES","Automotive Axles Limited","EQ","Int Div-Rs.5.50/- Per Sh Purpose Revised","10","10-Aug-2006","11-Aug-2006","-","-"
"SIMPLEXINF","Simplex Infrastructures Limited","EQ","Agm/Div-Rs.5/- Per Sh","2","10-Aug-2006","-","14-Aug-2006","18-Aug-2006"
"BHARATIDIL","Bharati Defence and Infrastructure Limited","EQ","Agm/Dividend-25%","10","10-Aug-2006","-","14-Aug-2006","28-Aug-2006"
"CGPOWER","CG Power and Industrial Solutions Limited","EQ","Fv Split Rs.10/- To Rs.2/","2","10-Aug-2006","18-Aug-2006","-","-"
"NCC","NCC Limited","EQ","Agm/Dividend-80%","2","10-Aug-2006","-","14-Aug-2006","21-Aug-2006"
"SHIVTEX","Shiva Texyarn Limited","EQ","Agm/Dividend-15%","10","10-Aug-2006","-","14-Aug-2006","21-Aug-2006"
"SAIL","Steel Authority of India Limited","EQ","Agm/Dividend-7.5%","10","10-Aug-2006","-","12-Aug-2006","31-Aug-2006"
"ADHUNIK","Adhunik Metaliks Limited","EQ","Agm/Dividend-5%","10","10-Aug-2006","-","12-Aug-2006","25-Aug-2006"
"NITINSPIN","Nitin Spinners Limited","EQ","Agm","10","10-Aug-2006","-","14-Aug-2006","21-Aug-2006"
"UTVSOF","UTV Software Communications Limited","EQ","Agm","10","10-Aug-2006","-","14-Aug-2006","24-Aug-2006"
"CUB","City Union Bank Limited","EQ","Agm/Dividend-40%","1","10-Aug-2006","-","12-Aug-2006","18-Aug-2006"
"BASML","Bannari Amman Spinning Mills Limited","EQ","Agm/Dividend-20%","5","10-Aug-2006","-","14-Aug-2006","21-Aug-2006"
"BHARTIARTL","Bharti Airtel Limited","EQ","Agm","5","10-Aug-2006","-","12-Aug-2006","21-Aug-2006"
"TATACOMM","Tata Communications Limited","EQ","Agm/Div-Rs.4.50 Per Sh","10","11-Aug-2006","-","16-Aug-2006","22-Aug-2006"
"LUPIN","Lupin Limited","EQ","Bonus 1:1","2","11-Aug-2006","14-Aug-2006","-","-"
"IFCI","IFCI Limited","EQ","Agm","10","11-Aug-2006","-","16-Aug-2006","25-Aug-2006"
"DHARSUGAR","Dharani Sugars & Chemicals Limited","EQ","Agm","10","11-Aug-2006","-","16-Aug-2006","23-Aug-2006"
"KAJARIACER","Kajaria Ceramics Limited","EQ","Agm/Dividend-35%","1","11-Aug-2006","-","16-Aug-2006","28-Aug-2006"
"NITCO","Nitco Limited","EQ","Dividend-10%","10","11-Aug-2006","-","16-Aug-2006","24-Aug-2006"
"TFCILTD","Tourism Finance Corporation of India Limited","EQ","Annual Book Closure","2","11-Aug-2006","-","16-Aug-2006","25-Aug-2006"
"LGBROS","LG Balakrishnan & Bros Limited","EQ","Dividend-30%","1","11-Aug-2006","-","16-Aug-2006","30-Aug-2006"
"VARDHACRLC","Vardhman Acrylics Limited","EQ","Agm","10","11-Aug-2006","-","16-Aug-2006","26-Aug-2006"
"SATYAMCOMP","Satyam Computer Services Limited","EQ","Agm/Final Dividend-250%","2","11-Aug-2006","-","16-Aug-2006","21-Aug-2006"
"HIKAL","Hikal Limited","EQ","Agm/Div-Rs.3.50/- Per Sh","2","11-Aug-2006","-","16-Aug-2006","23-Aug-2006"
"SUNDRMFAST","Sundram Fasteners Limited","EQ","Agm","1","11-Aug-2006","-","16-Aug-2006","23-Aug-2006"
"NLCINDIA","NLC India Limited","EQ","Agm","10","11-Aug-2006","-","16-Aug-2006","06-Sep-2006"
"TVSMOTOR","TVS Motor Company Limited","EQ","Agm","1","11-Aug-2006","-","16-Aug-2006","18-Aug-2006"
"JBMA","JBM Auto Limited","EQ","Agm/Dividend-20%","1","14-Aug-2006","-","17-Aug-2006","19-Aug-2006"
"GKW","GKW Limited","EQ","Agm","10","14-Aug-2006","-","17-Aug-2006","31-Aug-2006"
"HEROMOTOCO","Hero MotoCorp Limited","EQ","Agm/Div-Rs.20/- Per Sh","2","14-Aug-2006","-","17-Aug-2006","22-Aug-2006"
"BRABOURNE","Brabourne Enterprises Limited","EQ","Agm/Dividend-25%","10","14-Aug-2006","-","17-Aug-2006","25-Aug-2006"
"JSWISPAT","JSW ISPAT Steel Limited","EQ","Agm","10","14-Aug-2006","-","17-Aug-2006","28-Aug-2006"
"MOTOGENFIN","The Motor & General Finance Limited","EQ","Agm","5","14-Aug-2006","-","17-Aug-2006","24-Aug-2006"
"MONSANTO","Monsanto India Limited","EQ","Div-Rs.10/- Per Sh","10","14-Aug-2006","-","17-Aug-2006","24-Aug-2006"
"DELTAMAGNT","Delta Manufacturing Limited","EQ","Agm","10","14-Aug-2006","-","17-Aug-2006","23-Aug-2006"
"ULTRACEMCO","UltraTech Cement Limited","EQ","Div-Rs.1.75/- Per Sh","10","14-Aug-2006","-","17-Aug-2006","28-Aug-2006"
"LT","Larsen & Toubro Limited","EQ","Dividend-Rs.22/- Per Sh","2","14-Aug-2006","-","17-Aug-2006","25-Aug-2006"
"KOTHARIPET","Kothari Petrochemicals Limited","EQ","Agm","10","14-Aug-2006","-","17-Aug-2006","24-Aug-2006"
"PROVOGUE","Provogue (India) Limited","EQ","Agm/Dividend-12.5%","2","14-Aug-2006","-","17-Aug-2006","24-Aug-2006"
"CONCOR","Container Corporation of India Limited","EQ","Agm/Final Dividend-80%","5","16-Aug-2006","-","18-Aug-2006","04-Sep-2006"
"GNFC","Gujarat Narmada Valley Fertilizers and Chemicals Limited","EQ","Dividend-Rs.4.25 Per Sh","10","16-Aug-2006","-","18-Aug-2006","24-Aug-2006"
"ZICOM","Zicom Electronic Security Systems Limited","EQ","Agm/Dividend-12%","10","16-Aug-2006","-","18-Aug-2006","24-Aug-2006"
"TNPL","Tamil Nadu Newsprint & Papers Limited","EQ","Agm/Dividend-15%","10","16-Aug-2006","-","18-Aug-2006","25-Aug-2006"
"AMJLAND","Amj Land Holdings Limited","EQ","Fin Div-Rs.1.20/- Per Sh","2","16-Aug-2006","-","18-Aug-2006","04-Sep-2006"
"BLUESTINFO","Blue Star Infotech Limited","EQ","Agm/Dividend-20%","10","16-Aug-2006","-","18-Aug-2006","29-Aug-2006"
"CALSOFT","California Software Company Limited","EQ","Agm/Dividend-10%","10","16-Aug-2006","-","18-Aug-2006","25-Aug-2006"
"ALEMBICLTD","Alembic Limited","EQ","Dividend-50%","2","16-Aug-2006","-","18-Aug-2006","30-Aug-2006"
"SMARTLINK","Smartlink Holdings Limited","EQ","Dividend-100%","2","16-Aug-2006","-","18-Aug-2006","24-Aug-2006"
"EIMCOELECO","Eimco Elecon (India) Limited","EQ","Dividend-35%","10","16-Aug-2006","-","18-Aug-2006","29-Aug-2006"
"GOLDENTOBC","Golden Tobacco Limited","EQ","Agm","10","16-Aug-2006","-","18-Aug-2006","24-Aug-2006"
"MRPL","Mangalore Refinery and Petrochemicals Limited","EQ","Agm/Div-Re.0.70 Per Sh","10","16-Aug-2006","-","18-Aug-2006","08-Sep-2006"
"CHENNPETRO","Chennai Petroleum Corporation Limited","EQ","Agm/Dividend-90%","10","16-Aug-2006","-","18-Aug-2006","25-Aug-2006"
"UCAL","UCAL LIMITED","EQ","Agm/Final Dividend-10%","10","17-Aug-2006","-","21-Aug-2006","01-Sep-2006"
"63MOONS","63 moons technologies limited","EQ","Interim Dividend-40%","2","17-Aug-2006","18-Aug-2006","-","-"
"ZODIACLOTH","Zodiac Clothing Company Limited","EQ","Agm/Dividend-Rs.5 Per Sh","10","17-Aug-2006","-","21-Aug-2006","30-Aug-2006"
"IFBAGRO","IFB Agro Industries Limited","EQ","Agm","10","17-Aug-2006","-","21-Aug-2006","24-Aug-2006"
"MSPL","MSP Steel & Power Limited","EQ","Agm","10","17-Aug-2006","-","21-Aug-2006","31-Aug-2006"
"J&KBANK","The Jammu & Kashmir Bank Limited","EQ","Agm/Dividend-80%","1","17-Aug-2006","-","19-Aug-2006","26-Aug-2006"
"IVP","IVP Limited","EQ","Agm/Div-Re.1/- Per Sh","10","17-Aug-2006","-","21-Aug-2006","26-Aug-2006"
"EIDPARRY","EID Parry India Limited","EQ","Int Div-Rs.4.50/- Per Sh","1","17-Aug-2006","19-Aug-2006","-","-"
"UNITECH","Unitech Limited","EQ","Agm/Dividend-10%","2","17-Aug-2006","-","19-Aug-2006","24-Aug-2006"
"EDUCOMP","Educomp Solutions Limited","EQ","Agm/Dividend-15%","2","17-Aug-2006","-","19-Aug-2006","24-Aug-2006"
"BRFL","Bombay Rayon Fashions Limited","EQ","Agm/Div-Re.1/- Per Sh","10","17-Aug-2006","-","19-Aug-2006","29-Aug-2006"
"SOMATEX","Soma Textiles & Industries Limited","EQ","Agm","10","17-Aug-2006","-","21-Aug-2006","28-Aug-2006"
"HINDOILEXP","Hindustan Oil Exploration Company Limited","EQ","Div10%/Rght1:3@Prem Rs.66","10","18-Aug-2006","-","25-Aug-2006","28-Aug-2006"
"JPPOWER","Jaiprakash Power Ventures Limited","EQ","Agm","10","18-Aug-2006","-","22-Aug-2006","30-Aug-2006"
"SUBEX","Subex Limited","EQ","Agm/Final Dividend-10%","10","18-Aug-2006","-","22-Aug-2006","28-Aug-2006"
"HINDPETRO","Hindustan Petroleum Corporation Limited","EQ","Agm/Dividend-30%","10","18-Aug-2006","-","22-Aug-2006","06-Sep-2006"
"CYBERMEDIA","Cyber Media (India) Limited","EQ","Agm/Dividend-10%","10","18-Aug-2006","-","22-Aug-2006","31-Aug-2006"
"SMLMAH","SML Mahindra Limited","EQ","Agm/Dividend-55%","10","18-Aug-2006","-","22-Aug-2006","29-Aug-2006"
"EMAMILTD","Emami Limited","EQ","Agm/Dividend-100%","1","18-Aug-2006","-","22-Aug-2006","25-Aug-2006"
"IBP","IBP Company Limited","EQ","Agm/Dividend-20%","10","18-Aug-2006","-","22-Aug-2006","06-Sep-2006"
"CIPLA","Cipla Limited","EQ","Agm/Div-Rs.2/- Per Sh","2","18-Aug-2006","-","22-Aug-2006","05-Sep-2006"
"TTKPRESTIG","TTK Prestige Limited","EQ","Agm/Div-Rs.2.50/- Per Sh","1","18-Aug-2006","-","22-Aug-2006","29-Aug-2006"
"PRIMESECU","Prime Securities Limited","EQ","Agm/Dividend-25%","5","21-Aug-2006","-","23-Aug-2006","29-Aug-2006"
"KHANDSE","Khandwala Securities Limited","EQ","Agm","10","21-Aug-2006","-","23-Aug-2006","29-Aug-2006"
"APOLLOTYRE","Apollo Tyres Limited","EQ","Agm/Div-Rs.4.50 Per Sh","1","21-Aug-2006","-","23-Aug-2006","25-Aug-2006"
"IFGLREFRAC","IFGL Refractories Limited","EQ","Agm/Dividend-17.5%","10","21-Aug-2006","-","23-Aug-2006","29-Aug-2006"
"BONGAIREFN","Bongaigaon Refinery & Petrochemicals Limited","EQ","Agm/Div-Rs.2.70/- Per Sh","10","21-Aug-2006","-","23-Aug-2006","08-Sep-2006"
"INDIANCARD","Indian Card Clothing Company Limited","EQ","Agm/Dividend-25%","10","22-Aug-2006","-","24-Aug-2006","31-Aug-2006"
"WYETH","Wyeth Limited","EQ","Agm/Dividend-250%","10","22-Aug-2006","-","24-Aug-2006","05-Sep-2006"
"3PLAND","3P Land Holdings Limited","EQ","Agm","2","23-Aug-2006","-","25-Aug-2006","05-Sep-2006"
"COSMOFIRST","COSMO FIRST LIMITED","EQ","Agm/Div-Rs.4/- Per Sh","10","23-Aug-2006","-","25-Aug-2006","30-Aug-2006"
"DIVISLAB","Divi's Laboratories Limited","EQ","Agm/Dividend-100%","2","23-Aug-2006","-","25-Aug-2006","01-Sep-2006"
"MARUTI","Maruti Suzuki India Limited","EQ","Dividend-Rs.3.50/- Per Sh","5","23-Aug-2006","-","25-Aug-2006","05-Sep-2006"
"PSL","PSL Limited","EQ","Agm/Div-Rs.2.50/- Per Sh","10","23-Aug-2006","-","25-Aug-2006","31-Aug-2006"
"IMPAL","India Motor Parts and Accessories Limited","EQ","Agm","10","24-Aug-2006","-","28-Aug-2006","30-Aug-2006"
"LUMAXIND","Lumax Industries Limited","EQ","Agm/Dividend-35%","10","24-Aug-2006","-","28-Aug-2006","06-Sep-2006"
"PRECWIRE","Precision Wires India Limited","EQ","Agm/Div-Rs.3.50/- Per Sh","1","24-Aug-2006","-","26-Aug-2006","31-Aug-2006"
"INGVYSYABK","ING Vysya Bank Limited","EQ","Agm","10","24-Aug-2006","-","28-Aug-2006","26-Sep-2006"
"HINDCOMPOS","Hindustan Composites Limited","EQ","Agm/Dividend-10%","5","24-Aug-2006","-","26-Aug-2006","04-Sep-2006"
"ROHLTD","Royal Orchid Hotels Limited","EQ","Agm/Div-Rs.5/- Per Sh","10","24-Aug-2006","-","28-Aug-2006","05-Sep-2006"
"GEOJITFSL","Geojit Financial Services Limited","EQ","Agm/Div-Rs.2.25/- Per Sh","1","24-Aug-2006","-","28-Aug-2006","31-Aug-2006"
"MPHASIS","MphasiS Limited","EQ","Agm/Div-Rs.3/- Per Sh","10","24-Aug-2006","-","28-Aug-2006","30-Aug-2006"
"KHAITANLTD","Khaitan (India) Limited","EQ","Agm","10","24-Aug-2006","-","26-Aug-2006","04-Sep-2006"
"BELCERAMIC","Bell Ceramics Limited","EQ","Agm","10","24-Aug-2006","-","28-Aug-2006","01-Sep-2006"
"GODREJCP","Godrej Consumer Products Limited","EQ","Fv Split Rs.4/- To Re.1/-","1","24-Aug-2006","31-Aug-2006","-","-"
"CYBERTECH","Cybertech Systems And Software Limited","EQ","Agm","10","24-Aug-2006","-","28-Aug-2006","30-Aug-2006"
"LUMAXAUTO","Lumax Automotive Systems Limited","EQ","Agm/Dividend-12%         Purpose Revised","10","24-Aug-2006","-","28-Aug-2006","25-Sep-2006"
"IFBIND","IFB Industries Limited","EQ","Agm","10","24-Aug-2006","-","28-Aug-2006","30-Aug-2006"
"NAVNETEDUL","Navneet Education Limited","EQ","Agm","2","25-Aug-2006","-","29-Aug-2006","04-Sep-2006"
"CEATFIN","CFL Capital Financial Services Limited","EQ","Agm","10","25-Aug-2006","-","29-Aug-2006","05-Sep-2006"
"GODREJIND","Godrej Industries Limited","EQ","Fv Split Rs.6/- To Re.1/","1","25-Aug-2006","01-Sep-2006","-","-"
"VIKASHMET","Vikash Metal & Power Limited","EQ","Agm","10","25-Aug-2006","-","29-Aug-2006","05-Sep-2006"
"KOJAMFIN","Kojam Fininvest Limited","EQ","Agm/Div-Rs.2/- Per Sh","10","25-Aug-2006","-","29-Aug-2006","07-Sep-2006"
"HBSTOCK","HB Stockholdings Limited","EQ","Agm","10","25-Aug-2006","-","29-Aug-2006","08-Sep-2006"
"VARUNSHIP","Varun Shipping Company Limited","EQ","Agm/Div-Rs.1.50 Per Share","10","28-Aug-2006","-","30-Aug-2006","12-Sep-2006"
"DRREDDY","Dr. Reddy's Laboratories Limited","EQ","Bonus 1:1","1","28-Aug-2006","29-Aug-2006","-","-"
"KOHINOOR","Kohinoor Foods Limited","EQ","Agm/Dividend-22%","10","28-Aug-2006","-","30-Aug-2006","01-Sep-2006"
"GRUH","Gruh Finance Limited","EQ","Rigths-Eq 3:10@Prem Rs 65","2","28-Aug-2006","02-Sep-2006","-","-"
"SANDESH","The Sandesh Limited","EQ","Agm/Dividend-20%","10","28-Aug-2006","-","30-Aug-2006","02-Sep-2006"
"OCL","OCL India Limited","EQ","Agm/Div-50%/Rights-1:6","2","29-Aug-2006","-","05-Sep-2006","09-Sep-2006"
"GUJALKALI","Gujarat Alkalies and Chemicals Limited","EQ","Dividend-20%","10","30-Aug-2006","-","01-Sep-2006","22-Sep-2006"
"HITECHGEAR","The Hi-Tech Gears Limited","EQ","Agm/Dividend-25%","10","30-Aug-2006","-","01-Sep-2006","11-Sep-2006"
"RAJSREESUG","Rajshree Sugars & Chemicals Limited","EQ","Agm/Dividend-Rs.5/ Per Sh","10","30-Aug-2006","-","01-Sep-2006","06-Sep-2006"
"AGI","AGI Greenpac Limited","EQ","Agm/Dividend-65%","2","30-Aug-2006","-","01-Sep-2006","09-Sep-2006"
"ZYDUSLIFE","Zydus Lifesciences Limited","EQ","Bonus 1:1","1","30-Aug-2006","31-Aug-2006","-","-"
"AXISCADES","AXISCADES Technologies Limited","EQ","Agm","5","30-Aug-2006","-","01-Sep-2006","29-Sep-2006"
"REGENCERAM","Regency Ceramics Limited","EQ","Agm","10","30-Aug-2006","-","01-Sep-2006","08-Sep-2006"
"GVKPIL","GVK Power & Infrastructure Limited","EQ","Agm","1","30-Aug-2006","-","01-Sep-2006","04-Sep-2006"
"PAVCI","Panasonic AVC Networks India Company Limited.","EQ","Agm","10","30-Aug-2006","-","01-Sep-2006","06-Sep-2006"
"SIGROUPIND","SI Group - India Limited","EQ","Agm","10","30-Aug-2006","-","01-Sep-2006","15-Sep-2006"
"BLUECHIP","Blue Chip India Limited","EQ","Agm","2","30-Aug-2006","-","01-Sep-2006","05-Sep-2006"
"GAEL","Gujarat Ambuja Exports Limited","EQ","Agm/Dividend-12%","1","30-Aug-2006","-","01-Sep-2006","09-Sep-2006"
"DUNCANSIND","Duncans Industries Limited","EQ","Agm","10","30-Aug-2006","-","01-Sep-2006","14-Sep-2006"
"SWARAJENG","Swaraj Engines Limited","EQ","Agm/Dividend-75%","10","30-Aug-2006","-","01-Sep-2006","07-Sep-2006"
"PRASGLOFIN","Silicon Valley Infotech Limited","EQ","Agm","1","30-Aug-2006","-","01-Sep-2006","07-Sep-2006"
"CELEBRITY","Celebrity Fashions Limited","EQ","Agm/Dividend-10%","10","30-Aug-2006","-","01-Sep-2006","14-Sep-2006"
"NTPC","NTPC Limited","EQ","Agm/Dividend-8%","10","30-Aug-2006","-","01-Sep-2006","15-Sep-2006"
"HEIDELBERG","HeidelbergCement India Limited","EQ","Agm                      Bc Date Revised","10","30-Aug-2006","-","01-Sep-2006","11-Sep-2006"
"KKCL","Kewal Kiran Clothing Limited","EQ","Agm/Dividend-15%","10","30-Aug-2006","-","01-Sep-2006","14-Sep-2006"
"BANKRAJAS","The Bank of Rajasthan Limited","EQ","Agm/Dividend-2.50%","10","31-Aug-2006","-","02-Sep-2006","08-Sep-2006"
"PHILCORP","PHIL Corporation Limited","EQ","Agm","10","31-Aug-2006","-","02-Sep-2006","14-Sep-2006"
"RATNAMANI","Ratnamani Metals & Tubes Limited","EQ","Agm/Div-Rs.2.50/- Per Sh","2","31-Aug-2006","-","02-Sep-2006","09-Sep-2006"
"JINDALPOLY","Jindal Poly Films Limited","EQ","Agm/Dividend-20%","10","31-Aug-2006","-","04-Sep-2006","08-Sep-2006"
"RKFORGE","Ramkrishna Forgings Limited","EQ","Agm","2","31-Aug-2006","-","02-Sep-2006","09-Sep-2006"
"ENGINERSIN","Engineers India Limited","EQ","Agm/Dividend-50%","5","01-Sep-2006","-","05-Sep-2006","15-Sep-2006"
"BIRLACORPN","Birla Corporation Limited","EQ","Agm/Div-Rs.2.25 Per Sh","10","01-Sep-2006","-","05-Sep-2006","19-Sep-2006"
"BHEL","Bharat Heavy Electricals Limited","EQ","Agm/Dividend-20%","2","01-Sep-2006","-","05-Sep-2006","15-Sep-2006"
"BEL","Bharat Electronics Limited","EQ","Agm/Dividend-106%","1","01-Sep-2006","-","05-Sep-2006","19-Sep-2006"
"GODFRYPHLP","Godfrey Phillips India Limited","EQ","Agm/Dividend-225%","2","01-Sep-2006","-","05-Sep-2006","08-Sep-2006"
"GUJRAFFIA","Gujarat Raffia Industries Limited","EQ","Agm","10","01-Sep-2006","-","05-Sep-2006","29-Sep-2006"
"CHESLINTEX","Cheslind Textiles Limited","EQ","Dividend-10%","10","01-Sep-2006","-","05-Sep-2006","15-Sep-2006"
"SUPERSPIN","Super Spinning Mills Limited","EQ","Fv Split Rs.10/- To Re.1/","1","01-Sep-2006","08-Sep-2006","-","-"
"KLGSYSTEL","KLG Systel Limited","EQ","Agm/Dividend-15%","10","01-Sep-2006","-","05-Sep-2006","08-Sep-2006"
"IGL","Indraprastha Gas Limited","EQ","Agm/Dividend-25%","2","04-Sep-2006","-","06-Sep-2006","14-Sep-2006"
"UFLEX","UFLEX Limited","EQ","Agm","10","04-Sep-2006","-","06-Sep-2006","14-Sep-2006"
"REPRO","Repro India Limited","EQ","Agm/Div-Rs.1.50/- Per Sh Bc Date Revised","10","04-Sep-2006","-","06-Sep-2006","12-Sep-2006"
"IMPEXFERRO","Impex Ferro Tech Limited","EQ","Agm","10","04-Sep-2006","-","06-Sep-2006","13-Sep-2006"
"STARPAPER","Star Paper Mills Limited","EQ","Agm/Div-Rs.1.75/- Per Sh","10","04-Sep-2006","-","06-Sep-2006","06-Sep-2006"
"SADBHAV","Sadbhav Engineering Limited","EQ","Agm/Dividend-20%","1","04-Sep-2006","-","06-Sep-2006","21-Sep-2006"
"TNPETRO","Tamilnadu PetroProducts Limited","EQ","Agm/Dividend-10%","10","04-Sep-2006","-","06-Sep-2006","26-Sep-2006"
"CRANESSOFT","Cranes Software International Limited","EQ","Agm/Div Fin-20% + Spl-40%","2","04-Sep-2006","-","06-Sep-2006","11-Sep-2006"
"FLEXCHEM","FCL technologies & Products Limited","EQ","Agm","10","04-Sep-2006","-","06-Sep-2006","12-Sep-2006"
"FLEXENGG","Flex Engineering Limited","EQ","Agm","10","04-Sep-2006","-","06-Sep-2006","13-Sep-2006"
"KOTARISUG","Kothari Sugars And Chemicals Limited","EQ","Agm","10","04-Sep-2006","-","06-Sep-2006","13-Sep-2006"
"FDC","FDC Limited","EQ","Agm/Final Dividend-30%","1","05-Sep-2006","-","07-Sep-2006","16-Sep-2006"
"CREATIVEYE","Creative Eye Limited","EQ","Agm","5","05-Sep-2006","-","07-Sep-2006","14-Sep-2006"
"AEGISLOG","Aegis Logistics Limited","EQ","Agm/Div-Rs.2.50 Per Share","1","05-Sep-2006","-","07-Sep-2006","21-Sep-2006"
"MFSL","Max Financial Services Limited","EQ","Agm","2","05-Sep-2006","-","07-Sep-2006","15-Sep-2006"
"EMCO","Emco Limited","EQ","Agm/Div-Rs.3/- Per Sh","2","06-Sep-2006","-","08-Sep-2006","15-Sep-2006"
"VIPIND","VIP Industries Limited","EQ","Agm/Div-Rs. 2/- Per Share","2","06-Sep-2006","-","08-Sep-2006","18-Sep-2006"
"NRC","NRC Limited","EQ","Agm","10","06-Sep-2006","-","08-Sep-2006","22-Sep-2006"
"ONGC","Oil & Natural Gas Corporation Limited","EQ","Agm/Final Dividend-200%","5","06-Sep-2006","-","08-Sep-2006","19-Sep-2006"
"BSELINFRA","BSEL Infrastructure Realty Limited","EQ","Agm","10","06-Sep-2006","-","08-Sep-2006","09-Sep-2006"
"STERTOOLS","Sterling Tools Limited","EQ","Agm/Dividend-30%","2","06-Sep-2006","-","08-Sep-2006","12-Sep-2006"
"SUNPHARMA","Sun Pharmaceutical Industries Limited","EQ","Agm/Dividend-110%","1","06-Sep-2006","-","08-Sep-2006","13-Sep-2006"
"SILINV","SIL Investments Limited","EQ","Dividend-Re.1/- Per Sh","10","06-Sep-2006","-","08-Sep-2006","23-Sep-2006"
"DREDGECORP","Dredging Corporation of India Limited","EQ","Agm/Div-Rs.9/- Per Sh","10","06-Sep-2006","-","08-Sep-2006","28-Sep-2006"
"BSL","BSL Limited","EQ","Agm/Dividend-10%","10","06-Sep-2006","-","08-Sep-2006","14-Sep-2006"
"NARMDCHEMA","Narmada Chematur Petrochem Limited","EQ","Agm/Dividend-16%","10","06-Sep-2006","-","08-Sep-2006","21-Sep-2006"
"RPGCABLES","RPG Cables Limited","EQ","Agm","10","06-Sep-2006","-","08-Sep-2006","15-Sep-2006"
"KOTHARIPRO","Kothari Products Limited","EQ","Agm/Dividend-100%","10","06-Sep-2006","-","08-Sep-2006","15-Sep-2006"
"FEDERALBNK","The Federal Bank  Limited","EQ","Agm/Dividend-35%","2","07-Sep-2006","-","09-Sep-2006","18-Sep-2006"
"MANINDS","Man Industries (India) Limited","EQ","Agm/Dividend-25%","5","07-Sep-2006","-","11-Sep-2006","15-Sep-2006"
"KNDENGTECH","KND Engineering Technologies Limited","EQ","Agm","10","07-Sep-2006","-","09-Sep-2006","15-Sep-2006"
"IOC","Indian Oil Corporation Limited","EQ","Agm/Final Dividend-125%","10","07-Sep-2006","-","11-Sep-2006","22-Sep-2006"
"SANWARIA","Sanwaria Consumer Limited","EQ","Agm","1","07-Sep-2006","-","09-Sep-2006","15-Sep-2006"
"SUBROS","Subros Limited","EQ","Agm/Dividend-35%","2","07-Sep-2006","-","09-Sep-2006","18-Sep-2006"
"JSL","Jindal Stainless Limited","EQ","Agm/Dividend-80%","2","07-Sep-2006","-","09-Sep-2006","20-Sep-2006"
"SHRENUJ","Shrenuj & Company Limited","EQ","Agm/Dividend-35%","2","07-Sep-2006","-","09-Sep-2006","15-Sep-2006"
"NANDAN","Nandan Exim Limited","EQ","Final Dividend-7.5%","1","07-Sep-2006","-","11-Sep-2006","15-Sep-2006"
"GSFC","Gujarat State Fertilizers & Chemicals Limited","EQ","Agm/Dividend-45%","2","07-Sep-2006","-","09-Sep-2006","22-Sep-2006"
"UNIENTER","Uniphos Enterprises Limited","EQ","Agm","2","07-Sep-2006","-","09-Sep-2006","15-Sep-2006"
"BHAGYNAGAR","Bhagyanagar India Limited","EQ","Bonus 1:1","2","07-Sep-2006","08-Sep-2006","-","-"
"PATELENG","Patel Engineering Limited","EQ","Agm/Dividend-30%","1","07-Sep-2006","-","11-Sep-2006","15-Sep-2006"
"SAREGAMA","Saregama India Limited","EQ","Agm","1","07-Sep-2006","-","11-Sep-2006","20-Sep-2006"
"JETAIRWAYS","Jet Airways (India) Limited","EQ","Agm/Div-Rs.6/- Per Sh","10","07-Sep-2006","-","09-Sep-2006","20-Sep-2006"
"NOVAIRNSTL","Nova Iron & Steel Limited","EQ","Agm","10","07-Sep-2006","-","11-Sep-2006","22-Sep-2006"
"TEAMGTY","Team India Guaranty Limited","EQ","Agm","10","07-Sep-2006","-","09-Sep-2006","15-Sep-2006"
"UPL","UPL Limited","EQ","Agm/Dividend-50%","2","07-Sep-2006","-","09-Sep-2006","19-Sep-2006"
"BALPHARMA","Bal Pharma Limited","EQ","Agm/Dividend-7.5%","10","07-Sep-2006","-","11-Sep-2006","20-Sep-2006"
"ATNINTER","ATN International Limited","EQ","Agm","4","08-Sep-2006","-","12-Sep-2006","15-Sep-2006"
"EASTSILK","Eastern Silk Industries Limited","EQ","Agm/Dividend-35%         Purpose Revised","2","08-Sep-2006","-","12-Sep-2006","27-Sep-2006"
"EXIDEIND","Exide Industries Limited","EQ","Fv Split Rs.10/- To Re.1/","1","08-Sep-2006","15-Sep-2006","-","-"
"WELLWININD","Wellwin Industry Limited","EQ","Agm","10","08-Sep-2006","-","12-Sep-2006","14-Sep-2006"
"MCLEODRUSS","Mcleod Russel India Limited","EQ","Agm","5","08-Sep-2006","-","12-Sep-2006","19-Sep-2006"
"KAMATHOTEL","Kamat Hotels (I) Limited","EQ","Agm/Dividend-15%","10","08-Sep-2006","-","12-Sep-2006","23-Sep-2006"
"RAJESHEXPO","Rajesh Exports Limited","EQ","Agm/Dividend-100%","1","08-Sep-2006","-","12-Sep-2006","16-Sep-2006"
"RUBYMILLS","The Ruby Mills Limited","EQ","Agm/Dividend-25%","5","08-Sep-2006","-","12-Sep-2006","19-Sep-2006"
"EASUNREYRL","Easun Reyrolle Limited","EQ","Agm/Dividend-60%","2","08-Sep-2006","-","12-Sep-2006","25-Sep-2006"
"KERNEX","Kernex Microsystems (India) Limited","EQ","Agm/Dividend-15%","10","08-Sep-2006","-","12-Sep-2006","19-Sep-2006"
"STER","Sterlite Industries ( India ) Limited","EQ","Agm/Dividend-62.5%","1","08-Sep-2006","-","12-Sep-2006","20-Sep-2006"
"BALKRISIND","Balkrishna Industries Limited","EQ","Agm/Div-Rs.3/- Per Sh","2","08-Sep-2006","-","12-Sep-2006","14-Sep-2006"
"WILLAMAGOR","Williamson Magor & Company Limited","EQ","Agm","10","08-Sep-2006","-","12-Sep-2006","19-Sep-2006"
"SKMEGGPROD","SKM Egg Products Export (India) Limited","EQ","Agm/Dividend-10%","5","08-Sep-2006","-","12-Sep-2006","16-Sep-2006"
"GEODESIC","Geodesic Limited","EQ","Agm/Final Dividend-10%","2","08-Sep-2006","-","12-Sep-2006","15-Sep-2006"
"BLOWPLAST","Blow Plast Limited","EQ","Agm/Div-Rs. 2/- Per Share","10","08-Sep-2006","-","12-Sep-2006","22-Sep-2006"
"NECLIFE","Nectar Lifesciences Limited","EQ","Agm","1","08-Sep-2006","-","12-Sep-2006","15-Sep-2006"
"CEMPRO","Cemindia Projects Limited","EQ","Rights 1:4 @Prem Rs.480/-","1","08-Sep-2006","15-Sep-2006","-","-"
"JUBLPHARMA","Jubilant Pharmova Limited","EQ","Agm/Div-Rs.1.25/- Per Sh","1","08-Sep-2006","-","12-Sep-2006","19-Sep-2006"
"BLUECOAST","Blue Coast Hotels Limited","EQ","Agm","10","08-Sep-2006","-","12-Sep-2006","16-Sep-2006"
"PEARLPOLY","Pearl Polymers Limited","EQ","Agm","10","08-Sep-2006","-","12-Sep-2006","26-Sep-2006"
"AUROPHARMA","Aurobindo Pharma Limited","EQ","Agm/Dividend-30%","1","08-Sep-2006","-","12-Sep-2006","18-Sep-2006"
"SHOPERSTOP","Shoppers Stop Limited","EQ","Agm/Dividend-15%","5","11-Sep-2006","-","13-Sep-2006","22-Sep-2006"
"DHANBANK","Dhanlaxmi Bank Limited","EQ","Agm/Dividend-5%          Purpose Revised","10","11-Sep-2006","-","13-Sep-2006","28-Sep-2006"
"XCHANGING","Xchanging Solutions Limited","EQ","Agm","10","11-Sep-2006","-","13-Sep-2006","20-Sep-2006"
"FMGOETZE","Federal-Mogul Goetze (India) Limited.","EQ","Agm","10","11-Sep-2006","-","13-Sep-2006","27-Sep-2006"
"WINSOMEDJ","Winsome Diamonds and Jewellery Limited","EQ","Agm/Div-Rs.1.50/- Per Sh","10","11-Sep-2006","-","13-Sep-2006","22-Sep-2006"
"SURYAROSNI","Surya Roshni Limited","EQ","Agm/Dividend-15%","5","11-Sep-2006","-","13-Sep-2006","18-Sep-2006"
"GITANJALI","Gitanjali Gems Limited","EQ","Agm/Dividend-10%","10","12-Sep-2006","-","14-Sep-2006","21-Sep-2006"
"GALLANTT","Gallantt Ispat Limited","EQ","Agm","10","12-Sep-2006","-","14-Sep-2006","21-Sep-2006"
"STCINDIA","The State Trading Corporation of India Limited","EQ","Agm/Dividend-35%","10","12-Sep-2006","-","14-Sep-2006","19-Sep-2006"
"MIRZAINT","Mirza International Limited","EQ","Agm/Dividend-25%","2","12-Sep-2006","-","14-Sep-2006","21-Sep-2006"
"ROHITFERRO","Rohit Ferro-Tech Limited","EQ","Agm/Dividend-10%","10","12-Sep-2006","-","14-Sep-2006","21-Sep-2006"
"EIHOTEL","EIH Limited","EQ","Spl-Rs10 To Rs2/Bonus-1:2","2","12-Sep-2006","19-Sep-2006","-","-"
"CEAT","Ceat Limited","EQ","Agm","10","12-Sep-2006","-","14-Sep-2006","25-Sep-2006"
"SIL","Standard Industries Limited","EQ","Dividend-6.25%","5","12-Sep-2006","-","14-Sep-2006","28-Sep-2006"
"SUNTV","Sun TV Network Limited","EQ","Agm/Dividend-20%","5","13-Sep-2006","-","15-Sep-2006","28-Sep-2006"
"HEGAM","HEG Advanced Materials Limited","EQ","Agm/Dividend-30%","2","13-Sep-2006","-","15-Sep-2006","22-Sep-2006"
"PUNJLLOYD","Punj Lloyd Limited","EQ","Agm/Dividend-10%","2","13-Sep-2006","-","15-Sep-2006","22-Sep-2006"
"SIMPLEXINF","Simplex Infrastructures Limited","EQ","Fv Split Rs.10/- To Rs.2/","2","13-Sep-2006","20-Sep-2006","-","-"
"SOMANYCERA","Somany Ceramics Limited","EQ","Agm","2","13-Sep-2006","-","15-Sep-2006","29-Sep-2006"
"JINDALPHOT","Jindal Photo Limited","EQ","Agm/Final Dividend-10%   Purpose Revised","10","13-Sep-2006","-","15-Sep-2006","19-Sep-2006"
"CONSOFINVT","Consolidated Finvest & Holdings Limited","EQ","Agm/Dividend-5%          Purpose Revised","10","13-Sep-2006","-","15-Sep-2006","19-Sep-2006"
"KHAITANELE","Khaitan Electricals Limited","EQ","Agm/Dividend-18%","10","13-Sep-2006","-","15-Sep-2006","26-Sep-2006"
"NAGARFERT","Nagarjuna Fertilizer & Chemicals Limited","EQ","Agm","10","13-Sep-2006","-","15-Sep-2006","28-Sep-2006"
"BALMLAWRIE","Balmer Lawrie & Company Limited","EQ","Dividend-Rs.9.00 Per Sh","10","13-Sep-2006","-","15-Sep-2006","21-Sep-2006"
"GPIL","Godawari Power And Ispat limited","EQ","Agm/Dividend-10%","1","13-Sep-2006","-","15-Sep-2006","26-Sep-2006"
"UNITY","Unity Infraprojects Limited","EQ","Agm/Div-Rs.2/- Per Sh","2","13-Sep-2006","-","15-Sep-2006","21-Sep-2006"
"VLSFINANCE","VLS Finance Limited","EQ","Agm","10","13-Sep-2006","-","15-Sep-2006","25-Sep-2006"
"LIBERTSHOE","Liberty Shoes Limited","EQ","Agm","10","13-Sep-2006","-","15-Sep-2006","20-Sep-2006"
"PETRONENGG","Petron Engineering Construction Limited","EQ","Agm/Div-Re.1/- Per Sh","10","13-Sep-2006","-","15-Sep-2006","29-Sep-2006"
"NIRMA","Nirma Limited","EQ","Agm/Dividend-75%","5","13-Sep-2006","-","15-Sep-2006","29-Sep-2006"
"MUNJALAU","Munjal Auto Industries Limited","EQ","Agm/Dividend-50%","2","13-Sep-2006","-","15-Sep-2006","19-Sep-2006"
"SUPERFORGE","Super Forgings & Steels Limited","EQ","Agm","10","14-Sep-2006","-","16-Sep-2006","26-Sep-2006"
"ARCHIES","Archies Limited","EQ","Agm/Fin Div-Rs.2/- Per Sh","2","14-Sep-2006","-","16-Sep-2006","29-Sep-2006"
"SAITELE","Sai Television Limited","EQ","Agm","10","14-Sep-2006","-","18-Sep-2006","22-Sep-2006"
"WSTCSTPAPR","West Coast Paper Mills Limited","EQ","Dividend-Rs.15/- Per Sh","2","14-Sep-2006","-","16-Sep-2006","30-Sep-2006"
"JENSONICOL","Jenson & Nicholson (India) Limited","EQ","Agm","2","14-Sep-2006","-","16-Sep-2006","26-Sep-2006"
"HINDSYNTEX","Hind Syntex Limited","EQ","Agm","10","14-Sep-2006","-","18-Sep-2006","29-Sep-2006"
"SICAL","Sical Logistics Limited","EQ","Agm","10","14-Sep-2006","-","16-Sep-2006","26-Sep-2006"
"AIAENG","AIA Engineering Limited","EQ","Agm/Dividend-25%","2","14-Sep-2006","-","16-Sep-2006","27-Sep-2006"
"MADRASFERT","Madras Fertilizers Limited","EQ","Agm","10","14-Sep-2006","-","16-Sep-2006","21-Sep-2006"
"PARASPETRO","Paras Petrofils Limited","EQ","Agm","1","14-Sep-2006","-","18-Sep-2006","30-Sep-2006"
"SSWL","Steel Strips Wheels Limited","EQ","Agm/Dividend-16%","1","14-Sep-2006","-","18-Sep-2006","30-Sep-2006"
"BAGFILMS","B.A.G Films and Media Limited","EQ","Agm/Final Dividend-10%","2","14-Sep-2006","-","16-Sep-2006","20-Sep-2006"
"INDUSINDBK","IndusInd Bank Limited","EQ","Agm","10","14-Sep-2006","-","18-Sep-2006","28-Sep-2006"
"ARVIND","Arvind Limited","EQ","Agm/Dividend-10%","10","14-Sep-2006","-","18-Sep-2006","30-Sep-2006"
"GIPCL","Gujarat Industries Power Company Limited","EQ","Agm/Dividend-12.50%","10","14-Sep-2006","-","18-Sep-2006","28-Sep-2006"
"BIL","Bhartiya International Limited","EQ","Agm/Dividend-15%","10","14-Sep-2006","-","18-Sep-2006","29-Sep-2006"
"INOXLEISUR","INOX Leisure Limited","EQ","Agm","10","14-Sep-2006","-","18-Sep-2006","22-Sep-2006"
"JAYAGROGN","Jayant Agro Organics Limited","EQ","Agm/Div-Rs.1.50/- Per Sh","5","14-Sep-2006","-","16-Sep-2006","26-Sep-2006"
"VISHALEXPO","Vishal Exports Overseas Limited","EQ","Agm/Dividend-5%","1","14-Sep-2006","-","18-Sep-2006","23-Sep-2006"
"JINDALSTEL","JINDAL STEEL LIMITED","EQ","Final Dividend-200%","1","14-Sep-2006","-","18-Sep-2006","22-Sep-2006"
"AGRODUTCH","Agro Dutch Industries Limited","EQ","Agm","10","14-Sep-2006","-","18-Sep-2006","25-Sep-2006"
"ANDHRSUGAR","The Andhra Sugars Limited","EQ","Agm/Dividend-75%","2","14-Sep-2006","-","16-Sep-2006","20-Sep-2006"
"BEPL","Bhansali Engineering Polymers Limited","EQ","Agm/Dividend-10%","1","14-Sep-2006","-","16-Sep-2006","23-Sep-2006"
"FIRSTLEASE","First Leasing Company of India Limited","EQ","Agm/Dividend-22.50%","10","14-Sep-2006","-","16-Sep-2006","25-Sep-2006"
"JAYNECOIND","Jayaswal Neco Industries Limited","EQ","Agm","10","14-Sep-2006","-","18-Sep-2006","25-Sep-2006"
"NOVAPETRO","Nova Petrochemicals Limited","EQ","Agm","10","14-Sep-2006","-","16-Sep-2006","23-Sep-2006"
"TRIDENT","Trident Limited","EQ","Agm/Dividend-10%","1","14-Sep-2006","-","16-Sep-2006","27-Sep-2006"
"CURATECH","Cura Technologies Limited","EQ","Agm/Dividend-6%","10","14-Sep-2006","-","16-Sep-2006","23-Sep-2006"
"JAYPEEHOT","Jaypee Hotels Limited","EQ","Agm/Dividend-18%","10","14-Sep-2006","-","16-Sep-2006","27-Sep-2006"
"RADICO","Radico Khaitan Limited","EQ","Agm/Dividend-25%","2","14-Sep-2006","-","18-Sep-2006","25-Sep-2006"
"OMAXAUTO","Omax Autos Limited","EQ","Agm/Dividend-20%","10","14-Sep-2006","-","18-Sep-2006","26-Sep-2006"
"GFLLIMITED","GFL Limited","EQ","Agm/Dividend-100%","1","14-Sep-2006","-","18-Sep-2006","23-Sep-2006"
"JTEKTINDIA","Jtekt India Limited","EQ","Bonus 1:1","1","14-Sep-2006","15-Sep-2006","-","-"
"TATASTLBSL","Tata Steel Bsl Limited","EQ","Agm/Dividend-25%","2","14-Sep-2006","-","18-Sep-2006","20-Sep-2006"
"KAMDHENU","Kamdhenu Limited","EQ","Agm","1","14-Sep-2006","-","16-Sep-2006","22-Sep-2006"
"SUNFLAG","Sunflag Iron And Steel Company Limited","EQ","Agm/Dividend-5%","10","14-Sep-2006","-","18-Sep-2006","28-Sep-2006"
"JISLJALEQS","Jain Irrigation Systems Limited","EQ","Agm/Div-Rs.1.80/- Per Sh","2","14-Sep-2006","-","16-Sep-2006","30-Sep-2006"
"TAINWALCHM","Tainwala Chemical and Plastic (I) Limited","EQ","Agm","10","14-Sep-2006","-","18-Sep-2006","27-Sep-2006"
"BPL","BPL Limited","EQ","Agm                      Bc End Date Revised","10","14-Sep-2006","-","16-Sep-2006","28-Sep-2006"
"HOCL","Hindustan Organic Chemicals Limited","EQ","Agm","10","14-Sep-2006","-","16-Sep-2006","25-Sep-2006"
"HARRMALAYA","Harrisons  Malayalam Limited","EQ","Agm/Dividend-10%","10","14-Sep-2006","-","16-Sep-2006","29-Sep-2006"
"EUROTEXIND","Eurotex Industries and Exports Limited","EQ","Agm/Dividend-6%","10","15-Sep-2006","-","19-Sep-2006","30-Sep-2006"
"SB&TINTL","SB&T International Limited","EQ","Agm/Dividend-7.50%       Bc Revised","10","15-Sep-2006","-","19-Sep-2006","26-Sep-2006"
"SPLIL","SPL Industries Limited","EQ","Agm","10","15-Sep-2006","-","19-Sep-2006","29-Sep-2006"
"NILKAMAL","Nilkamal Limited","EQ","Agm/Fin Div-Rs3.00 Per Sh","10","15-Sep-2006","-","19-Sep-2006","25-Sep-2006"
"SALSTEEL","S.A.L. Steel Limited","EQ","Agm","10","15-Sep-2006","-","19-Sep-2006","23-Sep-2006"
"SHAHALLOYS","Shah Alloys Limited","EQ","Agm/Dividend-10%","10","15-Sep-2006","-","19-Sep-2006","23-Sep-2006"
"GAMMONIND","Gammon India Limited","EQ","Dividend-30%","2","15-Sep-2006","-","19-Sep-2006","26-Sep-2006"
"PEPL","Pearl Engineering Polymers Limited","EQ","Agm","10","15-Sep-2006","-","19-Sep-2006","30-Sep-2006"
"HINDDORROL","Hindustan Dorr-Oliver Limited","EQ","Agm/Dividend-20%","2","15-Sep-2006","-","19-Sep-2006","22-Sep-2006"
"PRSMJOHNSN","Prism Johnson Limited","EQ","Agm","10","15-Sep-2006","-","19-Sep-2006","26-Sep-2006"
"TVTODAY","TV Today Network Limited","EQ","Agm/Dividend-15%         Bc Revised","5","15-Sep-2006","-","19-Sep-2006","28-Sep-2006"
"GSPL","Gujarat State Petronet Limited","EQ","Agm/Dividend-2.5%","10","15-Sep-2006","-","19-Sep-2006","28-Sep-2006"
"BLUEBLENDS","Blue Blends (I) Limited","EQ","Agm","10","15-Sep-2006","-","19-Sep-2006","26-Sep-2006"
"CORALFINAC","Coral India Finance & Housing Limited","EQ","Agm","2","18-Sep-2006","-","20-Sep-2006","26-Sep-2006"
"ANSALAPI","Ansal Properties & Infrastructure Limited","EQ","Agm/Final Dividend-20%","5","18-Sep-2006","-","20-Sep-2006","28-Sep-2006"
"ALOKTEXT","Alok Industries Limited","EQ","Agm/Dividend-12%","10","18-Sep-2006","-","20-Sep-2006","29-Sep-2006"
"BEML","BEML Limited","EQ","Agm/Dividend-70%","5","18-Sep-2006","-","20-Sep-2006","28-Sep-2006"
"TECILCHEM","TECIL Chemicals and Hydro Power Limited","EQ","Agm","10","18-Sep-2006","-","20-Sep-2006","27-Sep-2006"
"NOIDATOLL","Noida Toll Bridge Company Limited","EQ","Agm","10","18-Sep-2006","-","20-Sep-2006","27-Sep-2006"
"LCCINFOTEC","LCC Infotech Limited","EQ","Agm","2","18-Sep-2006","-","20-Sep-2006","26-Sep-2006"
"MAHSEAMLES","Maharashtra Seamless Limited","EQ","Agm/Div-Fin 70% + Int 30%","5","18-Sep-2006","-","20-Sep-2006","22-Sep-2006"
"LOKESHMACH","Lokesh Machines Limited","EQ","Agm/Final Dividend-10%","10","18-Sep-2006","-","20-Sep-2006","27-Sep-2006"
"AARTIIND","Aarti Industries Limited","EQ","Agm/Div-Re.0.40/- Per Sh","5","18-Sep-2006","-","20-Sep-2006","25-Sep-2006"
"MOREPENLAB","Morepen Laboratories Limited","EQ","Agm","2","18-Sep-2006","-","20-Sep-2006","27-Sep-2006"
"BANARISUG","Bannari Amman Sugars Limited","EQ","Agm/Dividend-70%","10","18-Sep-2006","-","20-Sep-2006","27-Sep-2006"
"JAGRAN","Jagran Prakashan Limited","EQ","Agm","2","18-Sep-2006","-","20-Sep-2006","29-Sep-2006"
"RUCHINFRA","Ruchi Infrastructure Limited","EQ","Agm/Dividend-10%","1","18-Sep-2006","-","20-Sep-2006","27-Sep-2006"
"AJANTPHARM","Ajanta Pharma Limited","EQ","Agm/Div-Rs.1.50 Per Share","2","18-Sep-2006","-","20-Sep-2006","29-Sep-2006"
"MTNL","Mahanagar Telephone Nigam Limited","EQ","Agm/Dividend-10%","10","18-Sep-2006","-","20-Sep-2006","26-Sep-2006"
"NAGREEKA","Nagreeka Exports Limited","EQ","Agm/Dividend-12.5%","10","18-Sep-2006","-","20-Sep-2006","27-Sep-2006"
"NAHAREXP","Nahar Exports Limited","EQ","Dividend-15%","10","18-Sep-2006","-","20-Sep-2006","30-Sep-2006"
"NAHARSPG","Nahar Spinning Mills Limited","EQ","Agm/Dividend-50%","10","18-Sep-2006","-","20-Sep-2006","30-Sep-2006"
"MATRIXLABS","Matrix Laboratories Limited","EQ","Agm/Div-Rs.1.20/- Per Sh","2","18-Sep-2006","-","20-Sep-2006","25-Sep-2006"
"MURUDCERA","Murudeshwar Ceramics Limited","EQ","Agm/Div-Rs.2/- Per Sh","10","18-Sep-2006","-","20-Sep-2006","25-Sep-2006"
"ONIDA","Onida Electronics Limited","EQ","Agm/Dividend-75%","1","18-Sep-2006","-","20-Sep-2006","27-Sep-2006"
"TULIP","Tulip Telecom Limited","EQ","Agm/Dividend-10%","2","18-Sep-2006","-","20-Sep-2006","26-Sep-2006"
"SOLARINDS","Solar Industries India Limited","EQ","Agm/Dividend-15%","2","18-Sep-2006","-","20-Sep-2006","25-Sep-2006"
"GDL","Gateway Distriparks Limited","EQ","Agm","10","18-Sep-2006","-","20-Sep-2006","28-Sep-2006"
"ENTEGRA","Entegra Limited","EQ","Agm","10","18-Sep-2006","-","20-Sep-2006","23-Sep-2006"
"CINEVISTA","Cinevista Limited","EQ","Agm","2","18-Sep-2006","-","20-Sep-2006","26-Sep-2006"
"FAME","Fame India Limited","EQ","Agm","10","19-Sep-2006","-","21-Sep-2006","27-Sep-2006"
"JAIBALAJI","Jai Balaji Industries Limited","EQ","Agm","2","19-Sep-2006","-","21-Sep-2006","23-Sep-2006"
"CCL","CCL Products (India) Limited","EQ","Agm/Fin Div-Rs.2/- Per Sh","2","19-Sep-2006","-","21-Sep-2006","30-Sep-2006"
"SOTL","Savita Oil Technologies Limited","EQ","Agm/Dividend-125%","2","19-Sep-2006","-","21-Sep-2006","27-Sep-2006"
"PNC","PNC Media and Entertainment Limited","EQ","Agm/Dividend-10%","10","19-Sep-2006","-","21-Sep-2006","29-Sep-2006"
"SURYAJYOTI","Suryajyoti Spinning Mills Limited","EQ","Agm/Div-Re.1/- Per Sh    Bc End Date Revised","10","19-Sep-2006","-","21-Sep-2006","29-Sep-2006"
"GUJSIDHCEM","Gujarat Sidhee Cements Limited","EQ","Agm","10","19-Sep-2006","-","21-Sep-2006","28-Sep-2006"
"AUSOMENT","Ausom Enterprise Limited","EQ","Agm","10","19-Sep-2006","-","21-Sep-2006","23-Sep-2006"
"HIMACHLFUT","Himachal Futuristic Communications Limited","EQ","Agm","10","19-Sep-2006","-","21-Sep-2006","28-Sep-2006"
"NATCOPHARM","Natco Pharma Limited","EQ","Agm","2","19-Sep-2006","-","21-Sep-2006","23-Sep-2006"
"MANGALAM","Mangalam Drugs And Organics Limited","EQ","Agm/Div-Re0.20 Per Share","10","19-Sep-2006","-","21-Sep-2006","30-Sep-2006"
"RADAAN","Radaan Mediaworks India Limited","EQ","Agm","2","19-Sep-2006","-","21-Sep-2006","28-Sep-2006"
"MARKSANS","Marksans Pharma Limited","EQ","Agm","1","19-Sep-2006","-","21-Sep-2006","28-Sep-2006"
"MARALOVER","Maral Overseas Limited","EQ","Agm","10","19-Sep-2006","-","21-Sep-2006","28-Sep-2006"
"BALASTEELS","Shri Ramrupai Balaji Steels Limited","EQ","Agm","10","19-Sep-2006","-","21-Sep-2006","23-Sep-2006"
"HTMT","Hinduja TMT Limited","EQ","Agm/Div Fin-75%+Spl-200%","10","19-Sep-2006","-","21-Sep-2006","25-Sep-2006"
"GMRINDSTRS","GMR Industries Limited","EQ","Agm/Div-Rs.2.5 Per Share","10","19-Sep-2006","-","21-Sep-2006","28-Sep-2006"
"TVSELECT","TVS Electronics Limited","EQ","Agm/Div-Re.0.75/- Per Sh","10","19-Sep-2006","-","21-Sep-2006","28-Sep-2006"
"ARL","Arvind Remedies Limited","EQ","Agm/Dividend-5%","1","19-Sep-2006","-","21-Sep-2006","25-Sep-2006"
"BLUESTARCO","Blue Star Limited","EQ","Fv Split Rs.10/- To Rs.2/","2","20-Sep-2006","27-Sep-2006","-","-"
"ANTGRAPHIC","Antarctica Limited","EQ","Agm","1","20-Sep-2006","-","22-Sep-2006","28-Sep-2006"
"PAREKHPLAT","Parekh Platinum Limited","EQ","Agm","10","20-Sep-2006","-","22-Sep-2006","29-Sep-2006"
"PRUDMOULI","Prudential Sugar Corporation Limited","EQ","Agm","10","20-Sep-2006","-","22-Sep-2006","28-Sep-2006"
"FACT","Fertilizers and Chemicals Travancore Limited","EQ","Agm","10","20-Sep-2006","-","22-Sep-2006","29-Sep-2006"
"HELIOSMATH","Helios And Matheson Information Technology Limited","EQ","Agm/Dividend-15%","10","20-Sep-2006","-","22-Sep-2006","28-Sep-2006"
"MONNETISPA","Monnet Ispat and Energy Limited","EQ","Agm","10","20-Sep-2006","-","22-Sep-2006","29-Sep-2006"
"OPTOCIRCUI","Opto Circuits (India) Limited","EQ","Agm/Dividend-40%","10","20-Sep-2006","-","22-Sep-2006","28-Sep-2006"
"GUFICBIO","Gufic Biosciences Limited","EQ","Agm/Div-Rs.0.16/- Per Sh","1","20-Sep-2006","-","22-Sep-2006","28-Sep-2006"
"TRIGYN","Trigyn Technologies Limited","EQ","Agm","10","20-Sep-2006","-","22-Sep-2006","26-Sep-2006"
"CAROLINFO","Carol Info Services Limited","EQ","Agm","10","20-Sep-2006","-","22-Sep-2006","29-Sep-2006"
"CLASSIC","Classic Diamonds (India) Limited","EQ","Dividend-Rs.2/-Per Share","2","20-Sep-2006","-","22-Sep-2006","29-Sep-2006"
"COMSYS","Compulink Systems Limited","EQ","Agm","10","20-Sep-2006","-","22-Sep-2006","29-Sep-2006"
"SCI","Shipping Corporation Of India Limited","EQ","Agm","10","20-Sep-2006","-","22-Sep-2006","29-Sep-2006"
"NCC","NCC Limited","EQ","Bonus 1:1","2","20-Sep-2006","21-Sep-2006","-","-"
"RAINCALCIN","Rain Calcining Limited","EQ","Agm/Dividend-8%","10","20-Sep-2006","-","22-Sep-2006","29-Sep-2006"
"SRIADIKARI","Sri Adhikari Brothers Television Network Limited","EQ","Agm/Dividend-6%","2","20-Sep-2006","-","22-Sep-2006","28-Sep-2006"
"SUNDRMCLAY","Sundaram Clayton Limited","EQ","Agm","10","20-Sep-2006","-","22-Sep-2006","27-Sep-2006"
"VINTAGE","Vintage Cards & Creations Limited","EQ","Agm","10","20-Sep-2006","-","22-Sep-2006","28-Sep-2006"
"SPMLINFRA","SPML Infra Limited","EQ","Agm/Final Dividend-40%","2","20-Sep-2006","-","22-Sep-2006","28-Sep-2006"
"JCTELEC","JCT Electronics Limited","EQ","Agm","10","20-Sep-2006","-","22-Sep-2006","30-Sep-2006"
"ZODJRDMKJ","Zodiac JRD- MKJ Limited","EQ","Agm/Dividend-5%","10","20-Sep-2006","-","22-Sep-2006","29-Sep-2006"
"WELSPUNLIV","Welspun Living Limited","EQ","Agm","1","20-Sep-2006","-","22-Sep-2006","28-Sep-2006"
"ATLASCYCLE","Atlas Cycles (Haryana) Limited","EQ","Agm/Dividend-45%","5","20-Sep-2006","-","22-Sep-2006","29-Sep-2006"
"ALLCARGO","Allcargo Logistics Limited","EQ","Agm/Div-Rs.1.50/- Per Sh","2","21-Sep-2006","-","23-Sep-2006","29-Sep-2006"
"VISESHINFO","Visesh Infotecnics Limited","EQ","Agm","1","21-Sep-2006","-","25-Sep-2006","29-Sep-2006"
"PNBGILTS","PNB Gilts Limited","EQ","Agm","10","21-Sep-2006","-","23-Sep-2006","30-Sep-2006"
"TNTELE","Tamilnadu Telecommunication Limited","EQ","Agm","10","21-Sep-2006","-","25-Sep-2006","30-Sep-2006"
"VIVIMEDLAB","Vivimed Labs Limited","EQ","Agm","2","21-Sep-2006","-","25-Sep-2006","30-Sep-2006"
"DYNACONS","Dynacons Systems & Solutions Limited","EQ","Agm","2","21-Sep-2006","-","23-Sep-2006","27-Sep-2006"
"HANILERA","Hanil Era Textiles Limited","EQ","Agm","10","21-Sep-2006","-","23-Sep-2006","30-Sep-2006"
"GLODYNE","Glodyne Technoserve Limited","EQ","Agm/Final Dividend-10%","6","21-Sep-2006","-","23-Sep-2006","29-Sep-2006"
"JAINSTUDIO","Jain Studios Limited","EQ","Agm","10","21-Sep-2006","-","23-Sep-2006","30-Sep-2006"
"MAHAPEXLTD","Maha Rashtra Apex Corporation Limited","EQ","Agm","10","21-Sep-2006","-","25-Sep-2006","29-Sep-2006"
"WINSOMYARN","Winsome Yarns Limited","EQ","Agm/Dividend-5%","1","21-Sep-2006","-","24-Sep-2006","28-Sep-2006"
"STINDIA","STI India Limited","EQ","Agm","10","21-Sep-2006","-","23-Sep-2006","30-Sep-2006"
"ZENITHEXPO","Zenith Exports Limited","EQ","Agm","10","21-Sep-2006","-","25-Sep-2006","28-Sep-2006"
"GRANDFONRY","Grand Foundry Limited","EQ","Agm","10","21-Sep-2006","-","24-Sep-2006","30-Sep-2006"
"KAKATCEM","Kakatiya Cement Sugar & Industries Limited","EQ","Agm/Dividend-20%","10","21-Sep-2006","-","25-Sep-2006","27-Sep-2006"
"NAHARINDUS","Nahar Industrial Enterprises Limited","EQ","Agm/Dividend-10%","10","21-Sep-2006","-","23-Sep-2006","30-Sep-2006"
"RAJVIR","Rajvir Industries Limited","EQ","Agm/Dividend-40%","10","21-Sep-2006","-","24-Sep-2006","27-Sep-2006"
"NSIL","Nalwa Sons Investments Limited","EQ","Agm","10","21-Sep-2006","-","25-Sep-2006","29-Sep-2006"
"RICOAUTO","Rico Auto Industries Limited","EQ","Agm/Div-Re.1/- Per Sh","1","21-Sep-2006","-","23-Sep-2006","30-Sep-2006"
"PRITHVI","Prithvi Information Solutions Limited","EQ","Agm/Final Dividend-10%","10","21-Sep-2006","-","25-Sep-2006","29-Sep-2006"
"DSKULKARNI","DS Kulkarni Developers Limited","EQ","Agm/Dividend-20%         Purpose Revised","10","21-Sep-2006","-","25-Sep-2006","30-Sep-2006"
"BIOFILCHEM","Biofil Chemicals & Pharmaceuticals Limited","EQ","Agm","10","21-Sep-2006","-","25-Sep-2006","30-Sep-2006"
"EIDERTELE","Eider Infotech Limited","EQ","Agm","10","21-Sep-2006","-","23-Sep-2006","30-Sep-2006"
"ARENTERP","Rajdarshan Industries Limited","EQ","Agm","10","21-Sep-2006","-","23-Sep-2006","30-Sep-2006"
"GENUSPOWER","Genus Power Infrastructures Limited","EQ","Agm","1","21-Sep-2006","-","25-Sep-2006","29-Sep-2006"
"KRBL","KRBL Limited","EQ","Agm/Div-Rs.2/- Per Sh","1","21-Sep-2006","-","23-Sep-2006","28-Sep-2006"
"TODAYS","Todays Writing Instruments Limited","EQ","Agm/Dividend-10%","10","21-Sep-2006","-","25-Sep-2006","29-Sep-2006"
"AFTEK","Aftek Limited","EQ","Agm/Div-Re.1/- Per Sh","2","21-Sep-2006","-","23-Sep-2006","29-Sep-2006"
"AUTOLITIND","Autolite (India) Limited","EQ","Agm","10","21-Sep-2006","-","25-Sep-2006","30-Sep-2006"
"SABERORGAN","Sabero Organics Gujarat Limited","EQ","Agm","10","21-Sep-2006","-","25-Sep-2006","29-Sep-2006"
"ELDERPHARM","Elder Pharmaceuticals Limited","EQ","Agm/Dividend-25%","10","21-Sep-2006","-","25-Sep-2006","29-Sep-2006"
"APOWERTOOL","Consortex Karl Doelitzsch (India) Limited","EQ","Agm","10","21-Sep-2006","-","25-Sep-2006","30-Sep-2006"
"PENTACOMMU","Pentasoft Technologies Limited","EQ","Agm","10","21-Sep-2006","-","25-Sep-2006","28-Sep-2006"
"SUMMIT","Summit Securities Limited","EQ","Agm","10","21-Sep-2006","-","25-Sep-2006","29-Sep-2006"
"WELCORP","Welspun Corp Limited","EQ","Agm/Dividend-10%","5","21-Sep-2006","-","25-Sep-2006","29-Sep-2006"
"PFOCUS","Prime Focus Limited","EQ","Agm","1","21-Sep-2006","-","25-Sep-2006","29-Sep-2006"
"INDIAFOILS","India Foils Limited","EQ","Agm","10","21-Sep-2006","-","23-Sep-2006","26-Sep-2006"
"NEPCMICON","NEPC India Limited","EQ","Agm","10","21-Sep-2006","-","25-Sep-2006","29-Sep-2006"
"SANGAMIND","Sangam (India) Limited","EQ","Agm/Dividend-15%","10","21-Sep-2006","-","25-Sep-2006","30-Sep-2006"
"PBAINFRA","PBA Infrastructure Limited","EQ","Agm/Dividend-15%","10","21-Sep-2006","-","25-Sep-2006","29-Sep-2006"
"OSWALGREEN","Oswal Greentech Limited","EQ","Agm","10","21-Sep-2006","-","25-Sep-2006","27-Sep-2006"
"SKIL","SKIL Infrastructure Limited","EQ","Agm","10","21-Sep-2006","-","25-Sep-2006","30-Sep-2006"
"MOHOTAIND","Mohota Industries Limited","EQ","Agm","10","21-Sep-2006","-","23-Sep-2006","29-Sep-2006"
"NOVOPANIND","Novopan Industries Limited","EQ","Agm/Dividend-21%","10","21-Sep-2006","-","25-Sep-2006","29-Sep-2006"
"PGHH","Procter & Gamble Hygiene and Health Care Limited","EQ","Agm/Fin Div-Rs.25/ Per Shpurpose Revised","10","21-Sep-2006","-","23-Sep-2006","06-Oct-2006"
"BLBLIMITED","BLB Limited","EQ","Agm","1","22-Sep-2006","-","26-Sep-2006","26-Sep-2006"
"CRESTANI","Crest Animation Studios Limited","EQ","Agm","10","22-Sep-2006","-","26-Sep-2006","29-Sep-2006"
"SGL","STL Global Limited","EQ","Agm","10","22-Sep-2006","-","26-Sep-2006","28-Sep-2006"
"AMBICAAGAR","Ambica Agarbathies & Aroma industries Limited","EQ","Agm","10","22-Sep-2006","-","26-Sep-2006","29-Sep-2006"
"BHARATRAS","Bharat Rasayan Limited","EQ","Agm","5","22-Sep-2006","-","26-Sep-2006","30-Sep-2006"
"ALPSINDUS","Alps Industries Limited","EQ","Dividend-7.50% /Bonus 1:1","10","22-Sep-2006","-","26-Sep-2006","27-Sep-2006"
"COMPUTECH","Computech International Limited","EQ","Agm","5","22-Sep-2006","-","26-Sep-2006","28-Sep-2006"
"UNIVCABLES","Universal Cables Limited","EQ","Agm","10","22-Sep-2006","-","26-Sep-2006","30-Sep-2006"
"KOPRAN","Kopran Limited","EQ","Agm","10","22-Sep-2006","-","26-Sep-2006","28-Sep-2006"
"NATIONALUM","National Aluminium Company Limited","EQ","Agm/Dividend-30%","5","22-Sep-2006","-","26-Sep-2006","28-Sep-2006"
"INDSWFTLAB","Ind-Swift Laboratories Limited","EQ","Agm/Dividend-15%","10","22-Sep-2006","-","26-Sep-2006","28-Sep-2006"
"NKIND","NK Industries Limited","EQ","Agm","10","22-Sep-2006","-","26-Sep-2006","30-Sep-2006"
"ETPCORP","ETP Corporation Limited","EQ","Agm","10","22-Sep-2006","-","26-Sep-2006","28-Sep-2006"
"JDORGO","JD Orgochem Limited","EQ","Agm","10","22-Sep-2006","-","26-Sep-2006","29-Sep-2006"
"TELEDATAIN","Teledata Informatics Limited","EQ","Agm/Final Dividend-5%","10","22-Sep-2006","-","26-Sep-2006","28-Sep-2006"
"YOKOGAWA","Yokogawa India Limited","EQ","Agm","10","22-Sep-2006","-","26-Sep-2006","28-Sep-2006"
"SHRIRAMCIT","Shriram City Union Finance Limited","EQ","Agm/Final Dividend-20%","10","22-Sep-2006","-","26-Sep-2006","28-Sep-2006"
"REMSONSIND","Remsons Industries Limited","EQ","Agm","2","22-Sep-2006","-","26-Sep-2006","30-Sep-2006"
"PALRED","Palred Technologies Limited","EQ","Agm/Dividend-15%","5","22-Sep-2006","-","26-Sep-2006","29-Sep-2006"
"63MOONS","63 moons technologies limited","EQ","Agm/Dividend-260%","2","22-Sep-2006","-","26-Sep-2006","29-Sep-2006"
"KEYFINSERV","Keynote Financial Services Limited","EQ","Agm","10","22-Sep-2006","-","26-Sep-2006","28-Sep-2006"
"IVRCLINFRA","IVRCL Limited","EQ","Agm/Dividend-50%","2","22-Sep-2006","-","26-Sep-2006","29-Sep-2006"
"WEIZMANIND","Weizmann Limited","EQ","Agm/Dividend-5%          Purpose Revised","10","22-Sep-2006","-","26-Sep-2006","30-Sep-2006"
"PANACEABIO","Panacea Biotec Limited","EQ","Agm/Dividend-100%","1","22-Sep-2006","-","26-Sep-2006","30-Sep-2006"
"VOLTAS","Voltas Limited","EQ","Fv Split Rs.10/- To Re.1/","1","22-Sep-2006","29-Sep-2006","-","-"
"ERAINFRA","Era Infra Engineering Limited","EQ","Agm/Div-Rs.2/- Per Sh","2","25-Sep-2006","-","27-Sep-2006","30-Sep-2006"
"ARAVALIIND","Aravali Industries Limited","EQ","Agm","10","25-Sep-2006","-","27-Sep-2006","30-Sep-2006"
"SUVEN","Suven Life Sciences Limited","EQ","Agm/Dividend-50%","1","25-Sep-2006","-","27-Sep-2006","29-Sep-2006"
"SUPREMEIND","Supreme Industries Limited","EQ","Dividend-100%","2","25-Sep-2006","-","27-Sep-2006","05-Oct-2006"
"PADMALAYAT","Padmalaya Telefilms Limited","EQ","Agm","10","25-Sep-2006","-","27-Sep-2006","30-Sep-2006"
"TOKYOPLAST","Tokyo Plast International Limited","EQ","Agm","10","25-Sep-2006","-","27-Sep-2006","29-Sep-2006"
"AKSHOPTFBR","Aksh Optifibre Limited","EQ","Agm/Div-Rs.1.75/- Per Sh","5","25-Sep-2006","-","27-Sep-2006","29-Sep-2006"
"KRISNAFILA","Krishna Filaments Limited","EQ","Agm","10","25-Sep-2006","-","27-Sep-2006","30-Sep-2006"
"21STCENMGM","21st Century Management Services Limited","EQ","Agm","10","25-Sep-2006","-","27-Sep-2006","29-Sep-2006"
"KARUNACAB","Karuna Cables Limited","EQ","Agm","2","25-Sep-2006","-","27-Sep-2006","30-Sep-2006"
"NEOCURTHER","Neocure Therapeutics Limited","EQ","Agm","10","25-Sep-2006","-","27-Sep-2006","29-Sep-2006"
"CUBEXTUB","Cubex Tubings Limited","EQ","Agm","10","25-Sep-2006","-","27-Sep-2006","29-Sep-2006"
"GLENMARK","Glenmark Pharmaceuticals Limited","EQ","Agm","1","25-Sep-2006","-","27-Sep-2006","29-Sep-2006"
"JAYBARMARU","Jay Bharat Maruti Limited","EQ","Bonus 1:1","2","25-Sep-2006","26-Sep-2006","-","-"
"OLECTRA","Olectra Greentech Limited","EQ","Agm","4","25-Sep-2006","-","27-Sep-2006","28-Sep-2006"
"SHIRPUR-G","Shirpur Gold Refinery Limited","EQ","Agm","10","25-Sep-2006","-","27-Sep-2006","28-Sep-2006"
"VAIBHAVGBL","Vaibhav Global Limited","EQ","Agm/Dividend-15%","2","25-Sep-2006","-","27-Sep-2006","30-Sep-2006"
"GULFPETRO","GP Petroleums Limited","EQ","Agm/Dividend-5%","5","25-Sep-2006","-","27-Sep-2006","30-Sep-2006"
"MAARSOFTW","Maars Software International Limited","EQ","Agm","10","25-Sep-2006","-","27-Sep-2006","29-Sep-2006"
"KOPDRUGS","KDL Biotech Limited","EQ","Agm","10","25-Sep-2006","-","27-Sep-2006","30-Sep-2006"
"AUTORIDFIN","Autoriders Finance Limited","EQ","Agm","10","26-Sep-2006","-","28-Sep-2006","29-Sep-2006"
"ALEMBICLTD","Alembic Limited","EQ","Fv Split Rs.10/- To Rs.2/","2","26-Sep-2006","04-Oct-2006","-","-"
"ESSAROIL","Essar Oil Limited","EQ","Agm","10","26-Sep-2006","-","28-Sep-2006","30-Sep-2006"
"RAMGOPOLY","Ramgopal Polytex Limited","EQ","Agm","10","26-Sep-2006","-","28-Sep-2006","30-Sep-2006"
"KRISHNAENG","Krishna Engineering Works Limited","EQ","Agm","10","26-Sep-2006","-","28-Sep-2006","30-Sep-2006"
"GANGOTRI","Gangotri Textiles Limited","EQ","Agm","5","26-Sep-2006","-","28-Sep-2006","30-Sep-2006"
"STEELTUBES","Steel Tubes of India Limited","EQ","Agm","10","26-Sep-2006","-","28-Sep-2006","30-Sep-2006"
"CEPHAMILK","Cepham Milk Specialities Limited","EQ","Agm","10","26-Sep-2006","-","28-Sep-2006","30-Sep-2006"
"OSWALAGRO","Oswal Agro Mills Limited","EQ","Agm","10","26-Sep-2006","-","28-Sep-2006","30-Sep-2006"
"JAGSNPHARM","Jagsonpal Pharmaceuticals Limited","EQ","Agm/Div-Re.0.10/- Per Sh","2","26-Sep-2006","-","28-Sep-2006","30-Sep-2006"
"LEEL","LEEL Electricals Limited","EQ","Agm/Dividend-10%","10","26-Sep-2006","-","28-Sep-2006","30-Sep-2006"
"GEOJITFSL","Geojit Financial Services Limited","EQ","Fv Split Rs.10/- To Re.1/","1","26-Sep-2006","04-Oct-2006","-","-"
"GTL","GTL Limited","EQ","Agm/Div-Fn 20% + Spl-180%","10","26-Sep-2006","-","28-Sep-2006","05-Oct-2006"
"MALWACOTT","Malwa Cotton Spg. Mills Limited","EQ","Agm","10","27-Sep-2006","-","29-Sep-2006","30-Sep-2006"
"SURYAPHARM","Surya Pharmaceutical Limited","EQ","Agm","1","27-Sep-2006","-","29-Sep-2006","29-Sep-2006"
"VITALCOMM","Vital Communications Limited","EQ","Agm","10","27-Sep-2006","-","29-Sep-2006","30-Sep-2006"
"ORIENTINFO","Orient Information Technology Limited","EQ","Annual Book Closure","10","27-Sep-2006","-","29-Sep-2006","29-Sep-2006"
"ADROITINFO","Adroit Infotech Limited","EQ","Agm","10","27-Sep-2006","-","29-Sep-2006","29-Sep-2006"
"RSSOFTWARE","R. S. Software (India) Limited","EQ","Rigths-Eq 1:2@ Prem Rs.55","5","27-Sep-2006","05-Oct-2006","-","-"
"ESTL","Essar Steel Limited","EQ","Agm","10","27-Sep-2006","-","29-Sep-2006","30-Sep-2006"
"NAVNETEDUL","Navneet Education Limited","EQ","Split-Rs.10tors.2/Div-60%Purpose Revised","2","27-Sep-2006","05-Oct-2006","-","-"
"REIAGRO","Rei Agro Limited","EQ","Annual Book Closure","10","27-Sep-2006","-","29-Sep-2006","29-Sep-2006"
"KCP","KCP Limited","EQ","Dividend-50%","1","28-Sep-2006","-","30-Sep-2006","30-Sep-2006"
"LT","Larsen & Toubro Limited","EQ","Bonus 1:1","2","28-Sep-2006","29-Sep-2006","-","-"
"NAMASTEXP","Namaste Exports Limited","EQ","Agm","10","28-Sep-2006","-","30-Sep-2006","30-Sep-2006"
"INDSWFTLTD","Ind-Swift Limited","EQ","Agm/Dividend-20%","2","28-Sep-2006","-","30-Sep-2006","02-Oct-2006"
"MASTEK","Mastek Limited","EQ","Agm/Div-Rs.3.50/- Per Sh","5","28-Sep-2006","-","03-Oct-2006","10-Oct-2006"
"TATAINFO","Infomedia India Limited","EQ","Agm/Dividend-20%         Bc Revised","10","28-Sep-2006","-","03-Oct-2006","10-Oct-2006"
"GUJNRECOKE","Gujarat NRE Coke Limited","EQ","Bonus 1:1","10","28-Sep-2006","29-Sep-2006","-","-"
"KCPSUGIND","KCP Sugar and Industries Corporation Limited","EQ","Agm/Div Fin-75% + Spl-25%","1","29-Sep-2006","-","04-Oct-2006","12-Oct-2006"
"SUBCAPCITY","International Constructions Limited","EQ","Annual Book Closure","10","29-Sep-2006","-","04-Oct-2006","10-Oct-2006"
"SUPPETRO","Supreme Petrochem Limited","EQ","Agm/Dividend-10%","10","06-Oct-2006","-","10-Oct-2006","27-Oct-2006"
"SATYAMCOMP","Satyam Computer Services Limited","EQ","Bonus-1:1","2","09-Oct-2006","10-Oct-2006","-","-"
"GREAVESCOT","Greaves Cotton Limited","EQ","Agm/Fin Div-Re.1/- Per Shbc End Date Revised","2","10-Oct-2006","-","12-Oct-2006","12-Oct-2006"
"AURIONPRO","Aurionpro Solutions Limited","EQ","Agm/Dividend-10%","10","12-Oct-2006","-","14-Oct-2006","18-Oct-2006"
"BERGEPAINT","Berger Paints (I) Limited","EQ","Bonus 3:5","1","12-Oct-2006","13-Oct-2006","-","-"
"MUNJALSHOW","Munjal Showa Limited","EQ","Fv Split Rs.10/- To Rs.2/","2","16-Oct-2006","23-Oct-2006","-","-"
"JPASSOCIAT","Jaiprakash Associates Limited","EQ","Agm/Fin Div-Re0.90 Per Sh","2","16-Oct-2006","-","18-Oct-2006","27-Oct-2006"
"ELECON","Elecon Engineering Company Limited","EQ","Fv Split Rs.10/- To Rs.2/","1","17-Oct-2006","26-Oct-2006","-","-"
"TCI","Transport Corporation of India Limited","EQ","Agm/Dividend-25%","2","17-Oct-2006","-","19-Oct-2006","23-Oct-2006"
"UNITDSPR","United Spirits Limited","EQ","Sch Of Arngment-Demerger","2","17-Oct-2006","26-Oct-2006","-","-"
"AMAR","Amar Remedies Limited","EQ","Agm","10","18-Oct-2006","-","20-Oct-2006","27-Oct-2006"
"TTML","Tata Teleservices (Maharashtra) Limited","EQ","Rights-19:100 @ Prem Rs.7","10","19-Oct-2006","28-Oct-2006","-","-"
"INFY","Infosys Limited","EQ","Int Div-Rs.5/- Per Sh    Purpose Revised","5","19-Oct-2006","20-Oct-2006","-","-"
"PRAJIND","Praj Industries Limited","EQ","Interim Dividend-45%     Purpose Revised","2","19-Oct-2006","20-Oct-2006","-","-"
"TATACOFFEE","Tata Coffee Limited","EQ","Rights-1 Pcd:2 Eq @Rs.400","1","19-Oct-2006","30-Oct-2006","-","-"
"MARICO","Marico Limited","EQ","Int Div-Rs.1.50/- Per Sh Purpose Revised","1","20-Oct-2006","23-Oct-2006","-","-"
"HCLTECH","HCL Technologies Limited","EQ","Int Div-Rs.4/- Per Sh    Purpose Revised","2","20-Oct-2006","23-Oct-2006","-","-"
"HCL-INSYS","HCL Infosystems Limited","EQ","Agm/Div-Fin 100%+Int 100%Purpose Revised","2","20-Oct-2006","-","26-Oct-2006","27-Oct-2006"
"TCS","Tata Consultancy Services Limited","EQ","2nd Int Div-Rs.3/- Per Shpurpose Revised","1","23-Oct-2006","26-Oct-2006","-","-"
"GABRIEL","Gabriel India Limited","EQ","Interim Dividend-30%     Purpose Revised","1","26-Oct-2006","27-Oct-2006","-","-"
"FOSECOIND","Foseco India Limited","EQ","3rd Int Div-Rs.6/- Per Shpurpose Revised","10","26-Oct-2006","27-Oct-2006","-","-"
"TNPL","Tamil Nadu Newsprint & Papers Limited","EQ","Interim Dividend-15%","10","26-Oct-2006","27-Oct-2006","-","-"
"CGPOWER","CG Power and Industrial Solutions Limited","EQ","Interim Dividend-20%     Purpose Revised","2","26-Oct-2006","27-Oct-2006","-","-"
"RANASUG","Rana Sugars Limited","EQ","Agm","10","26-Oct-2006","-","28-Oct-2006","30-Oct-2006"
"SONATSOFTW","Sonata Software Limited","EQ","Interim Dividend-50%     Purpose Revised","1","27-Oct-2006","30-Oct-2006","-","-"
"TVSMOTOR","TVS Motor Company Limited","EQ","Int Div-Re.0.70 Per Sh   Purpose Revised","1","27-Oct-2006","30-Oct-2006","-","-"
"ONGC","Oil & Natural Gas Corporation Limited","EQ","Bonus 1:2","5","27-Oct-2006","30-Oct-2006","-","-"
"INDHOTEL","The Indian Hotels Company Limited","EQ","Fv Split Rs.10/- To Re.1/","1","27-Oct-2006","03-Nov-2006","-","-"
"OPTOCIRCUI","Opto Circuits (India) Limited","EQ","Bonus 1:1","10","30-Oct-2006","31-Oct-2006","-","-"
"OUDHSUG","The Oudh Sugar Mills Limited","EQ","Agm/Dividend-45%","10","30-Oct-2006","-","01-Nov-2006","06-Nov-2006"
"PREMIERPOL","Premier Polyfilm Limited","EQ","Agm","1","30-Oct-2006","-","01-Nov-2006","15-Nov-2006"
"BALKRISIND","Balkrishna Industries Limited","EQ","Int Div-Rs.3.50/- Per Sh Purpose Revised","2","31-Oct-2006","01-Nov-2006","-","-"
"GSKCONS","GlaxoSmithKline Consumer Healthcare Limited","EQ","Int Div-Rs.10/- Per Sh   Purpose Revised","10","31-Oct-2006","01-Nov-2006","-","-"
"HMT","HMT Limited","EQ","Agm","10","01-Nov-2006","-","03-Nov-2006","11-Nov-2006"
"INDOCO","Indoco Remedies Limited","EQ","Agm/Dividend-62.5%","2","01-Nov-2006","-","03-Nov-2006","07-Nov-2006"
"UPERGANGES","Upper Ganges Sugar & Industries Limited","EQ","Agm/Div-Rs.5/- Per Sh","10","01-Nov-2006","-","03-Nov-2006","03-Nov-2006"
"NRBBEARING","NRB Bearing Limited","EQ","Int Div-Rs.8/- Per Sh    Purpose Revised","2","01-Nov-2006","02-Nov-2006","-","-"
"DCMSHRIRAM","DCM Shriram Limited","EQ","Interim Dividend-20%     Purpose Revised","2","02-Nov-2006","03-Nov-2006","-","-"
"TRIVENI","Triveni Engineering & Industries Limited","EQ","Interim Dividend - 35%","1","02-Nov-2006","03-Nov-2006","-","-"
"RANBAXY","Ranbaxy Laboratories Limited","EQ","Interim Dividend-50%","5","02-Nov-2006","03-Nov-2006","-","-"
"HIMATSEIDE","Himatsingka Seide Limited","EQ","Interim Dividend-25%     Purpose Revised","5","02-Nov-2006","03-Nov-2006","-","-"
"AMBUJACEM","Ambuja Cements Limited","EQ","Interim Dividend-75%","2","02-Nov-2006","04-Nov-2006","-","-"
"JAGRAN","Jagran Prakashan Limited","EQ","Bonus 1:5","2","02-Nov-2006","03-Nov-2006","-","-"
"ELGIEQUIP","Elgi Equipments Limited","EQ","Interim Dividend-50%     Purpose Revised","1","02-Nov-2006","04-Nov-2006","-","-"
"IPCALAB","IPCA Laboratories Limited","EQ","Interim Dividend-35%     Purpose Revised","1","02-Nov-2006","03-Nov-2006","-","-"
"GUJALKALI","Gujarat Alkalies and Chemicals Limited","EQ","Interim Dividend-15%","10","03-Nov-2006","06-Nov-2006","-","-"
"DABUR","Dabur India Limited","EQ","Interim Dividend-100%    Purpose Revised","1","03-Nov-2006","06-Nov-2006","-","-"
"RAMCOCEM","The Ramco Cements Limited","EQ","Interim Dividend-75%     Purpose Revised","1","03-Nov-2006","06-Nov-2006","-","-"
"SUNDRMCLAY","Sundaram Clayton Limited","EQ","Int Div-Rs.7/- Per Sh    Purpose Revised","10","03-Nov-2006","06-Nov-2006","-","-"
"RAMCOIND","Ramco Industries Limited","EQ","Int. Div.-Rs. 5/- Per Sh Purpose Revised","1","03-Nov-2006","06-Nov-2006","-","-"
"INGERRAND","Ingersoll Rand (India) Limited","EQ","Interim Dividend-30%","10","03-Nov-2006","06-Nov-2006","-","-"
"ASIANPAINT","Asian Paints Limited","EQ","Interim Dividend-55%     Purpose Revised","1","03-Nov-2006","06-Nov-2006","-","-"
"GVKPIL","GVK Power & Infrastructure Limited","EQ","Interim Dividend-25%","1","06-Nov-2006","07-Nov-2006","-","-"
"ALFALAVAL","Alfa Laval (India) Limited","EQ","Interim Dividend-100%    Purpose Revised","10","06-Nov-2006","07-Nov-2006","-","-"
"MONNETISPA","Monnet Ispat and Energy Limited","EQ","Interim Dividend-20%     Purpose Revised","10","06-Nov-2006","07-Nov-2006","-","-"
"DHFL","Dewan Housing Finance Corporation Limited","EQ","Interim Dividend-10%","10","06-Nov-2006","07-Nov-2006","-","-"
"GODREJCP","Godrej Consumer Products Limited","EQ","2nd Int Div-Re0.75 Per Shpurpose Revised","1","06-Nov-2006","07-Nov-2006","-","-"
"EASUNREYRL","Easun Reyrolle Limited","EQ","Interim Dividend-20%     Purpose Revised","2","06-Nov-2006","07-Nov-2006","-","-"
"VIJAYABANK","Vijaya Bank","EQ","Interim Dividend-10%","10","06-Nov-2006","07-Nov-2006","-","-"
"FEL","Future Enterprises Limited","EQ","Agm/Div-Rs.2.50/- Per Sh","2","08-Nov-2006","-","10-Nov-2006","17-Nov-2006"
"ALLCARGO","Allcargo Logistics Limited","EQ","Interim Dividend-25%","2","09-Nov-2006","10-Nov-2006","-","-"
"COLGATE","Colgate Palmolive India Limited","EQ","Interim Dividend-42.50%  Purpose Revised","10","09-Nov-2006","10-Nov-2006","-","-"
"PRIMESECU","Prime Securities Limited","EQ","Interim Dividend-15%","5","09-Nov-2006","10-Nov-2006","-","-"
"SATYAMCOMP","Satyam Computer Services Limited","EQ","Interim Dividend-50%","2","09-Nov-2006","10-Nov-2006","-","-"
"NATCOPHARM","Natco Pharma Limited","EQ","Interim Dividend-12.5%","2","10-Nov-2006","13-Nov-2006","-","-"
"APARINDS","Apar Industries Limited","EQ","Interim Dividend-15%","10","10-Nov-2006","13-Nov-2006","-","-"
"GREAVESCOT","Greaves Cotton Limited","EQ","1st Interim Dividend-20%","2","10-Nov-2006","13-Nov-2006","-","-"
"VATSMUSC","Vatsa Music Limited","EQ","Agm","1","10-Nov-2006","-","14-Nov-2006","20-Nov-2006"
"JKPAPER","JK Paper Limited","EQ","Agm/Dividend-6%","10","10-Nov-2006","-","14-Nov-2006","21-Nov-2006"
"BAJFINANCE","Bajaj Finance Limited","EQ","Right-Eq6:10 & 1ncd:4eq","1","13-Nov-2006","20-Nov-2006","-","-"
"VARUNSHIP","Varun Shipping Company Limited","EQ","Int Div-Rs.1.50/- Per Sh","10","13-Nov-2006","14-Nov-2006","-","-"
"JBCHEPHARM","JB Chemicals & Pharmaceuticals Limited","EQ","Int Div-Rs.1.10 Per Sh","1","13-Nov-2006","14-Nov-2006","-","-"
"SUPREMEIND","Supreme Industries Limited","EQ","Bonus 1:1","2","13-Nov-2006","14-Nov-2006","-","-"
"MRF","MRF Limited","EQ","2nd Interim Dividend-30% Purpose Revised","10","14-Nov-2006","15-Nov-2006","-","-"
"GDL","Gateway Distriparks Limited","EQ","Interim Dividend-15%","10","14-Nov-2006","15-Nov-2006","-","-"
"GREENPLY","Greenply Industries Limited","EQ","Interim Dividend-20%","1","15-Nov-2006","16-Nov-2006","-","-"
"BPCL","Bharat Petroleum Corporation Limited","EQ","Dividend-25%","10","15-Nov-2006","-","17-Nov-2006","14-Dec-2006"
"KSB","Ksb Limited","EQ","Interim Dividend-20%","2","15-Nov-2006","16-Nov-2006","-","-"
"GOLDIAM","Goldiam International Limited","EQ","Int Div-Re.1/- Per Sh","2","15-Nov-2006","16-Nov-2006","-","-"
"BLBLIMITED","BLB Limited","EQ","Interim Dividend-10%","1","15-Nov-2006","16-Nov-2006","-","-"
"GFLLIMITED","GFL Limited","EQ","Int Div-Rs.2/- Per Sh","1","16-Nov-2006","17-Nov-2006","-","-"
"63MOONS","63 moons technologies limited","EQ","Interim Dividend-40%","2","16-Nov-2006","17-Nov-2006","-","-"
"NANDAN","Nandan Exim Limited","EQ","Interim Dividend-7.5%","1","16-Nov-2006","17-Nov-2006","-","-"
"ROLTA","Rolta India Limited","EQ","Agm/Div-Rs.4/- Per Sh","10","17-Nov-2006","-","21-Nov-2006","28-Nov-2006"
"LAKSHVILAS","Lakshmi Vilas Bank Limited","EQ","Bonus 1:2/Rights 1:1","10","17-Nov-2006","24-Nov-2006","-","-"
"MONSANTO","Monsanto India Limited","EQ","Int Div-Rs.10/- Per Sh","10","20-Nov-2006","21-Nov-2006","-","-"
"DIGJAM","Digjam Limited","EQ","Rights 4:7 At Par","10","21-Nov-2006","28-Nov-2006","-","-"
"INDLMETER","IMP Powers Limited","EQ","Agm","10","21-Nov-2006","-","23-Nov-2006","30-Nov-2006"
"CIMCOBIRLA","Cimmco Birla Limited","EQ","Agm","10","22-Nov-2006","-","24-Nov-2006","30-Nov-2006"
"PEARLGLOBL","Pearl Global Limited","EQ","Agm/Dividend-30%","10","22-Nov-2006","-","24-Nov-2006","30-Nov-2006"
"IPCL","Indian Petrochemicals Corporation Limited","EQ","Agm","10","23-Nov-2006","-","27-Nov-2006","02-Dec-2006"
"JIKINDS","JIK Industries Limited","EQ","Agm","1","23-Nov-2006","-","27-Nov-2006","11-Dec-2006"
"HINDDORROL","Hindustan Dorr-Oliver Limited","EQ","Bonus 1:5","2","23-Nov-2006","24-Nov-2006","-","-"
"BILT","Ballarpur Industries Limited","EQ","Agm/Dividend-15%","10","29-Nov-2006","-","01-Dec-2006","12-Dec-2006"
"ZANDUREALT","Zandu Realty Limited","EQ","Fin Div-Rs.5/- Per Sh","100","30-Nov-2006","-","02-Dec-2006","05-Dec-2006"
"KFA","Kingfisher Airlines Limited","EQ","Agm","10","30-Nov-2006","-","04-Dec-2006","11-Dec-2006"
"SUNDRMFAST","Sundram Fasteners Limited","EQ","Int. Div.- Re 0.85 Per Sh","1","30-Nov-2006","01-Dec-2006","-","-"
"ABIRLANUVO","Aditya Birla Nuvo Limited","EQ","Rights 2:17@Prem Rs.783/-","10","01-Dec-2006","08-Dec-2006","-","-"
"ICSA","ICSA (India) Limited","EQ","Interim Dividend-12%","2","01-Dec-2006","04-Dec-2006","-","-"
"GARDENSILK","Garden Silk Mills Limited","EQ","Agm/Dividend-15%","10","01-Dec-2006","-","05-Dec-2006","12-Dec-2006"
"ALICON","Alicon Castalloy Limited","EQ","Fv Split Rs.10/- To Rs.5/","5","04-Dec-2006","11-Dec-2006","-","-"
"VEDL","Vedanta Limited","EQ","Fin Div-Rs.25/- Per Sh","1","04-Dec-2006","-","06-Dec-2006","08-Dec-2006"
"HCLTECH","HCL Technologies Limited","EQ","Agm/Div-Rs.4/- Per Sh","2","04-Dec-2006","-","06-Dec-2006","14-Dec-2006"
"TCI","Transport Corporation of India Limited","EQ","Fv Split Rs.10/- To Rs.2/","2","05-Dec-2006","12-Dec-2006","-","-"
"WELENT","Welspun Enterprises Limited","EQ","Agm/Final Dividend-10%","10","06-Dec-2006","-","08-Dec-2006","14-Dec-2006"
"SAKHTISUG","Sakthi Sugars Limited","EQ","Agm/Dividend-15%","10","06-Dec-2006","-","08-Dec-2006","19-Dec-2006"
"STER","Sterlite Industries ( India ) Limited","EQ","Int Div-Rs.4/- Per Sh","1","06-Dec-2006","07-Dec-2006","-","-"
"SYNDIBANK","Syndicate Bank","EQ","Interim Dividend-15%","10","06-Dec-2006","07-Dec-2006","-","-"
"ITI","ITI Limited","EQ","Agm","10","06-Dec-2006","-","08-Dec-2006","15-Dec-2006"
"NELCO","NELCO Limited","EQ","Agm","10","07-Dec-2006","-","11-Dec-2006","22-Dec-2006"
"UNITDSPR","United Spirits Limited","EQ","Agm/Dividend-20%","2","08-Dec-2006","-","12-Dec-2006","14-Dec-2006"
"SANWARIA","Sanwaria Consumer Limited","EQ","Fv Split Rs.5/- To Rs.2/","1","08-Dec-2006","15-Dec-2006","-","-"
"GRAPHITE","Graphite India Limited","EQ","Fv Split Rs.10/- To Rs.2/","2","11-Dec-2006","18-Dec-2006","-","-"
"TORNTPOWER","Torrent Power Limited","EQ","Agm/Dividend-12%","10","11-Dec-2006","-","13-Dec-2006","14-Dec-2006"
"HAVISHA","Sri Havisha Hospitality and Infrastructure Limited","EQ","Agm","2","12-Dec-2006","-","14-Dec-2006","14-Dec-2006"
"FEL","Future Enterprises Limited","EQ","Fv Split Rs.10/- To Rs.2/","2","12-Dec-2006","19-Dec-2006","-","-"
"ASIANELEC","Asian Electronics Limited","EQ","Agm/Dividend-25%","5","12-Dec-2006","-","14-Dec-2006","23-Dec-2006"
"WINDSOR","Windsor Machines Limited","EQ","Agm","10","12-Dec-2006","-","14-Dec-2006","22-Dec-2006"
"GMDCLTD","Gujarat Mineral Development Corporation Limited","EQ","Agm/Dividend-60%","2","13-Dec-2006","-","15-Dec-2006","22-Dec-2006"
"KARURVYSYA","Karur Vysya Bank Limited","EQ","Rights 1:2@Prem Rs.60/-","2","13-Dec-2006","20-Dec-2006","-","-"
"LMW","LMW Limited","EQ","Fv Spl 100 To 10/Div150%","10","13-Dec-2006","20-Dec-2006","-","-"
"VISUALSOFT","VisualSoft Technologies Limited","EQ","Agm","10","13-Dec-2006","-","15-Dec-2006","22-Dec-2006"
"SHRIRAMFIN","Shriram Finance Limited","EQ","Agm/Int Div - Re.1 Per Sh","2","13-Dec-2006","-","15-Dec-2006","17-Dec-2006"
"SHRIRAMCIT","Shriram City Union Finance Limited","EQ","Interim Dividend-10%","10","14-Dec-2006","16-Dec-2006","-","-"
"CGPOWER","CG Power and Industrial Solutions Limited","EQ","Bonus 2:5","2","14-Dec-2006","15-Dec-2006","-","-"
"MELSTAR","Melstar Information Technologies Limited","EQ","Agm","10","14-Dec-2006","-","18-Dec-2006","20-Dec-2006"
"PAEL","PAE Limited","EQ","Agm","10","14-Dec-2006","-","16-Dec-2006","26-Dec-2006"
"RENUKA","Shree Renuka Sugars Limited","EQ","Agm/Final Dividend-20%","1","14-Dec-2006","-","18-Dec-2006","28-Dec-2006"
"SMZSCHEM","SMZS Chemicals Limited","EQ","Agm","10","14-Dec-2006","-","16-Dec-2006","29-Dec-2006"
"NOVASTEEL","Nova Steel India Limited","EQ","Agm","10","15-Dec-2006","-","19-Dec-2006","28-Dec-2006"
"SOFTTECHGR","Software Technology Group International Limited","EQ","Agm","10","15-Dec-2006","-","19-Dec-2006","29-Dec-2006"
"NOVAELEMAG","Nova Electro Magnetics Limited","EQ","Agm","10","18-Dec-2006","-","20-Dec-2006","27-Dec-2006"
"DCM","DCM  Limited","EQ","Agm","10","18-Dec-2006","-","20-Dec-2006","27-Dec-2006"
"DCMFINSERV","DCM Financial Services Limited","EQ","Agm","10","18-Dec-2006","-","20-Dec-2006","28-Dec-2006"
"MANGLMCEM","Mangalam Cement Limited","EQ","Agm","10","18-Dec-2006","-","20-Dec-2006","27-Dec-2006"
"PENTSFWARE","Pentamedia Graphics Limited","EQ","Agm","10","18-Dec-2006","-","20-Dec-2006","29-Dec-2006"
"ZEEL","Zee Entertainment Enterprises Limited","EQ","Sch Of Arngmnt/Div-100%  Purpose Revised","1","18-Dec-2006","-","24-Dec-2006","28-Dec-2006"
"BANKINDIA","Bank of India","EQ","Dividend -20%","10","19-Dec-2006","20-Dec-2006","-","-"
"MEDIAVIDEO","Media Video Limited","EQ","Agm","10","19-Dec-2006","-","21-Dec-2006","26-Dec-2006"
"COREPARENT","Core Healthcare Limited","EQ","Agm","10","19-Dec-2006","-","21-Dec-2006","27-Dec-2006"
"SNOWCEMIND","Snowcem India Limited","EQ","Agm","10","20-Dec-2006","-","22-Dec-2006","27-Dec-2006"
"THIRUSUGAR","Thiru Arooran Sugars Limited","EQ","Agm/Dividend - 18%","10","20-Dec-2006","-","22-Dec-2006","29-Dec-2006"
"GENESYS","Genesys International Corporation Limited","EQ","Agm","5","20-Dec-2006","-","22-Dec-2006","28-Dec-2006"
"AMTEKAUTO","Amtek Auto Limited","EQ","Agm/Dividend - 100%","2","20-Dec-2006","-","22-Dec-2006","26-Dec-2006"
"PENINLAND","Peninsula Land Limited","EQ","Agm/Dividend-25%","2","20-Dec-2006","-","22-Dec-2006","29-Dec-2006"
"WOPOLIN","Wopolin Plastics Limited","EQ","Agm","10","20-Dec-2006","-","22-Dec-2006","23-Dec-2006"
"GRANULES","Granules India Limited","EQ","Agm/Dividend-12.5%","1","21-Dec-2006","-","26-Dec-2006","28-Dec-2006"
"ORIENTPRES","Orient Press Limited","EQ","Agm","10","21-Dec-2006","-","26-Dec-2006","29-Dec-2006"
"BPLSANUTIL","B S Appliances Limited","EQ","Agm","10","21-Dec-2006","-","26-Dec-2006","30-Dec-2006"
"BPLREFRIG","B S Refrigerators Limited","EQ","Agm","10","21-Dec-2006","-","26-Dec-2006","30-Dec-2006"
"RUCHISOYA","Ruchi Soya Industries Limited","EQ","Agm/Dividend-22%","2","21-Dec-2006","-","26-Dec-2006","28-Dec-2006"
"KEI","KEI Industries Limited","EQ","Fv Split Rs.10/- To Rs.2/","2","21-Dec-2006","29-Dec-2006","-","-"
"KITPLYIND","Kitply Industries Limited","EQ","Agm","10","21-Dec-2006","-","23-Dec-2006","27-Dec-2006"
"MODIRUBBER","Modi Rubber Limited","EQ","Agm","10","21-Dec-2006","-","26-Dec-2006","29-Dec-2006"
"GOLDTECH","AION-TECH SOLUTIONS LIMITED","EQ","Agm","10","21-Dec-2006","-","26-Dec-2006","27-Dec-2006"
"PIONEEREMB","Pioneer Embroideries Limited","EQ","Agm/Dividend -15%","10","21-Dec-2006","-","23-Dec-2006","28-Dec-2006"
"BPLENGG","BPL Engineering Limited","EQ","Agm","10","21-Dec-2006","-","23-Dec-2006","29-Dec-2006"
"ESCORTS","Escorts Kubota Limited","EQ","Annual Book Closure","10","21-Dec-2006","-","25-Dec-2006","31-Dec-2006"
"BALRAMCHIN","Balrampur Chini Mills Limited","EQ","Agm/Dividend - 150%","1","22-Dec-2006","-","27-Dec-2006","11-Jan-2007"
"METALFORGE","Metalyst Forgings Limited","EQ","Agm/Dividend - 20%","10","22-Dec-2006","-","27-Dec-2006","30-Dec-2006"
"CASTEXTECH","Castex Technologies Limited","EQ","Agm/Dividend - 50%","2","22-Dec-2006","-","27-Dec-2006","30-Dec-2006"
"JINDALSAW","Jindal Saw Limited","EQ","Agm/Div-Rs.5/- Per Eq Sh","1","22-Dec-2006","-","27-Dec-2006","29-Dec-2006"
"MAFATLAFIN","Mafatlal Finance Limited","EQ","Agm","10","26-Dec-2006","-","28-Dec-2006","29-Dec-2006"
"SRGINFOTEC","SRG Infotec (India) Limited","EQ","Agm","10","26-Dec-2006","-","28-Dec-2006","29-Dec-2006"
"FEDDERELEC","Fedders Electric and Engineering Limited","EQ","Agm/Dividend-8%","10","26-Dec-2006","-","28-Dec-2006","30-Dec-2006"
"IOC","Indian Oil Corporation Limited","EQ","Interim Dividend - 60%","10","26-Dec-2006","27-Dec-2006","-","-"
"SHRVINDPPR","Shree Vindhya Paper Mills Limited","EQ","Annual Book Closure","10","27-Dec-2006","-","29-Dec-2006","30-Dec-2006"
"HINDPETRO","Hindustan Petroleum Corporation Limited","EQ","Interim Dividend-60%     Purpose Revised","10","27-Dec-2006","28-Dec-2006","-","-"
"GAIL","GAIL (India) Limited","EQ","Interim Dividend-55%     Purpose Revised","10","27-Dec-2006","28-Dec-2006","-","-"
"ONGC","Oil & Natural Gas Corporation Limited","EQ","Interim Dividend-180%    Purpose Revised","5","27-Dec-2006","28-Dec-2006","-","-"
"HTMEDIA","HT Media Limited","EQ","Fv Split Rs.10/- To Rs.2/","2","28-Dec-2006","05-Jan-2007","-","-"
"INDIABULLS","Indiabulls Financial Services Limited","EQ","Scheme Of Arrangement","2","02-Jan-2007","09-Jan-2007","-","-"
"SIEMENS","Siemens Limited","EQ","Agm/Dividend - 190%","2","02-Jan-2007","-","04-Jan-2007","18-Jan-2007"
"INDNIPPON","India Nippon Electricals Limited","EQ","Interim Dividend-45%     Purpose Revised","5","03-Jan-2007","04-Jan-2007","-","-"
"SUNDRMFAST","Sundram Fasteners Limited","EQ","Bonus-1:1","1","04-Jan-2007","05-Jan-2007","-","-"
"BSOFT","BIRLASOFT LIMITED","EQ","Bonus-1:1 Spl-Rs 5/ To 2/","2","04-Jan-2007","11-Jan-2007","-","-"
"GLENMARK","Glenmark Pharmaceuticals Limited","EQ","Interim Dividend - 40%","1","04-Jan-2007","05-Jan-2007","-","-"
"FINCABLES","Finolex Cables Limited","EQ","Fv Split Rs.10/- To Rs.2/","2","08-Jan-2007","15-Jan-2007","-","-"
"AUTOAXLES","Automotive Axles Limited","EQ","Agm/Dividend Rs. 7.5 P Sh","10","08-Jan-2007","-","10-Jan-2007","12-Jan-2007"
"APARINDS","Apar Industries Limited","EQ","Bonus-1:3","10","11-Jan-2007","12-Jan-2007","-","-"
"UNIONBANK","Union Bank of India","EQ","Interim Dividend-15%","10","11-Jan-2007","13-Jan-2007","-","-"
"DOLPHINOFF","Dolphin Offshore Enterprises (India) Limited","EQ","Bonus 3:5","10","11-Jan-2007","12-Jan-2007","-","-"
"BPCL","Bharat Petroleum Corporation Limited","EQ","Interim Dividend - 60%","10","15-Jan-2007","16-Jan-2007","-","-"
"MASTEK","Mastek Limited","EQ","Int Div-Rs.3/- Per Share Purpose Revised","5","16-Jan-2007","17-Jan-2007","-","-"
"WALCHANNAG","Walchandnagar Industries Limited","EQ","Agm/Div-Rs.4.50 Per Share","2","16-Jan-2007","-","18-Jan-2007","24-Jan-2007"
"SOTL","Savita Oil Technologies Limited","EQ","Bonus 2:3","2","17-Jan-2007","18-Jan-2007","-","-"
"NEPCTEX","Nepc Textiles Limited","EQ","Agm","10","18-Jan-2007","-","22-Jan-2007","25-Jan-2007"
"ZANDUREALT","Zandu Realty Limited","EQ","Bonus 1:3","100","18-Jan-2007","20-Jan-2007","-","-"
"NANDAN","Nandan Exim Limited","EQ","Bonus 1:1","1","18-Jan-2007","19-Jan-2007","-","-"
"HCLTECH","HCL Technologies Limited","EQ","2nd Int Div-Rs.4/- Per Shpurpose Revised","2","19-Jan-2007","22-Jan-2007","-","-"
"PSL","PSL Limited","EQ","Int Div-Rs.2.50/- Per Sh Purpose Revised","10","22-Jan-2007","23-Jan-2007","-","-"
"LGBROS","LG Balakrishnan & Bros Limited","EQ","Right-1 Bond:9eqsh@Rs.101","1","22-Jan-2007","31-Jan-2007","-","-"
"MAWANA","Mawana Sugars Limited","EQ","Agm/Dividend-10%","10","22-Jan-2007","-","24-Jan-2007","25-Jan-2007"
"TCS","Tata Consultancy Services Limited","EQ","3rd Int Div-Rs.3/- Per Shpurpose Revised","1","22-Jan-2007","23-Jan-2007","-","-"
"MARICO","Marico Limited","EQ","3rd Int Div-Rs1.70 Per Shpurpose Revised","1","23-Jan-2007","24-Jan-2007","-","-"
"JPASSOCIAT","Jaiprakash Associates Limited","EQ","Int Div - Rs.2/- Per Sh","2","24-Jan-2007","27-Jan-2007","-","-"
"SUPREMEIND","Supreme Industries Limited","EQ","Interim Dividend - 25%","2","25-Jan-2007","29-Jan-2007","-","-"
"DABUR","Dabur India Limited","EQ","Bonus - 1:2","1","25-Jan-2007","29-Jan-2007","-","-"
"RANEBRAKE","Rane Brake Linings Limited","EQ","Int Div-Rs.4/- Per Share Purpose Revised","10","25-Jan-2007","30-Jan-2007","-","-"
"GODREJCP","Godrej Consumer Products Limited","EQ","Int Div-Re.1/- Per Sh    Purpose Revised","1","25-Jan-2007","29-Jan-2007","-","-"
"HCL-INSYS","HCL Infosystems Limited","EQ","2nd Int Div-100%         Purpose Revised","2","25-Jan-2007","30-Jan-2007","-","-"
"RML","Rane (Madras) Limited","EQ","Int Div-Rs.2/- Per Share Purpose Revised","10","25-Jan-2007","30-Jan-2007","-","-"
"PARACABLES","Paramount Communications Limited","EQ","Fv Split Rs.10/- To Rs.2/","2","25-Jan-2007","05-Feb-2007","-","-"
"RANEHOLDIN","Rane Holdings Limited","EQ","Int Div-Rs.3/- Per Share Purpose Revised","10","25-Jan-2007","30-Jan-2007","-","-"
"BEL","Bharat Electronics Limited","EQ","Int Div-Rs.4/- Per Share Purpose Revised","1","25-Jan-2007","29-Jan-2007","-","-"
"SUNDRMBRAK","Sundaram Brake Linings Limited","EQ","Interim Dividend-50%     Purpose Revised","10","29-Jan-2007","31-Jan-2007","-","-"
"MPSLTD","MPS Limited","EQ","Interim Dividend-35%     Purpose Revised","10","31-Jan-2007","01-Feb-2007","-","-"
"CONCOR","Container Corporation of India Limited","EQ","Interim Dividend-110%","5","31-Jan-2007","01-Feb-2007","-","-"
"KBL","Kirloskar Brothers Limited","EQ","Int Div-Rs.2/- Per Sh    Purpose Revised","2","01-Feb-2007","02-Feb-2007","-","-"
"GEOJITFSL","Geojit Financial Services Limited","EQ","Interim Dividend-40%     Purpose Revised","1","01-Feb-2007","02-Feb-2007","-","-"
"GESHIP","The Great Eastern Shipping Company Limited","EQ","Int Div-Rs.3/- Per Share Purpose Revised","10","01-Feb-2007","02-Feb-2007","-","-"
"DCHL","Deccan Chronicle Holdings Limited","EQ","Interim Dividend-50%","2","01-Feb-2007","03-Feb-2007","-","-"
"CGPOWER","CG Power and Industrial Solutions Limited","EQ","Interim Dividend-25%     Purpose Revised","2","01-Feb-2007","02-Feb-2007","-","-"
"GEODESIC","Geodesic Limited","EQ","Interim Dividend-10%     Purpose Revised","2","01-Feb-2007","02-Feb-2007","-","-"
"KIRLOSOIL","Kirloskar Oil Engines Limited","EQ","Int Div-Rs.2/- Per Share","2","01-Feb-2007","02-Feb-2007","-","-"
"SAIL","Steel Authority of India Limited","EQ","Interim Dividend-16%     Purpose Revised","10","01-Feb-2007","03-Feb-2007","-","-"
"NTPC","NTPC Limited","EQ","Interim Dividend-24%     Purpose Revised","10","02-Feb-2007","05-Feb-2007","-","-"
"RAMCOIND","Ramco Industries Limited","EQ","2nd Int Div-Rs.5/- Per Shpurpose Revised","1","02-Feb-2007","05-Feb-2007","-","-"
"RAMCOCEM","The Ramco Cements Limited","EQ","2nd Interim Dividend-75% Purpose Revised","1","02-Feb-2007","05-Feb-2007","-","-"
"ENGINERSIN","Engineers India Limited","EQ","Interim Dividend-35%     Purpose Revised","5","05-Feb-2007","06-Feb-2007","-","-"
"JINDALSTEL","JINDAL STEEL LIMITED","EQ","Interim Dividend-120%    Purpose Revised","1","05-Feb-2007","06-Feb-2007","-","-"
"SHASUNPHAR","Shasun Pharmaceuticals Limited","EQ","Int Div-Re.0.80 Per Sh","2","05-Feb-2007","06-Feb-2007","-","-"
"POLARIS","POLARIS CONSULTING & SERVICES LIMITED","EQ","Int Div-Re.1/- Per Share","5","06-Feb-2007","07-Feb-2007","-","-"
"VARUNSHIP","Varun Shipping Company Limited","EQ","2nd Int Div-Rs1.50 Per Sh","10","06-Feb-2007","07-Feb-2007","-","-"
"UMIYA-MRO","UMIYA BUILDCON LIMITED","EQ","Interim Dividend-20%     Purpose Revised","5","06-Feb-2007","07-Feb-2007","-","-"
"NATIONALUM","National Aluminium Company Limited","EQ","Interim Dividend-35%","5","06-Feb-2007","07-Feb-2007","-","-"
"BSELINFRA","BSEL Infrastructure Realty Limited","EQ","Interim Dividend-21%","10","06-Feb-2007","07-Feb-2007","-","-"
"SAGCEM","Sagar Cements Limited","EQ","Interim Dividend-10%","2","08-Feb-2007","10-Feb-2007","-","-"
"CUMMINSIND","Cummins India Limited","EQ","Interim Dividend-100%","2","08-Feb-2007","09-Feb-2007","-","-"
"HINDZINC","Hindustan Zinc Limited","EQ","Interim Dividend-25%","2","08-Feb-2007","09-Feb-2007","-","-"
"GOKEX","Gokaldas Exports Limited","EQ","Fv Split Rs.10/- To Rs.5/","5","08-Feb-2007","15-Feb-2007","-","-"
"GREAVESCOT","Greaves Cotton Limited","EQ","2nd Interim Dividend-20% Purpose Revised","2","08-Feb-2007","09-Feb-2007","-","-"
"UTVSOF","UTV Software Communications Limited","EQ","Int Div-Rs.2.50 Per Share","10","08-Feb-2007","09-Feb-2007","-","-"
"GULFPETRO","GP Petroleums Limited","EQ","Interim Dividend-5%      Purpose Revised","5","08-Feb-2007","09-Feb-2007","-","-"
"TCI","Transport Corporation of India Limited","EQ","Interim Dividend-15%","2","08-Feb-2007","09-Feb-2007","-","-"
"ZEEL","Zee Entertainment Enterprises Limited","EQ","Scheme Of Arrangement","1","12-Feb-2007","20-Feb-2007","-","-"
"AARTIIND","Aarti Industries Limited","EQ","Int Div-Re.0.50 Per Sh   Purpose Revised","5","13-Feb-2007","14-Feb-2007","-","-"
"WHEELS","Wheels India Limited","EQ","Interim Dividend-30%","10","13-Feb-2007","14-Feb-2007","-","-"
"BHEL","Bharat Heavy Electricals Limited","EQ","Interim Dividend-125%","2","13-Feb-2007","14-Feb-2007","-","-"
"BEML","BEML Limited","EQ","Interim Dividend-40%","5","13-Feb-2007","14-Feb-2007","-","-"
"SUNTV","Sun TV Network Limited","EQ","Interim Dividend-30%","5","13-Feb-2007","14-Feb-2007","-","-"
"BILT","Ballarpur Industries Limited","EQ","Interim Dividend-15%","10","13-Feb-2007","14-Feb-2007","-","-"
"SUBEX","Subex Limited","EQ","Interim Dividend-15%","10","13-Feb-2007","14-Feb-2007","-","-"
"REIAGRO","Rei Agro Limited","EQ","Int Div-Rs.1.50/- Per Sh","10","13-Feb-2007","14-Feb-2007","-","-"
"ORIENTPPR","Orient Paper & Industries Limited","EQ","Int Div-Rs.4/- Per Sh","1","14-Feb-2007","16-Feb-2007","-","-"
"PNB","Punjab National Bank","EQ","Interim Dividend-40%","2","14-Feb-2007","15-Feb-2007","-","-"
"XLENERGY","XL Energy Limited","EQ","Interim Dividend-10%","10","14-Feb-2007","15-Feb-2007","-","-"
"GILLETTE","Gillette India Limited","EQ","Int Div-Rs.10/- Per Sh","10","14-Feb-2007","15-Feb-2007","-","-"
"HIKAL","Hikal Limited","EQ","Interim Dividend-30%","2","14-Feb-2007","15-Feb-2007","-","-"
"INDIABULLS","Indiabulls Financial Services Limited","EQ","1st Int Div-Rs.2/- Per Sh","2","14-Feb-2007","15-Feb-2007","-","-"
"CREWBOS","Crew B.O.S. Products Limited","EQ","Interim Dividend-7.5%","10","14-Feb-2007","15-Feb-2007","-","-"
"EPL","EPL Limited","EQ","Interim Dividend-100%","2","14-Feb-2007","15-Feb-2007","-","-"
"LAKSHMIEFL","Lakshmi Energy and Foods Limited","EQ","Interim Dividend-25%","2","14-Feb-2007","15-Feb-2007","-","-"
"JAGRAN","Jagran Prakashan Limited","EQ","Int Div-Rs.7.50 Per Sh","2","14-Feb-2007","16-Feb-2007","-","-"
"63MOONS","63 moons technologies limited","EQ","3rd Interim Dividend-40%","2","14-Feb-2007","16-Feb-2007","-","-"
"SUPRAJIT","Suprajit Engineering Limited","EQ","Interim Dividend-20%","1","19-Feb-2007","20-Feb-2007","-","-"
"VEDL","Vedanta Limited","EQ","Int Div-Rs.15/- Per Sharepurpose Revised","1","19-Feb-2007","20-Feb-2007","-","-"
"MTNL","Mahanagar Telephone Nigam Limited","EQ","Interim Dividend-30%","10","19-Feb-2007","20-Feb-2007","-","-"
"STCINDIA","The State Trading Corporation of India Limited","EQ","Interim Dividend-20%","10","19-Feb-2007","20-Feb-2007","-","-"
"MANUGRAPH","Manugraph India Limited","EQ","Interim Dividend-100%","2","20-Feb-2007","21-Feb-2007","-","-"
"LML","LML Limited","EQ","Agm","10","20-Feb-2007","-","22-Feb-2007","28-Feb-2007"
"AMBUJACEM","Ambuja Cements Limited","EQ","Final Dividend-40%","2","21-Feb-2007","-","23-Feb-2007","02-Mar-2007"
"MARICO","Marico Limited","EQ","Fv Split Rs.10/- To Re.1/","1","21-Feb-2007","28-Feb-2007","-","-"
"BERGEPAINT","Berger Paints (I) Limited","EQ","Interim Dividend-30%","1","22-Feb-2007","23-Feb-2007","-","-"
"TTL","T T Limited","EQ","Interim Dividend-10%","1","27-Feb-2007","28-Feb-2007","-","-"
"PVP","PVP Ventures Limited","EQ","Agm","10","27-Feb-2007","-","01-Mar-2007","07-Mar-2007"
"DREDGECORP","Dredging Corporation of India Limited","EQ","Interim Dividend-60%     Purpose Revised","10","28-Feb-2007","01-Mar-2007","-","-"
"DHAMPURSUG","Dhampur Sugar Mills Limited","EQ","Agm/Final Dividend-10%","10","07-Mar-2007","-","09-Mar-2007","15-Mar-2007"
"ORIENTBANK","Oriental Bank of Commerce","EQ","Interim Dividend-20%","10","07-Mar-2007","08-Mar-2007","-","-"
"AUTOIND","Autoline Industries Limited","EQ","Interim Dividend-25%","10","08-Mar-2007","09-Mar-2007","-","-"
"ALCHEMIST","Alchemist Limited","EQ","Bonus 1:1","1","08-Mar-2007","09-Mar-2007","-","-"
"GAIL","GAIL (India) Limited","EQ","Spl Interim Dividend-25% Purpose Revised","10","09-Mar-2007","12-Mar-2007","-","-"
"DWARKESH","Dwarikesh Sugar Industries Limited","EQ","Agm/Dividend - 60%","1","09-Mar-2007","-","13-Mar-2007","23-Mar-2007"
"MRF","MRF Limited","EQ","Agm/Final Dividend - 140%","10","09-Mar-2007","-","13-Mar-2007","22-Mar-2007"
"PFIZER","Pfizer Limited","EQ","Agm/Div-Rs.22.50 Per Sh  Purpose Revised","10","09-Mar-2007","-","13-Mar-2007","22-Mar-2007"
"MFSL","Max Financial Services Limited","EQ","Fv Split Rs.10/- To Rs.2/","2","12-Mar-2007","19-Mar-2007","-","-"
"DCHL","Deccan Chronicle Holdings Limited","EQ","Fv Split Rs.10/- To Rs.2/","2","13-Mar-2007","21-Mar-2007","-","-"
"GODREJCP","Godrej Consumer Products Limited","EQ","Annual Book Closure","1","14-Mar-2007","-","16-Mar-2007","16-Mar-2007"
"ACC","ACC Limited","EQ","Agm/Div-Rs.15/- Per Sh","10","14-Mar-2007","-","16-Mar-2007","28-Mar-2007"
"NIRMA","Nirma Limited","EQ","Sch-Fv Spl-Int Div-80%   Purpose Revised","5","14-Mar-2007","22-Mar-2007","-","-"
"ARIHANT","Arihant Foundations & Housing Limited","EQ","Agm/Final Dividend - 20%","10","14-Mar-2007","-","16-Mar-2007","23-Mar-2007"
"GLAXO","GlaxoSmithKline Pharmaceuticals Limited","EQ","Div Fin-170% + Spl-140%  Purpose Revised","10","14-Mar-2007","-","16-Mar-2007","30-Mar-2007"
"GUJRATGAS","Gujarat Gas Company Limited","EQ","Div-Rs.12.50 Per Share","2","14-Mar-2007","-","16-Mar-2007","20-Mar-2007"
"GOLDIAM","Goldiam International Limited","EQ","2nd Int Div-Re1.00 Per Shpurpose Revised","2","15-Mar-2007","17-Mar-2007","-","-"
"ESABINDIA","Esab India Limited","EQ","Interim Dividend-55%     Purpose Revised","10","15-Mar-2007","16-Mar-2007","-","-"
"ULTRACEMCO","UltraTech Cement Limited","EQ","Int Div-Rs.4/- Per Share Purpose Revised","10","15-Mar-2007","19-Mar-2007","-","-"
"VIDEOIND","Videocon Industries Limited","EQ","Agm/Div-Rs.3.50/- Per Sh","10","15-Mar-2007","-","17-Mar-2007","30-Mar-2007"
"NAVNETEDUL","Navneet Education Limited","EQ","2nd Interim Dividend-40% Purpose Revised","2","15-Mar-2007","16-Mar-2007","-","-"
"SUNPHARMA","Sun Pharmaceutical Industries Limited","EQ","Interim Dividend-135%    Purpose Revised","1","15-Mar-2007","16-Mar-2007","-","-"
"ALFALAVAL","Alfa Laval (India) Limited","EQ","Spl Int Div-150%","10","15-Mar-2007","16-Mar-2007","-","-"
"HCLTECH","HCL Technologies Limited","EQ","Bonus 1:1","2","15-Mar-2007","16-Mar-2007","-","-"
"BAJAJHIND","Bajaj Hindusthan Sugar Limited","EQ","Agm/Dividend-60%","1","15-Mar-2007","-","17-Mar-2007","30-Mar-2007"
"COLGATE","Colgate Palmolive India Limited","EQ","2nd Int Div-32.5%        Purpose Revised","10","15-Mar-2007","16-Mar-2007","-","-"
"GPIL","Godawari Power And Ispat limited","EQ","Interim Dividend-10%","1","15-Mar-2007","19-Mar-2007","-","-"
"VALUEIND","Value Industries Limited","EQ","Agm/Dividend-5%","10","15-Mar-2007","-","17-Mar-2007","30-Mar-2007"
"GRASIM","Grasim Industries Limited","EQ","Interim Dividend-275%    Purpose Revised","2","15-Mar-2007","19-Mar-2007","-","-"
"ZANDUREALT","Zandu Realty Limited","EQ","Int Div-Rs.75/- Per Sh   Purpose Revised","100","15-Mar-2007","17-Mar-2007","-","-"
"FDC","FDC Limited","EQ","Interim Dividend-100%    Purpose Revised","1","15-Mar-2007","19-Mar-2007","-","-"
"HINDALCO","Hindalco Industries Limited","EQ","Interim Dividend-170%    Purpose Revised","1","16-Mar-2007","20-Mar-2007","-","-"
"EICHERMOT","Eicher Motors Limited","EQ","Div Int-40% + Spl-250%   Purpose Revised","1","16-Mar-2007","20-Mar-2007","-","-"
"HIMATSEIDE","Himatsingka Seide Limited","EQ","2nd Interim Dividend-25% Purpose Revised","5","16-Mar-2007","20-Mar-2007","-","-"
"GRAPHITE","Graphite India Limited","EQ","Interim Dividend-100%    Purpose Revised","2","16-Mar-2007","20-Mar-2007","-","-"
"UNICHEMLAB","Unichem Laboratories Limited","EQ","Int Div-Rs.5/- Per Sh    Purpose Revised","2","16-Mar-2007","20-Mar-2007","-","-"
"INDIANCARD","Indian Card Clothing Company Limited","EQ","Interim Dividend-100%    Purpose Revised","10","16-Mar-2007","20-Mar-2007","-","-"
"DABUR","Dabur India Limited","EQ","Interim Dividend-75%     Purpose Revised","1","16-Mar-2007","20-Mar-2007","-","-"
"SUZLON","Suzlon Energy Limited","EQ","Int Div-Rs.5/- Per Sh    Purpose Revised","2","16-Mar-2007","20-Mar-2007","-","-"
"IMPAL","India Motor Parts and Accessories Limited","EQ","Interim Dividend-70%     Purpose Revised","10","20-Mar-2007","21-Mar-2007","-","-"
"KESORAMIND","Kesoram Industries Limited","EQ","Int Div-Rs.4/- Per Sh    Purpose Revised","10","20-Mar-2007","21-Mar-2007","-","-"
"AARTIDRUGS","Aarti Drugs Limited","EQ","1st Int Div-Rs1.20 Per Shpurpose Revised","10","20-Mar-2007","21-Mar-2007","-","-"
"SUNDRMBRAK","Sundaram Brake Linings Limited","EQ","2nd Interim Dividend-50% Purpose Revised","10","20-Mar-2007","21-Mar-2007","-","-"
"ANSALAPI","Ansal Properties & Infrastructure Limited","EQ","Interim Dividend-15%     Purpose Revised","5","20-Mar-2007","21-Mar-2007","-","-"
"PVRINOX","PVR INOX Limited","EQ","Interim Dividend-10%     Purpose Revised","10","20-Mar-2007","21-Mar-2007","-","-"
"ABREL","Aditya Birla Real Estate Limited","EQ","Interim Dividend-37.5%   Purpose Revised","10","20-Mar-2007","21-Mar-2007","-","-"
"KANSAINER","Kansai Nerolac Paints Limited","EQ","Interim Dividend-115%    Purpose Revised","1","20-Mar-2007","21-Mar-2007","-","-"
"THERMAX","Thermax Limited","EQ","Int Div-Rs.3.40 Per Sh   Purpose Revised","2","20-Mar-2007","21-Mar-2007","-","-"
"PRAJIND","Praj Industries Limited","EQ","Int Div-Rs.1.80/- Per Sh Purpose Revised","2","20-Mar-2007","21-Mar-2007","-","-"
"JSWSTEEL","JSW Steel Limited","EQ","Int Div-Rs.12.50 Per Sh  Purpose Revised","1","20-Mar-2007","21-Mar-2007","-","-"
"AARTIIND","Aarti Industries Limited","EQ","2nd Int Div-Re0.30 Per Shpurpose Revised","5","20-Mar-2007","21-Mar-2007","-","-"
"ASIANPAINT","Asian Paints Limited","EQ","2nd Int Div-Rs6.50 Per Shpurpose Revised","1","20-Mar-2007","21-Mar-2007","-","-"
"SUNDRMFAST","Sundram Fasteners Limited","EQ","2nd Int Div-Re0.45 Per Shpurpose Revised","1","20-Mar-2007","21-Mar-2007","-","-"
"BALAJITELE","Balaji Telefilms Limited","EQ","Int Div-Rs.3.50 Per Sh   Purpose Revised","2","20-Mar-2007","21-Mar-2007","-","-"
"CHEMFALKAL","Chemfab Alkalis Limited","EQ","Interim Dividend-100%    Purpose Revised","5","20-Mar-2007","21-Mar-2007","-","-"
"NUCHEM","Nuchem Limited","EQ","Agm","10","20-Mar-2007","-","22-Mar-2007","29-Mar-2007"
"KCP","KCP Limited","EQ","Interim Dividend-100%    Purpose Revised","1","20-Mar-2007","21-Mar-2007","-","-"
"ABIRLANUVO","Aditya Birla Nuvo Limited","EQ","Interim Dividend-55%     Purpose Revised","10","20-Mar-2007","21-Mar-2007","-","-"
"CRISIL","Crisil Limited","EQ","Agm/Div-Rs.15/- Per Sh","1","20-Mar-2007","-","22-Mar-2007","23-Mar-2007"
"SUNDARMFIN","Sundaram Finance Limited","EQ","Interim Dividend-85%     Purpose Revised","10","20-Mar-2007","21-Mar-2007","-","-"
"UTTAMSUGAR","Uttam Sugar Mills Limited","EQ","Agm","10","21-Mar-2007","-","23-Mar-2007","28-Mar-2007"
"BLUESTARCO","Blue Star Limited","EQ","Int Div-Rs.2.40 Per Sharepurpose Revised","2","21-Mar-2007","22-Mar-2007","-","-"
"SHREECEM","SHREE CEMENT LIMITED","EQ","Int Div-Rs.6/- Per Sh    Purpose Revised","10","21-Mar-2007","22-Mar-2007","-","-"
"ALLCARGO","Allcargo Logistics Limited","EQ","2nd Int Div-Rs.2/- Per Shpurpose Revised","2","21-Mar-2007","22-Mar-2007","-","-"
"MONSANTO","Monsanto India Limited","EQ","2nd Interim Dividend-100%Purpose Revised","10","21-Mar-2007","22-Mar-2007","-","-"
"GINNIFILA","Ginni Filaments Limited","EQ","Interim Dividend-5%      Purpose Revised","10","21-Mar-2007","22-Mar-2007","-","-"
"NUCLEUS","Nucleus Software Exports Limited","EQ","Int Div-Rs.3.50 Per Sh   Purpose Revised","10","21-Mar-2007","22-Mar-2007","-","-"
"PATELENG","Patel Engineering Limited","EQ","Interim Dividend-130%    Purpose Revised","1","21-Mar-2007","22-Mar-2007","-","-"
"TECHM","Tech Mahindra Limited","EQ","Interim Dividend-15%     Purpose Revised","5","21-Mar-2007","22-Mar-2007","-","-"
"BLUESTINFO","Blue Star Infotech Limited","EQ","Int Div-Rs.2/- Per Share Purpose Revised","10","21-Mar-2007","22-Mar-2007","-","-"
"RELIANCE","Reliance Industries Limited","EQ","Int Div-Rs.11/- Per Sh   Purpose Revised","10","21-Mar-2007","22-Mar-2007","-","-"
"RIIL","Reliance Industrial Infrastructure Limited","EQ","Int Div-Rs.3.50 Per Sh   Purpose Revised","10","21-Mar-2007","22-Mar-2007","-","-"
"PGHL","Procter & Gamble Health Limited","EQ","Agm/Div-Fin Rs20+Int Rs10purpose Revised","10","21-Mar-2007","-","23-Mar-2007","30-Mar-2007"
"UPL","UPL Limited","EQ","Interim Dividend-60%     Purpose Revised","2","21-Mar-2007","22-Mar-2007","-","-"
"GDL","Gateway Distriparks Limited","EQ","Div - Int 10% + Spl 10%  Purpose Revised","10","21-Mar-2007","22-Mar-2007","-","-"
"IPCL","Indian Petrochemicals Corporation Limited","EQ","Int Div-Rs.6/- Per Sh    Purpose Revised","10","21-Mar-2007","22-Mar-2007","-","-"
"SAGCEM","Sagar Cements Limited","EQ","2nd Interim Dividend-15% Purpose Revised","2","21-Mar-2007","22-Mar-2007","-","-"
"GREAVESCOT","Greaves Cotton Limited","EQ","3rd Interim Dividend-20% Purpose Revised","2","21-Mar-2007","22-Mar-2007","-","-"
"BALKRISIND","Balkrishna Industries Limited","EQ","2nd Int Div-Rs.7/- Per Shpurpose Revised","2","21-Mar-2007","22-Mar-2007","-","-"
"ASTRAZEN","AstraZeneca Pharma India Limited","EQ","Int Div-Rs.12/- Per Sharepurpose Revised","2","22-Mar-2007","24-Mar-2007","-","-"
"DALMIASUG","Dalmia Bharat Sugar and Industries Limited","EQ","Int Div-Rs.2/- Per Share Purpose Revised","2","22-Mar-2007","24-Mar-2007","-","-"
"LOKESHMACH","Lokesh Machines Limited","EQ","Interim Dividend-15%     Purpose Revised","10","22-Mar-2007","24-Mar-2007","-","-"
"SRF","SRF Limited","EQ","Interim Dividend-40%     Purpose Revised","10","22-Mar-2007","23-Mar-2007","-","-"
"UCOBANK","UCO Bank","EQ","Int Div-Re.1/- Per Share Purpose Revised","10","22-Mar-2007","23-Mar-2007","-","-"
"STERTOOLS","Sterling Tools Limited","EQ","Interim Dividend-30%     Purpose Revised","2","22-Mar-2007","24-Mar-2007","-","-"
"EMAMILTD","Emami Limited","EQ","Div - Int 100% + Spl 50% Purpose Revised","1","22-Mar-2007","23-Mar-2007","-","-"
"HITECHGEAR","The Hi-Tech Gears Limited","EQ","Interim Dividend-15%     Purpose Revised","10","22-Mar-2007","23-Mar-2007","-","-"
"BANCOINDIA","Banco Products (I) Limited","EQ","Int Div-Rs.7.50 Per Sh   Purpose Revised","2","22-Mar-2007","23-Mar-2007","-","-"
"ANDHRABANK","Andhra Bank","EQ","Interim Dividend-20%     Purpose Revised","10","22-Mar-2007","23-Mar-2007","-","-"
"JKTYRE","JK Tyre & Industries Limited","EQ","Agm/Dividend-25%","2","22-Mar-2007","-","26-Mar-2007","28-Mar-2007"
"RSWM","RSWM Limited","EQ","Interim Dividend-30%     Purpose Revised","10","22-Mar-2007","24-Mar-2007","-","-"
"CENTURYPLY","Century Plyboards (India) Limited","EQ","Interim Dividend-25%     Purpose Revised","1","22-Mar-2007","23-Mar-2007","-","-"
"BANKBARODA","Bank of Baroda","EQ","Interim Dividend-30%     Purpose Revised","2","22-Mar-2007","23-Mar-2007","-","-"
"OCL","OCL India Limited","EQ","Interim Dividend-100%    Purpose Revised","2","22-Mar-2007","24-Mar-2007","-","-"
"SANGHIPOLY","Sanghi Polyesters Limited","EQ","Agm","10","22-Mar-2007","-","24-Mar-2007","31-Mar-2007"
"WHEELS","Wheels India Limited","EQ","Interim Dividend-35%     Purpose Revised","10","22-Mar-2007","23-Mar-2007","-","-"
"VHL","Vardhman Holdings Limited","EQ","Interim Dividend-20%     Purpose Revised","10","22-Mar-2007","23-Mar-2007","-","-"
"GRINDWELL","Grindwell Norton Limited","EQ","Agm/Int Div-Rs3.50 Per Sh","5","22-Mar-2007","-","24-Mar-2007","26-Mar-2007"
"KLGSYSTEL","KLG Systel Limited","EQ","Interim Dividend-25%     Purpose Revised","10","22-Mar-2007","23-Mar-2007","-","-"
"RICOAUTO","Rico Auto Industries Limited","EQ","Interim Dividend-75%     Purpose Revised","1","22-Mar-2007","24-Mar-2007","-","-"
"MONNETISPA","Monnet Ispat and Energy Limited","EQ","2nd Interim Dividend-25% Purpose Revised","10","22-Mar-2007","23-Mar-2007","-","-"
"WOCKPHARMA","Wockhardt Limited","EQ","Interim Dividend-100%","5","22-Mar-2007","23-Mar-2007","-","-"
"BOSCHLTD","Bosch Limited","EQ","Int Div-Rs.12/- Per Sh   Purpose Revised","10","22-Mar-2007","23-Mar-2007","-","-"
"APOLLOHOSP","Apollo Hospitals Enterprise Limited","EQ","Interim Dividend-30%     Purpose Revised","5","22-Mar-2007","24-Mar-2007","-","-"
"ASAHIINDIA","Asahi India Glass Limited","EQ","Int Div-Re.0.65 Per Sharepurpose Revised","1","22-Mar-2007","24-Mar-2007","-","-"
"NATIONALUM","National Aluminium Company Limited","EQ","2nd Interim Dividend-15%","5","22-Mar-2007","24-Mar-2007","-","-"
"MAHSEAMLES","Maharashtra Seamless Limited","EQ","2nd Interim Dividend-50% Purpose Revised","5","22-Mar-2007","23-Mar-2007","-","-"
"TRANSWORLD","TRANSWORLD SHIPPING LINES LIMITED","EQ","Interim Dividend-22%     Purpose Revised","10","22-Mar-2007","23-Mar-2007","-","-"
"LMW","LMW Limited","EQ","2nd Interim Dividend-250%Purpose Revised","10","22-Mar-2007","23-Mar-2007","-","-"
"GFLLIMITED","GFL Limited","EQ","2nd Int Div-Rs.2/- Per Shpurpose Revised","1","22-Mar-2007","24-Mar-2007","-","-"
"UNITDSPR","United Spirits Limited","EQ","Interim Dividend-15%     Purpose Revised","2","22-Mar-2007","24-Mar-2007","-","-"
"SANOFI","Sanofi India Limited","EQ","Div Int-Rs12.50+Spl-Rs16 Purpose Revised","10","22-Mar-2007","24-Mar-2007","-","-"
"IIFL","IIFL Finance Limited","EQ","Interim Dividend-30%     Purpose Revised","2","22-Mar-2007","24-Mar-2007","-","-"
"ZODIACLOTH","Zodiac Clothing Company Limited","EQ","Int Div-Rs.5/- Per Share Purpose Revised","10","22-Mar-2007","24-Mar-2007","-","-"
"VTL","Vardhman Textiles Limited","EQ","Interim Dividend-40%     Purpose Revised","2","22-Mar-2007","23-Mar-2007","-","-"
"BILPOWER","Bilpower  Limited","EQ","Interim Dividend-10%     Purpose Revised","10","22-Mar-2007","23-Mar-2007","-","-"
"ADANIENT","Adani Enterprises Limited","EQ","Interim Dividend-45%     Purpose Revised","1","22-Mar-2007","23-Mar-2007","-","-"
"MICRO","Micro Inks Limited","EQ","Agm/Final Dividend-45%","10","22-Mar-2007","-","24-Mar-2007","27-Mar-2007"
"POLARIND","Polar Industries Limited","EQ","Agm","10","22-Mar-2007","-","26-Mar-2007","31-Mar-2007"
"TV-18","Television Eighteen India Limited","EQ","Interim Dividend-40%","5","22-Mar-2007","23-Mar-2007","-","-"
"PLETHICO","Plethico Pharmaceuticals Limited","EQ","Agm/Dividend-25%","10","23-Mar-2007","-","27-Mar-2007","30-Mar-2007"
"DIVISLAB","Divi's Laboratories Limited","EQ","Interim Dividend-100%    Purpose Revised","2","23-Mar-2007","26-Mar-2007","-","-"
"INDNIPPON","India Nippon Electricals Limited","EQ","2nd Int Div-30%          Rd Revised/Purpose Revised","5","23-Mar-2007","27-Mar-2007","-","-"
"ELECTCAST","Electrosteel Castings Limited","EQ","Interim Dividend-125%    Purpose Revised","1","23-Mar-2007","27-Mar-2007","-","-"
"MUKTAARTS","Mukta Arts Limited","EQ","Interim Dividend-40%     Purpose Revised","5","23-Mar-2007","27-Mar-2007","-","-"
"RANEHOLDIN","Rane Holdings Limited","EQ","2nd Int Div-Rs4.50 Per Shpurpose Revised","10","23-Mar-2007","27-Mar-2007","-","-"
"TANLA","Tanla Platforms Limited","EQ","Interim Dividend-100%    Purpose Revised","1","23-Mar-2007","26-Mar-2007","-","-"
"M&M","Mahindra & Mahindra Limited","EQ","Interim Dividend-75%     Purpose Revised","5","23-Mar-2007","26-Mar-2007","-","-"
"SUVEN","Suven Life Sciences Limited","EQ","Fv Spl-Rs2 To Re1/Bon-1:1","1","23-Mar-2007","02-Apr-2007","-","-"
"CGPOWER","CG Power and Industrial Solutions Limited","EQ","3rd Interim Dividend-25% Purpose Revised","2","23-Mar-2007","26-Mar-2007","-","-"
"ONIDA","Onida Electronics Limited","EQ","Interim Dividend-75%     Purpose Revised","1","23-Mar-2007","26-Mar-2007","-","-"
"PEL","Piramal Enterprises Limited","EQ","Interim Dividend-150%    Purpose Revised","2","23-Mar-2007","26-Mar-2007","-","-"
"TORNTPOWER","Torrent Power Limited","EQ","Interim Dividend-4%      Purpose Revised","10","23-Mar-2007","26-Mar-2007","-","-"
"APOLLOTYRE","Apollo Tyres Limited","EQ","Int Div-Rs.4.50 Per Share","1","23-Mar-2007","27-Mar-2007","-","-"
"TORNTPHARM","Torrent Pharmaceuticals Limited","EQ","Int Div-Rs.3/- Per Share Purpose Revised","5","23-Mar-2007","26-Mar-2007","-","-"
"GTOFFSHORE","GOL Offshore Limited","EQ","Int Div-Rs.8/- Per Share Purpose Revised","10","23-Mar-2007","26-Mar-2007","-","-"
"REVL","Rane Engine Valves Limited","EQ","Int Div-Rs.8/- Per Share Purpose Revised","10","23-Mar-2007","27-Mar-2007","-","-"
"OENCONNECT","FCI OEN Connectors Limited","EQ","Interim Dividend-50%","10","23-Mar-2007","26-Mar-2007","-","-"
"SUNDRMCLAY","Sundaram Clayton Limited","EQ","2nd Int Div-Rs.8/- Per Shpurpose Revised","10","23-Mar-2007","26-Mar-2007","-","-"
"RML","Rane (Madras) Limited","EQ","2nd Int Div-Rs.2/- Per Shpurpose Revised","10","23-Mar-2007","27-Mar-2007","-","-"
"VARDMNPOLY","Vardhman Polytex Limited","EQ","Interim Dividend-35%     Purpose Revised","1","23-Mar-2007","26-Mar-2007","-","-"
"SPIC","Southern Petrochemicals Industries Corporation  Limited","EQ","Agm","10","23-Mar-2007","-","27-Mar-2007","10-Apr-2007"
"NRBBEARING","NRB Bearing Limited","EQ","Fv Split Rs.10/- To Rs.2/","2","26-Mar-2007","04-Apr-2007","-","-"
"WIPRO","Wipro Limited","EQ","Int Div-Rs.5/- Per Share Purpose Revised","2","26-Mar-2007","28-Mar-2007","-","-"
"FCSSOFT","FCS Software Solutions Limited","EQ","Interim Dividend-10%     Purpose Revised","1","26-Mar-2007","28-Mar-2007","-","-"
"M&MFIN","Mahindra & Mahindra Financial Services Limited","EQ","Interim Dividend-20%     Purpose Revised","2","26-Mar-2007","28-Mar-2007","-","-"
"RANEBRAKE","Rane Brake Linings Limited","EQ","2nd Int Div-Rs.3/- Per Shpurpose Revised","10","26-Mar-2007","28-Mar-2007","-","-"
"LICHSGFIN","LIC Housing Finance Limited","EQ","Interim Dividend-50%","2","26-Mar-2007","28-Mar-2007","-","-"
"MAHINDUGIN","Mahindra Ugine Steel Company Limited","EQ","Interim Dividend-20%     Purpose Revised","10","26-Mar-2007","28-Mar-2007","-","-"
"NCC","NCC Limited","EQ","Interim Dividend-40%     Purpose Revised","2","26-Mar-2007","28-Mar-2007","-","-"
"SOTL","Savita Oil Technologies Limited","EQ","Interim Dividend-65%     Purpose Revised","2","26-Mar-2007","28-Mar-2007","-","-"
"LT","Larsen & Toubro Limited","EQ","Int Div-Rs.11/- Per Sh","2","28-Mar-2007","29-Mar-2007","-","-"
"EUROCERA","Euro Ceramics Limited","EQ","Int Div-Rs.1.20 Per Sh   Purpose Revised","10","28-Mar-2007","29-Mar-2007","-","-"
"ASHOKLEY","Ashok Leyland Limited","EQ","Interim Dividend-150%    Purpose Revised","1","28-Mar-2007","29-Mar-2007","-","-"
"GAMMONIND","Gammon India Limited","EQ","Interim Dividend-20%     Purpose Revised","2","28-Mar-2007","29-Mar-2007","-","-"
"GIPCL","Gujarat Industries Power Company Limited","EQ","Interim Dividend-15%","10","28-Mar-2007","29-Mar-2007","-","-"
"UNIVAFOODS","Univa Foods Limited","EQ","Agm","10","28-Mar-2007","-","30-Mar-2007","31-Mar-2007"
"DATAMATICS","Datamatics Global Services Limited","EQ","Interim Dividend-30%     Purpose Revised","5","28-Mar-2007","29-Mar-2007","-","-"
"PUNJLLOYD","Punj Lloyd Limited","EQ","Fv Split Rs.10/- To Rs.2/","2","29-Mar-2007","06-Apr-2007","-","-"
"FOSECOIND","Foseco India Limited","EQ","Agm/Dividend-60%","10","29-Mar-2007","-","03-Apr-2007","10-Apr-2007"
"JSL","Jindal Stainless Limited","EQ","Interim Dividend-80%     Purpose Revised","2","29-Mar-2007","31-Mar-2007","-","-"
"MARICO","Marico Limited","EQ","4th Int Div-Re0.20 Per Shpurpose Revised","1","29-Mar-2007","30-Mar-2007","-","-"
"SCHAEFFLER","Schaeffler India Limited","EQ","Dividend-Rs.4/- Per Share","2","29-Mar-2007","-","02-Apr-2007","05-Apr-2007"
"SBBJ","State Bank of Bikaner and Jaipur","EQ","Interim Dividend-50%     Purpose Revised","10","29-Mar-2007","-","06-Apr-2007","11-Apr-2007"
"HONAUT","Honeywell Automation India Limited","EQ","Agm/Div-Rs.10/- Per Sh","10","29-Mar-2007","-","03-Apr-2007","11-Apr-2007"
"MPSLTD","MPS Limited","EQ","2nd Interim Dividend-45% Purpose Revised","10","30-Mar-2007","03-Apr-2007","-","-"
"GABRIEL","Gabriel India Limited","EQ","2nd Interim Dividend-40% Purpose Revised","1","30-Mar-2007","03-Apr-2007","-","-"
"SCI","Shipping Corporation Of India Limited","EQ","Int Div-Rs.8.50 Per Sharepurpose Revised","10","03-Apr-2007","04-Apr-2007","-","-"
"SUDARCOLOR","Sudarshan Colorants India Limited","EQ","Agm/Div-Rs18/- Per Sh","10","03-Apr-2007","-","05-Apr-2007","19-Apr-2007"
"WARTSILA","Wartsila India Limited","EQ","Agm/Dividend-20%","10","04-Apr-2007","-","09-Apr-2007","16-Apr-2007"
"RANBAXY","Ranbaxy Laboratories Limited","EQ","2nd Int Div-Rs.6/- Per Shpurpose Revised","5","04-Apr-2007","05-Apr-2007","-","-"
"UFLEX","UFLEX Limited","EQ","Int Div-Rs.2/- Per Sh    Purpose Revised","10","04-Apr-2007","06-Apr-2007","-","-"
"POLARIS","POLARIS CONSULTING & SERVICES LIMITED","EQ","2nd Interim Dividend-25% Purpose Revised","5","04-Apr-2007","05-Apr-2007","-","-"
"VESUVIUS","Vesuvius India Limited","EQ","Agm/Dividend-35%","1","05-Apr-2007","-","10-Apr-2007","17-Apr-2007"
"BLUEDART","Blue Dart Express Limited","EQ","Agm/Dividend-10%","10","05-Apr-2007","-","10-Apr-2007","17-Apr-2007"
"SKFINDIA","SKF India Limited","EQ","Final Dividend-45%","10","05-Apr-2007","-","10-Apr-2007","26-Apr-2007"
"CORPBANK","Corporation Bank","EQ","Interim Dividend-40%","2","09-Apr-2007","10-Apr-2007","-","-"
"TIMKEN","Timken India Limited","EQ","Agm","10","11-Apr-2007","-","13-Apr-2007","27-Apr-2007"
"SEAMECLTD","Seamec Limited","EQ","Agm","10","11-Apr-2007","-","13-Apr-2007","18-Apr-2007"
"STYRENIX","Styrenix Performance Materials Limited","EQ","Agm/Div-Rs.3.00 Per Sh","10","12-Apr-2007","-","16-Apr-2007","20-Apr-2007"
"PASUPATI","Pasupati Fabrics Limited","EQ","Agm","10","12-Apr-2007","-","14-Apr-2007","16-Apr-2007"
"MANINDS","Man Industries (India) Limited","EQ","Scheme Of Demerger","5","13-Apr-2007","20-Apr-2007","-","-"
"GSKCONS","GlaxoSmithKline Consumer Healthcare Limited","EQ","Agm","10","16-Apr-2007","-","18-Apr-2007","26-Apr-2007"
"HEXAWARE","Hexaware Technologies Limited","EQ","Agm/Final Dividend-40%","2","18-Apr-2007","-","20-Apr-2007","24-Apr-2007"
"S&SPOWER","S&S Power Switchgears Limited","EQ","Agm","10","18-Apr-2007","-","20-Apr-2007","23-Apr-2007"
"HUHTAMAKI","Huhtamaki India Limited","EQ","Agm/Dividend-Rs9/- Per Sh","2","19-Apr-2007","-","21-Apr-2007","27-Apr-2007"
"ESABINDIA","Esab India Limited","EQ","Agm","10","19-Apr-2007","-","23-Apr-2007","27-Apr-2007"
"VEEDOL","Veedol Corporation Limited","EQ","Interim Dividend-100%","2","19-Apr-2007","20-Apr-2007","-","-"
"COREPARENT","Core Healthcare Limited","EQ","Scheme Of Arrangement","10","19-Apr-2007","26-Apr-2007","-","-"
"3MINDIA","3M India Limited","EQ","Agm","10","19-Apr-2007","-","21-Apr-2007","27-Apr-2007"
"HINDUNILVR","Hindustan Unilever Limited","EQ","Agm/Fin Div-Rs.3/- Per Sh","1","20-Apr-2007","-","24-Apr-2007","07-May-2007"
"CEMPRO","Cemindia Projects Limited","EQ","Agm","1","20-Apr-2007","-","24-Apr-2007","27-Apr-2007"
"RSYSTEMS","R Systems International Limited","EQ","Agm/Div-Rs.1.20/- Per Sh","1","20-Apr-2007","-","24-Apr-2007","01-May-2007"
"ANSALAPI","Ansal Properties & Infrastructure Limited","EQ","Bonus 1:1","5","23-Apr-2007","24-Apr-2007","-","-"
"HCLTECH","HCL Technologies Limited","EQ","3rd Int Div-Rs.2/- Per Shrd Revised/Purpose Revised","2","23-Apr-2007","24-Apr-2007","-","-"
"SUNPHARMA","Sun Pharmaceutical Industries Limited","EQ","Scheme Of Arrangement","1","23-Apr-2007","30-Apr-2007","-","-"
"OENCONNECT","FCI OEN Connectors Limited","EQ","Agm/Dividend-22.5%       Purpose Revised","10","24-Apr-2007","-","26-Apr-2007","28-Apr-2007"
"SBT","State Bank of Travancore","EQ","Dividend","10","24-Apr-2007","-","03-May-2007","09-May-2007"
"MIRZAINT","Mirza International Limited","EQ","Fv Split Rs.10/- To Rs.2/","2","24-Apr-2007","01-May-2007","-","-"
"KSB","Ksb Limited","EQ","Agm/Final Dividend-35%","2","24-Apr-2007","-","26-Apr-2007","11-May-2007"
"BOSCHCHASY","Bosch Chassis Systems India Limited","EQ","Agm/Div-Rs.5.50 Per Sh   Agm/Bc Dates Revised","10","25-Apr-2007","-","27-Apr-2007","07-May-2007"
"ASTRAZEN","AstraZeneca Pharma India Limited","EQ","Agm                      Bc Start Date/Purpose Revised","2","25-Apr-2007","-","27-Apr-2007","30-Apr-2007"
"63MOONS","63 moons technologies limited","EQ","4th Interim Dividend-180%Purpose Revised","2","26-Apr-2007","27-Apr-2007","-","-"
"CHEMFALKAL","Chemfab Alkalis Limited","EQ","Agm","5","26-Apr-2007","-","30-Apr-2007","04-May-2007"
"DCW","DCW Limited","EQ","Int Div-Re0.20 Per Sh    Purpose Revised","2","26-Apr-2007","28-Apr-2007","-","-"
"EPL","EPL Limited","EQ","Agm","2","27-Apr-2007","-","03-May-2007","04-May-2007"
"HCL-INSYS","HCL Infosystems Limited","EQ","3rd Int Div-Rs.2/- Per Shpurpose Revised","2","30-Apr-2007","03-May-2007","-","-"
"GODREJCP","Godrej Consumer Products Limited","EQ","4th Int Div-Rs1.25 Per Shpurpose Revised","1","03-May-2007","04-May-2007","-","-"
"STERLINBIO","Sterling Biotech Limited","EQ","Agm/Div-Re.0.50 Per Share","1","03-May-2007","-","07-May-2007","12-May-2007"
"PRITHVI","Prithvi Information Solutions Limited","EQ","Interim Dividend - 20%","10","03-May-2007","05-May-2007","-","-"
"GMBREW","GM Breweries Limited","EQ","Agm/Final Dividend - 18%","10","03-May-2007","-","05-May-2007","08-May-2007"
"HELIOSMATH","Helios And Matheson Information Technology Limited","EQ","Spl. Int. Div.-20%       Purpose Revised","10","04-May-2007","07-May-2007","-","-"
"IOB","Indian Overseas Bank","EQ","Agm/Dividend-30%","10","07-May-2007","-","09-May-2007","15-May-2007"
"SBBJ","State Bank of Bikaner and Jaipur","EQ","Dividend - 50%           Purpose Revised","10","07-May-2007","-","14-May-2007","21-May-2007"
"TRENT","Trent Limited","EQ","Int.Div70%/Rght1:5@Rs.500purpose Revised","1","08-May-2007","15-May-2007","-","-"
"RALLIS","Rallis India Limited","EQ","Agm/Dividend-80%","1","09-May-2007","-","11-May-2007","25-May-2007"
"FOSECOIND","Foseco India Limited","EQ","1st Int Div-Rs.2/- Per Shpurpose Revised","10","10-May-2007","11-May-2007","-","-"
"WOCKPHARMA","Wockhardt Limited","EQ","Agm","5","10-May-2007","-","14-May-2007","18-May-2007"
"GANESHHOU","GANESH HOUSING LIMITED","EQ","Interim Dividend - 27%   Purpose Revised","10","10-May-2007","11-May-2007","-","-"
"DICIND","DIC India Limited","EQ","Agm/Fin Div-Rs3.50 Per Sh","10","14-May-2007","-","16-May-2007","29-May-2007"
"DENORA","De Nora India Limited","EQ","Div-Rs.6.90/- Per Share","10","14-May-2007","-","16-May-2007","18-May-2007"
"THOMASCOOK","Thomas Cook  (India)  Limited","EQ","Fv Split Rs.10/- To Re.1/","1","14-May-2007","21-May-2007","-","-"
"BOSCHLTD","Bosch Limited","EQ","Agm/Fin Div-Rs.4/- Per Sh","10","14-May-2007","-","16-May-2007","31-May-2007"
"ABB","ABB India Limited","EQ","Agm/Div-Rs.10/- Per Sh","2","14-May-2007","-","16-May-2007","25-May-2007"
"GUJRATGAS","Gujarat Gas Company Limited","EQ","Fv Split Rs.10/- To Rs.2/","2","15-May-2007","22-May-2007","-","-"
"JSWSTEEL","JSW Steel Limited","EQ","Annual General Meeting","1","16-May-2007","-","18-May-2007","22-May-2007"
"AXISBANK","Axis Bank Limited","EQ","Agm/Dividend-45%","2","17-May-2007","-","21-May-2007","01-Jun-2007"
"HDFCBANK","HDFC Bank Limited","EQ","Agm/Div-Rs.7/- Per Sh","1","17-May-2007","-","19-May-2007","12-Jun-2007"
"21STCENMGM","21st Century Management Services Limited","EQ","Interim Dividend - 12%","10","17-May-2007","18-May-2007","-","-"
"ZUARIIND","ZUARI INDUSTRIES LIMITED","EQ","Dividend-25%             Purpose Revised","10","22-May-2007","-","24-May-2007","31-May-2007"
"RANBAXY","Ranbaxy Laboratories Limited","EQ","Agm","5","23-May-2007","-","25-May-2007","31-May-2007"
"RPGTLTD","RPG Transmission Limited","EQ","Annual General Meeting","10","24-May-2007","-","28-May-2007","01-Jun-2007"
"VISAKAIND","Visaka Industries Limited","EQ","Agm/Dividend - 30%       Rd Changed To Bc/Purpose Revised","2","25-May-2007","-","29-May-2007","29-May-2007"
"HUHTAMAKI","Huhtamaki India Limited","EQ","Fv Split Rs.10/- To Rs.2/","2","25-May-2007","01-Jun-2007","-","-"
"MPSLTD","MPS Limited","EQ","Annual General Meeting","10","25-May-2007","-","29-May-2007","31-May-2007"
"HCC","Hindustan Construction Company Limited","EQ","Agm/Div-Re.0.75 Per Sh","1","25-May-2007","-","29-May-2007","08-Jun-2007"
"SBIHOMEFIN","SBI Home Finance Limited","EQ","Annual General Meeting","10","28-May-2007","-","30-May-2007","06-Jun-2007"
"SMZSCHEM","SMZS Chemicals Limited","EQ","Annual General Meeting","10","28-May-2007","-","30-May-2007","04-Jun-2007"
"INGVYSYABK","ING Vysya Bank Limited","EQ","Agm/Dividend - 6.5%","10","28-May-2007","-","30-May-2007","28-Jun-2007"
"APTECHT","Aptech Limited","EQ","Annual Book Closure","10","29-May-2007","-","31-May-2007","08-Jun-2007"
"HEIDELBERG","HeidelbergCement India Limited","EQ","Agm","10","30-May-2007","-","01-Jun-2007","14-Jun-2007"
"CANFINHOME","Can Fin Homes Limited","EQ","Dividend - 25%","2","30-May-2007","-","01-Jun-2007","06-Jun-2007"
"RAYMOND","Raymond Limited","EQ","Agm/Dividend-50%","10","30-May-2007","-","01-Jun-2007","18-Jun-2007"
"MAHABANK","Bank of Maharashtra","EQ","Agm/Dividend - 20%","10","30-May-2007","-","01-Jun-2007","07-Jun-2007"
"PETRONET","Petronet LNG Limited","EQ","Agm/Dividend-12.5%","10","30-May-2007","-","01-Jun-2007","14-Jun-2007"
"GRUH","Gruh Finance Limited","EQ","Agm/Dividend-30%","2","30-May-2007","-","01-Jun-2007","07-Jun-2007"
"GTLINFRA","GTL Infrastructure Limited","EQ","Agm","10","30-May-2007","-","01-Jun-2007","01-Jun-2007"
"RELCAPITAL","Reliance Capital Limited","EQ","Agm/Div-Rs.3.50 Per Sh","10","30-May-2007","-","01-Jun-2007","15-Jun-2007"
"KLGSYSTEL","KLG Systel Limited","EQ","Annual General Meeting","10","31-May-2007","-","04-Jun-2007","07-Jun-2007"
"J&KBANK","The Jammu & Kashmir Bank Limited","EQ","Agm/Dividend - 115%","1","31-May-2007","-","02-Jun-2007","09-Jun-2007"
"PEL","Piramal Enterprises Limited","EQ","Agm/Final Dividend-25%","2","31-May-2007","-","04-Jun-2007","14-Jun-2007"
"BHEL","Bharat Heavy Electricals Limited","EQ","Bonus 1:1","2","31-May-2007","01-Jun-2007","-","-"
"SANOFI","Sanofi India Limited","EQ","Agm","10","01-Jun-2007","-","05-Jun-2007","15-Jun-2007"
"TATASTLLP","Tata Steel Long Products Limited","EQ","Agm/Div- 40%","10","01-Jun-2007","-","05-Jun-2007","12-Jun-2007"
"TMPV","Tata Motors Passenger Vehicles Limited","EQ","Agm/Dividend-150%","2","01-Jun-2007","-","05-Jun-2007","12-Jun-2007"
"SALORAINTL","Salora International Limited","EQ","Agm/Dividend - 45%","10","04-Jun-2007","-","06-Jun-2007","12-Jun-2007"
"SONATSOFTW","Sonata Software Limited","EQ","Agm/Dividend - 60%","1","04-Jun-2007","-","06-Jun-2007","20-Jun-2007"
"NIPPOBATRY","Indo-National Limited","EQ","Agm/Dividend - 125%","5","04-Jun-2007","-","06-Jun-2007","14-Jun-2007"
"INSPIRISYS","Inspirisys Solutions Limited","EQ","Interim Dividend-15%","10","05-Jun-2007","06-Jun-2007","-","-"
"BOSCHCHASY","Bosch Chassis Systems India Limited","EQ","Bonus - 1:1","10","06-Jun-2007","07-Jun-2007","-","-"
"COREEDUTEC","CORE Education & Technologies Limited","EQ","Agm/Div-5%/Spl-Rs10tors2 Purpose Revised","2","06-Jun-2007","-","13-Jun-2007","14-Jun-2007"
"INFY","Infosys Limited","EQ","Agm/Fin Div-Rs6.50 Per Sh","5","06-Jun-2007","-","08-Jun-2007","22-Jun-2007"
"ORIENTBANK","Oriental Bank of Commerce","EQ","Agm/Dividend-27%","10","06-Jun-2007","-","08-Jun-2007","14-Jun-2007"
"UCOBANK","UCO Bank","EQ","Annual General  Meeting","10","07-Jun-2007","-","11-Jun-2007","19-Jun-2007"
"PNB","Punjab National Bank","EQ","Agm/Fin Div-Rs.6/- Per Sh","2","07-Jun-2007","-","09-Jun-2007","16-Jun-2007"
"ALBK","Allahabad Bank","EQ","Agm/Dividend - 30%","10","07-Jun-2007","-","09-Jun-2007","20-Jun-2007"
"PREMIER","Premier Limited","EQ","Agm/Dividend-20%","10","08-Jun-2007","-","12-Jun-2007","22-Jun-2007"
"ORIENTPPR","Orient Paper & Industries Limited","EQ","Div-60% / Rights-Eq 3:10 Purpose Revised","1","08-Jun-2007","15-Jun-2007","-","-"
"TATASTEEL","Tata Steel Limited","EQ","Agm/Div Fin-130%+Spl-25%","1","08-Jun-2007","-","12-Jun-2007","22-Jun-2007"
"BATAINDIA","Bata India Limited","EQ","Agm","5","08-Jun-2007","-","12-Jun-2007","27-Jun-2007"
"PRATIBHA","Pratibha Industries Limited","EQ","Agm/Dividend - 20%","2","11-Jun-2007","-","13-Jun-2007","20-Jun-2007"
"MOSERBAER","Moser-Baer (I) Limited","EQ","Final Dividend - 15%","10","11-Jun-2007","-","13-Jun-2007","15-Jun-2007"
"FMGOETZE","Federal-Mogul Goetze (India) Limited.","EQ","Agm","10","11-Jun-2007","-","13-Jun-2007","27-Jun-2007"
"GTL","GTL Limited","EQ","Agm/Div -Rs.2.50/- Per Sh","10","11-Jun-2007","-","13-Jun-2007","20-Jun-2007"
"SUNDRMBRAK","Sundaram Brake Linings Limited","EQ","3rd Interim Dividend-30% Purpose Revised","10","12-Jun-2007","13-Jun-2007","-","-"
"HDFC","Housing Development Finance Corporation Limited","EQ","Agm/Div - Rs. 22 Per Sh","2","12-Jun-2007","-","14-Jun-2007","27-Jun-2007"
"IIFL","IIFL Finance Limited","EQ","Agm","2","12-Jun-2007","-","14-Jun-2007","20-Jun-2007"
"CHEMPLAST","Chemplast Sanmar Limited","EQ","Agm","1","12-Jun-2007","-","14-Jun-2007","22-Jun-2007"
"UMIYA-MRO","UMIYA BUILDCON LIMITED","EQ","Agm/Final Dividend-20%   Purpose Revised","5","12-Jun-2007","-","14-Jun-2007","27-Jun-2007"
"STAR","Strides Pharma Science Limited","EQ","Agm/Dividend-20%","10","12-Jun-2007","-","14-Jun-2007","20-Jun-2007"
"SYNDIBANK","Syndicate Bank","EQ","Agm/Final Dividend-13%","10","12-Jun-2007","-","14-Jun-2007","21-Jun-2007"
"PATNI","Patni Computer Systems Limited","EQ","Agm/Final Dividend-150%","2","12-Jun-2007","-","14-Jun-2007","21-Jun-2007"
"SINTEX","Sintex Industries Limited","EQ","Agm/Dividend - 48%","1","13-Jun-2007","-","15-Jun-2007","29-Jun-2007"
"CENTENKA","Century Enka Limited","EQ","Agm/Dividend - 60%","10","13-Jun-2007","-","15-Jun-2007","22-Jun-2007"
"IDFC","IDFC Limited","EQ","Agm/Div-Re.1/- Per Sh","10","13-Jun-2007","-","15-Jun-2007","28-Jun-2007"
"SBIN","State Bank of India","EQ","Dividend-Rs.14/- Per Sh  Purpose Revised","1","13-Jun-2007","-","15-Jun-2007","25-Jun-2007"
"FINPIPE","Finolex Industries Limited","EQ","Agm/Dividend-30%","2","13-Jun-2007","-","15-Jun-2007","22-Jun-2007"
"ASIANPAINT","Asian Paints Limited","EQ","Agm/Dividend - 10%","1","13-Jun-2007","-","15-Jun-2007","26-Jun-2007"
"NAVINFLUOR","Navin Fluorine International Limited","EQ","Agm/Dividend-40%","2","14-Jun-2007","-","18-Jun-2007","21-Jun-2007"
"TATAMETALI","Tata Metaliks Limited","EQ","Agm/Dividend-60%         Bc End Date Revised","10","14-Jun-2007","-","16-Jun-2007","13-Jul-2007"
"UNIONBANK","Union Bank of India","EQ","Agm/Final Dividend-20%","10","14-Jun-2007","-","16-Jun-2007","22-Jun-2007"
"BBL","Bharat Bijlee Limited","EQ","Agm/Dividend-250%","5","14-Jun-2007","-","18-Jun-2007","26-Jun-2007"
"ICICIBANK","ICICI Bank Limited","EQ","Agm/Dividend -100%","2","14-Jun-2007","-","16-Jun-2007","14-Jul-2007"
"SASKEN","Sasken Technologies Limited","EQ","Agm/Div -Rs. 4/- Per Sh","10","14-Jun-2007","-","18-Jun-2007","23-Jun-2007"
"JSWHL","JSW Holdings Limited","EQ","Agm","10","14-Jun-2007","-","16-Jun-2007","23-Jun-2007"
"DENABANK","Dena Bank","EQ","Agm/Dividend-8%","10","14-Jun-2007","-","16-Jun-2007","29-Jun-2007"
"CMC","CMC Limited","EQ","Agm/Dividend-80%","10","14-Jun-2007","-","18-Jun-2007","22-Jun-2007"
"DALMIASUG","Dalmia Bharat Sugar and Industries Limited","EQ","Dividend- 50%","2","14-Jun-2007","-","16-Jun-2007","26-Jun-2007"
"IDBI","IDBI Bank Limited","EQ","Dividend-Rs.1.50 Per Sh","10","14-Jun-2007","-","18-Jun-2007","22-Jun-2007"
"TRIVENI","Triveni Engineering & Industries Limited","EQ","2nd Interim Dividend-15%","1","14-Jun-2007","15-Jun-2007","-","-"
"FINCABLES","Finolex Cables Limited","EQ","Agm/Dividend - 70%","2","14-Jun-2007","-","16-Jun-2007","29-Jun-2007"
"DYNAMATECH","Dynamatic Technologies Limited","EQ","Interim Dividend-20%     Purpose Revised","10","14-Jun-2007","15-Jun-2007","-","-"
"INDIANB","Indian Bank","EQ","Agm/Div Fin-20% + Spl-10%","10","15-Jun-2007","-","19-Jun-2007","27-Jun-2007"
"KSOILS","K S Oils Limited","EQ","Agm/Dividend-15%","1","15-Jun-2007","-","19-Jun-2007","23-Jun-2007"
"TCS","Tata Consultancy Services Limited","EQ","Agm/Fin Div-Rs.4/- Per Sh","1","15-Jun-2007","-","19-Jun-2007","29-Jun-2007"
"HGM","HandsOn Global Management (HGM) Limited","EQ","Agm","10","15-Jun-2007","-","19-Jun-2007","22-Jun-2007"
"CORPBANK","Corporation Bank","EQ","Agm/Final Dividend-50%","2","15-Jun-2007","-","19-Jun-2007","27-Jun-2007"
"TORNTPHARM","Torrent Pharmaceuticals Limited","EQ","Agm","5","15-Jun-2007","-","19-Jun-2007","21-Jun-2007"
"ETCNET","ETC Networks Limited","EQ","Agm/Div-Re.1/- Per Sh","10","15-Jun-2007","-","19-Jun-2007","22-Jun-2007"
"KESORAMIND","Kesoram Industries Limited","EQ","Agm","10","15-Jun-2007","-","19-Jun-2007","29-Jun-2007"
"TORNTPOWER","Torrent Power Limited","EQ","Agm","10","15-Jun-2007","-","19-Jun-2007","21-Jun-2007"
"VIJAYABANK","Vijaya Bank","EQ","Agm/Dividend - 10%","10","18-Jun-2007","-","20-Jun-2007","27-Jun-2007"
"MALCO","The Madras Aluminium Company Limited","EQ","Agm","2","18-Jun-2007","-","20-Jun-2007","28-Jun-2007"
"LTFOODS","LT Foods Limited","EQ","Agm/Fin Div-Re.1/- Per Sh","1","18-Jun-2007","-","20-Jun-2007","22-Jun-2007"
"ANDHRABANK","Andhra Bank","EQ","Agm/Final Dividend-18%","10","19-Jun-2007","-","21-Jun-2007","28-Jun-2007"
"JAYSREETEA","Jayshree Tea & Industries Limited","EQ","Agm/Dividend-25%","5","19-Jun-2007","-","21-Jun-2007","28-Jun-2007"
"JYOTISTRUC","Jyoti Structures Limited","EQ","Agm/Dividend-30%","2","19-Jun-2007","-","21-Jun-2007","28-Jun-2007"
"GEOMETRIC","Geometric Limited","EQ","Agm/Div-Rs.0.80 Per Sh","2","20-Jun-2007","-","22-Jun-2007","29-Jun-2007"
"EICHERMOT","Eicher Motors Limited","EQ","Annual General Meeting","1","20-Jun-2007","-","22-Jun-2007","29-Jun-2007"
"PEACOCKIND","Peacock Industries Limited","EQ","Agm","10","20-Jun-2007","-","22-Jun-2007","29-Jun-2007"
"THOMASCOOK","Thomas Cook  (India)  Limited","EQ","Agm/Dividend-50%         Bc Start Date Revised","1","20-Jun-2007","-","22-Jun-2007","25-Jun-2007"
"HAVELLS","Havells India Limited","EQ","Agm/Dividend-50%","1","20-Jun-2007","-","22-Jun-2007","29-Jun-2007"
"ALLCARGO","Allcargo Logistics Limited","EQ","Agm","2","20-Jun-2007","-","22-Jun-2007","29-Jun-2007"
"RCF","Rashtriya Chemicals and Fertilizers Limited","EQ","Dividend-10%","10","21-Jun-2007","-","25-Jun-2007","06-Jul-2007"
"ASHIMASYN","Ashima Limited","EQ","Agm","10","21-Jun-2007","-","23-Jun-2007","29-Jun-2007"
"SOUTHBANK","The South Indian Bank Limited","EQ","Agm/Dividend-25%","1","21-Jun-2007","-","23-Jun-2007","29-Jun-2007"
"BANKBARODA","Bank of Baroda","EQ","Agm/Dividend-30%","2","21-Jun-2007","-","23-Jun-2007","04-Jul-2007"
"NEPCMICON","NEPC India Limited","EQ","Annual General Meeting","10","21-Jun-2007","-","25-Jun-2007","29-Jun-2007"
"ASSAMCO","Assam Company India Limited","EQ","Agm/Dividend-10%         Purpose Revised","1","22-Jun-2007","-","26-Jun-2007","30-Jun-2007"
"BINANICEM","Binani Cement Limited","EQ","Agm/Dividend-20%","10","22-Jun-2007","-","26-Jun-2007","02-Jul-2007"
"MARICO","Marico Limited","EQ","Agm","1","22-Jun-2007","-","26-Jun-2007","29-Jun-2007"
"KTKBANK","The Karnataka Bank Limited","EQ","Agm/Dividend-35%","10","22-Jun-2007","-","26-Jun-2007","30-Jun-2007"
"KOTAKBANK","Kotak Mahindra Bank Limited","EQ","Agm/Dividend-7%","1","22-Jun-2007","-","26-Jun-2007","05-Jul-2007"
"SAMBHAAV","Sambhaav Media Limited","EQ","Agm","1","25-Jun-2007","-","27-Jun-2007","30-Jun-2007"
"GEOJITFSL","Geojit Financial Services Limited","EQ","Agm","1","25-Jun-2007","-","27-Jun-2007","29-Jun-2007"
"BILVYAPAR","BIL VYAPAR LIMITED","EQ","Agm/Dividend-25%","10","25-Jun-2007","-","27-Jun-2007","02-Jul-2007"
"SURANAIND","Surana Industries Limited","EQ","Agm/Dividend-12%","10","26-Jun-2007","-","28-Jun-2007","30-Jun-2007"
"ADVANTA","Advanta Limited","EQ","Agm/Dividend-10%","2","26-Jun-2007","-","28-Jun-2007","28-Jun-2007"
"CANBK","Canara Bank","EQ","Agm/Div-70%/Elec. Of Dir","2","26-Jun-2007","-","28-Jun-2007","03-Jul-2007"
"KANSAINER","Kansai Nerolac Paints Limited","EQ","Agm","1","27-Jun-2007","-","29-Jun-2007","29-Jun-2007"
"RELINFRA","Reliance Infrastructure Limited","EQ","Agm/Div-Rs.5.30 Per Sh","10","28-Jun-2007","-","30-Jun-2007","10-Jul-2007"
"DEEPAKFERT","Deepak Fertilizers and Petrochemicals Corporation Limited","EQ","Agm/Dividend-30%","10","28-Jun-2007","-","02-Jul-2007","16-Jul-2007"
"BAJAJHLDNG","Bajaj Holdings & Investment Limited","EQ","Agm/Div-Rs.40/- Per Sh","10","28-Jun-2007","-","01-Jul-2007","12-Jul-2007"
"MUKANDLTD","Mukand Limited","EQ","Agm/Div-Re.1/- Per Sh","10","28-Jun-2007","-","02-Jul-2007","14-Jul-2007"
"LICHSGFIN","LIC Housing Finance Limited","EQ","Agm/Dividend-30%","2","28-Jun-2007","-","03-Jul-2007","17-Jul-2007"
"TIRUMALCHM","Thirumalai Chemicals Limited","EQ","Agm/Div-Rs.9/- Per Sh","1","28-Jun-2007","-","03-Jul-2007","16-Jul-2007"
"SHREYANIND","Shreyans Industries Limited","EQ","Agm","10","28-Jun-2007","-","03-Jul-2007","04-Jul-2007"
"GRASIM","Grasim Industries Limited","EQ","Agm","2","28-Jun-2007","-","02-Jul-2007","07-Jul-2007"
"WIPRO","Wipro Limited","EQ","Agm/Fin Div-Re.1/- Per Sh","2","28-Jun-2007","-","30-Jun-2007","18-Jul-2007"
"BSOFT","BIRLASOFT LIMITED","EQ","Agm/Dividend-35%","2","28-Jun-2007","-","30-Jun-2007","06-Jul-2007"
"JTEKTINDIA","Jtekt India Limited","EQ","Agm/Dividend - 35%","1","28-Jun-2007","-","03-Jul-2007","18-Jul-2007"
"ASTRAL","Astral Limited","EQ","Agm","1","28-Jun-2007","-","30-Jun-2007","09-Jul-2007"
"RNRL","Reliance Natural Resources Limited","EQ","Agm","5","28-Jun-2007","-","30-Jun-2007","10-Jul-2007"
"GTOFFSHORE","GOL Offshore Limited","EQ","Annual General Meeting","10","28-Jun-2007","-","02-Jul-2007","09-Jul-2007"
"EKC","Everest Kanto Cylinder Limited","EQ","Agm/Dividend-50%","2","28-Jun-2007","-","30-Jun-2007","03-Jul-2007"
"SHANTIGEAR","Shanthi Gears Limited","EQ","Agm/Div-Re.1/- Per Share Bc Start Date Revised","1","28-Jun-2007","-","30-Jun-2007","16-Jul-2007"
"BAJFINANCE","Bajaj Finance Limited","EQ","Agm/Dividend-30%","1","28-Jun-2007","-","01-Jul-2007","11-Jul-2007"
"GODAVRFERT","Godavari Fertilisers And Chemicals Limited","EQ","Dividend-40%","10","28-Jun-2007","-","01-Jul-2007","20-Jul-2007"
"IGS","iGate Global Solutions Limited","EQ","Agm/Dividend-60%","4","28-Jun-2007","-","30-Jun-2007","11-Jul-2007"
"MAHSCOOTER","Maharashtra Scooters Limited","EQ","Agm/Dividend-30%","10","28-Jun-2007","-","01-Jul-2007","11-Jul-2007"
"DABUR","Dabur India Limited","EQ","Agm","1","28-Jun-2007","-","02-Jul-2007","13-Jul-2007"
"ABB","ABB India Limited","EQ","Fv Split Rs.10/- To Rs.2/","2","28-Jun-2007","06-Jul-2007","-","-"
"M&MFIN","Mahindra & Mahindra Financial Services Limited","EQ","Agm/Final Dividend-20%","2","28-Jun-2007","-","30-Jun-2007","23-Jul-2007"
"NUCLEUS","Nucleus Software Exports Limited","EQ","Agm","10","28-Jun-2007","-","30-Jun-2007","06-Jul-2007"
"BIOCON","Biocon Limited","EQ","Agm/Dividend - 60%","5","28-Jun-2007","-","02-Jul-2007","19-Jul-2007"
"RIIL","Reliance Industrial Infrastructure Limited","EQ","Agm","10","29-Jun-2007","-","04-Jul-2007","11-Jul-2007"
"JSWDULUX","JSW Dulux Limited","EQ","Agm/Div-Rs.27/- Per Sh","10","29-Jun-2007","-","04-Jul-2007","19-Jul-2007"
"SRF","SRF Limited","EQ","Agm/Dividend - 20%","10","29-Jun-2007","-","04-Jul-2007","12-Jul-2007"
"BANKINDIA","Bank of India","EQ","Agm/Dividend-15%","10","29-Jun-2007","-","04-Jul-2007","10-Jul-2007"
"SAKSOFT","Saksoft Limited","EQ","Agm/Dividend-20%","1","03-Jul-2007","-","05-Jul-2007","11-Jul-2007"
"EIMCOELECO","Eimco Elecon (India) Limited","EQ","Agm/Dividend-35%","10","03-Jul-2007","-","05-Jul-2007","16-Jul-2007"
"BOMDYEING","Bombay Dyeing & Mfg Company Limited","EQ","Agm/Div-Rs.5/- Per Sh","2","03-Jul-2007","-","05-Jul-2007","25-Jul-2007"
"EIDPARRY","EID Parry India Limited","EQ","Agm/Dividend-70%","1","03-Jul-2007","-","05-Jul-2007","26-Jul-2007"
"SAKUMA","Sakuma Exports Limited","EQ","Agm/Dividend-5%","1","03-Jul-2007","-","05-Jul-2007","09-Jul-2007"
"BIRLACORPN","Birla Corporation Limited","EQ","Agm/Div-Rs.3.50/- Per Sh","10","03-Jul-2007","-","05-Jul-2007","17-Jul-2007"
"INGERRAND","Ingersoll Rand (India) Limited","EQ","Fin Div-Rs.3/- Per Sh","10","04-Jul-2007","-","06-Jul-2007","13-Jul-2007"
"BHARTIARTL","Bharti Airtel Limited","EQ","Agm","5","04-Jul-2007","-","06-Jul-2007","19-Jul-2007"
"GREENPLY","Greenply Industries Limited","EQ","Agm/Final Dividend-30%","1","05-Jul-2007","-","09-Jul-2007","11-Jul-2007"
"KIRLOSOIL","Kirloskar Oil Engines Limited","EQ","Agm/Final Dividend-100%","2","05-Jul-2007","-","07-Jul-2007","19-Jul-2007"
"JKLAKSHMI","JK Lakshmi Cement Limited","EQ","Agm/Dividend - 10%","5","05-Jul-2007","-","09-Jul-2007","12-Jul-2007"
"MANGLMCEM","Mangalam Cement Limited","EQ","Agm/Div-Rs.2/- Per Sh","10","05-Jul-2007","-","07-Jul-2007","14-Jul-2007"
"3IINFOTECH","3i Infotech Limited","EQ","Agm/Dividend-Rs.2 Per Sh","10","05-Jul-2007","-","07-Jul-2007","25-Jul-2007"
"RCOM","Reliance Communications Limited","EQ","Agm/Dividend-10%","5","05-Jul-2007","-","07-Jul-2007","17-Jul-2007"
"RPL","Reliance Petroleum Limited","EQ","Agm","10","05-Jul-2007","-","09-Jul-2007","16-Jul-2007"
"KBL","Kirloskar Brothers Limited","EQ","Final Dividend-100%","2","05-Jul-2007","-","07-Jul-2007","20-Jul-2007"
"TATAINVEST","Tata Investment Corporation Limited","EQ","Agm/Div Fin-130% +Spl-20%","1","05-Jul-2007","-","07-Jul-2007","20-Jul-2007"
"M&M","Mahindra & Mahindra Limited","EQ","Agm/Div Fin-25% + Spl-15%Purpose Revised","5","05-Jul-2007","-","07-Jul-2007","30-Jul-2007"
"TINPLATE","The Tinplate Company of India Limited","EQ","Annual General Meeting","10","06-Jul-2007","-","10-Jul-2007","20-Jul-2007"
"NDTV","New Delhi Television Limited","EQ","Dividend - 20%","4","06-Jul-2007","-","10-Jul-2007","17-Jul-2007"
"VOLTAS","Voltas Limited","EQ","Agm/Dividend-100%","1","06-Jul-2007","-","10-Jul-2007","06-Aug-2007"
"WENDT","Wendt (India) Limited","EQ","Agm/Dividend-175%","10","06-Jul-2007","-","10-Jul-2007","23-Jul-2007"
"UNICHEMLAB","Unichem Laboratories Limited","EQ","Agm","2","06-Jul-2007","-","10-Jul-2007","13-Jul-2007"
"DRREDDY","Dr. Reddy's Laboratories Limited","EQ","Dividend-75%","1","06-Jul-2007","-","10-Jul-2007","14-Jul-2007"
"STLTECH","Sterlite Technologies Limited","EQ","Agm/Dividend-15%","2","06-Jul-2007","-","10-Jul-2007","13-Jul-2007"
"ORIENTCER","ORIENT CERATECH LIMITED","EQ","Agm/Final Dividend-70%","1","06-Jul-2007","-","10-Jul-2007","17-Jul-2007"
"TATACHEM","Tata Chemicals Limited","EQ","Agm/Div-Rs.8/- Per Sh","10","06-Jul-2007","-","10-Jul-2007","27-Jul-2007"
"ZENSARTECH","Zensar Technologies Limited","EQ","Agm/Div-Rs.3.50/- Per Sh","2","06-Jul-2007","-","10-Jul-2007","17-Jul-2007"
"CUB","City Union Bank Limited","EQ","Agm/Dividend-40%","1","06-Jul-2007","-","10-Jul-2007","25-Jul-2007"
"MINDTREE","MindTree Limited","EQ","Dividend-Rs.1/- Per Share","10","09-Jul-2007","-","11-Jul-2007","25-Jul-2007"
"INFOMEDIA","Infomedia Press Limited","EQ","Agm/Dividend-20%","10","09-Jul-2007","-","11-Jul-2007","25-Jul-2007"
"HINDUJAFO","Hinduja Foundries Limited","EQ","Agm","10","09-Jul-2007","-","11-Jul-2007","20-Jul-2007"
"MATRIXLABS","Matrix Laboratories Limited","EQ","Agm","2","09-Jul-2007","-","11-Jul-2007","16-Jul-2007"
"WELCORP","Welspun Corp Limited","EQ","Agm/Dividend-20%","5","09-Jul-2007","-","11-Jul-2007","17-Jul-2007"
"KPIL","Kalpataru Projects International Limited","EQ","Agm/Dividend-75%","2","09-Jul-2007","-","11-Jul-2007","14-Jul-2007"
"CYIENT","Cyient Limited","EQ","Agm/Dividend-22.5%","5","09-Jul-2007","-","11-Jul-2007","18-Jul-2007"
"SUNDARMFIN","Sundaram Finance Limited","EQ","Agm/Final Dividend-20%","10","09-Jul-2007","-","11-Jul-2007","25-Jul-2007"
"UNIVCABLES","Universal Cables Limited","EQ","Agm/Div-Rs.2.40/- Per Sh","10","10-Jul-2007","-","12-Jul-2007","18-Jul-2007"
"LUPIN","Lupin Limited","EQ","Agm/Dividend-50%","2","10-Jul-2007","-","12-Jul-2007","19-Jul-2007"
"PAGEIND","Page Industries Limited","EQ","Annual General Meeting","10","10-Jul-2007","-","12-Jul-2007","27-Jul-2007"
"GESHIP","The Great Eastern Shipping Company Limited","EQ","Final Dividend - 45%","10","10-Jul-2007","-","12-Jul-2007","19-Jul-2007"
"KANORICHEM","Kanoria Chemicals & Industries Limited","EQ","Agm/Dividend - 30%","5","10-Jul-2007","-","12-Jul-2007","26-Jul-2007"
"VINDHYATEL","Vindhya Telelinks Limited","EQ","Agm","10","10-Jul-2007","-","12-Jul-2007","18-Jul-2007"
"HEROMOTOCO","Hero MotoCorp Limited","EQ","Agm/Dividend-850%","2","10-Jul-2007","-","12-Jul-2007","24-Jul-2007"
"POLARIS","POLARIS CONSULTING & SERVICES LIMITED","EQ","Agm","5","10-Jul-2007","-","12-Jul-2007","17-Jul-2007"
"IPCALAB","IPCA Laboratories Limited","EQ","Agm/Final Dividend-40%","1","10-Jul-2007","-","12-Jul-2007","20-Jul-2007"
"BIRLACABLE","Birla Cable Limited","EQ","Agm","10","10-Jul-2007","-","12-Jul-2007","18-Jul-2007"
"SKUMARSYNF","S. Kumars Nationwide Limited","EQ","Agm","10","10-Jul-2007","-","12-Jul-2007","17-Jul-2007"
"ULTRACEMCO","UltraTech Cement Limited","EQ","Agm","10","11-Jul-2007","-","13-Jul-2007","20-Jul-2007"
"TITAN","Titan Company Limited","EQ","Agm/Dividend-50%","1","11-Jul-2007","-","13-Jul-2007","27-Jul-2007"
"PONNIERODE","Ponni Sugars (Erode) Limited","EQ","Agm/Dividend-9%","10","11-Jul-2007","-","13-Jul-2007","19-Jul-2007"
"EXIDEIND","Exide Industries Limited","EQ","Agm/Dividend-35%","1","11-Jul-2007","-","13-Jul-2007","20-Jul-2007"
"MAHINDUGIN","Mahindra Ugine Steel Company Limited","EQ","Agm/Div-Rs.2.50 Per Sh","10","11-Jul-2007","-","13-Jul-2007","26-Jul-2007"
"CEAT","Ceat Limited","EQ","Agm/Dividend-18%","10","11-Jul-2007","-","13-Jul-2007","27-Jul-2007"
"CENTURYPLY","Century Plyboards (India) Limited","EQ","Agm","1","11-Jul-2007","-","13-Jul-2007","16-Jul-2007"
"TUBEINVEST","Tube Investments of India Limited","EQ","Agm/Dividend-75%","2","11-Jul-2007","-","13-Jul-2007","31-Jul-2007"
"PCBL","PCBL Chemical Limited","EQ","Agm/Dividend-20%","1","11-Jul-2007","-","13-Jul-2007","27-Jul-2007"
"BEML","BEML Limited","EQ","2nd Interim Dividend-80%","5","11-Jul-2007","12-Jul-2007","-","-"
"LUMAXIND","Lumax Industries Limited","EQ","Agm/Dividend-45%","10","12-Jul-2007","-","14-Jul-2007","23-Jul-2007"
"NCC","NCC Limited","EQ","Agm/Dividend-20%","2","12-Jul-2007","-","16-Jul-2007","21-Jul-2007"
"EXCELINDUS","Excel Industries Limited","EQ","Agm/Dividend-10%","5","12-Jul-2007","-","16-Jul-2007","26-Jul-2007"
"COROMANDEL","Coromandel International Limited","EQ","Agm/Dividend - 100%","1","12-Jul-2007","-","16-Jul-2007","24-Jul-2007"
"KARURVYSYA","Karur Vysya Bank Limited","EQ","Agm/Dividend-100%","2","12-Jul-2007","-","16-Jul-2007","20-Jul-2007"
"PTL","PTL Enterprises Limited","EQ","Agm","1","12-Jul-2007","-","16-Jul-2007","25-Jul-2007"
"SUZLON","Suzlon Energy Limited","EQ","Agm","2","12-Jul-2007","-","16-Jul-2007","25-Jul-2007"
"XPROINDIA","Xpro India Limited","EQ","Agm/Div-Rs.1.50 Per Sh","10","12-Jul-2007","-","14-Jul-2007","26-Jul-2007"
"THERMAX","Thermax Limited","EQ","Agm/Final Dividend-130%","2","12-Jul-2007","-","16-Jul-2007","25-Jul-2007"
"DHFL","Dewan Housing Finance Corporation Limited","EQ","Agm/Final Dividend-15%","10","12-Jul-2007","-","16-Jul-2007","23-Jul-2007"
"INDOTECH","Indo Tech Transformers Limited","EQ","Dividend-45%","10","12-Jul-2007","-","16-Jul-2007","30-Jul-2007"
"CARBORUNIV","Carborundum Universal Limited","EQ","Final Dividend - 75%     Bc End Date Revised","1","12-Jul-2007","-","14-Jul-2007","27-Jul-2007"
"CESC","CESC Limited","EQ","Agm/Dividend-35%","1","12-Jul-2007","-","16-Jul-2007","27-Jul-2007"
"SUNDRMBRAK","Sundaram Brake Linings Limited","EQ","Agm","10","12-Jul-2007","-","16-Jul-2007","20-Jul-2007"
"PATSPINLTD","Patspin India Limited","EQ","Agm/Dividend- 6%","10","12-Jul-2007","-","14-Jul-2007","26-Jul-2007"
"HINVDIR","HSBC InvestDirect (India) Limited","EQ","Agm/Div -Rs.2.50/- Per Shbc Revised","10","12-Jul-2007","-","16-Jul-2007","25-Jul-2007"
"FCSSOFT","FCS Software Solutions Limited","EQ","Final Dividend-15%       Purpose Revised","1","12-Jul-2007","-","16-Jul-2007","25-Jul-2007"
"GTNTEX","GTN Textiles Limited","EQ","Agm/Dividend- 9%","10","12-Jul-2007","-","14-Jul-2007","26-Jul-2007"
"CEATFIN","CFL Capital Financial Services Limited","EQ","Agm                      Bc Start Date Revised","10","12-Jul-2007","-","16-Jul-2007","27-Jul-2007"
"JBCHEPHARM","JB Chemicals & Pharmaceuticals Limited","EQ","Fin Div-Rs.1.50 Per Sh","1","12-Jul-2007","-","16-Jul-2007","27-Jul-2007"
"VSTIND","VST Industries Limited","EQ","Dividend-Rs.20/- Per Sh","10","12-Jul-2007","-","16-Jul-2007","18-Jul-2007"
"ADOR","Ador Welding Limited","EQ","Dividend-Rs.12/- Per Sh","10","12-Jul-2007","-","14-Jul-2007","26-Jul-2007"
"TRANSWORLD","TRANSWORLD SHIPPING LINES LIMITED","EQ","Agm","10","12-Jul-2007","-","16-Jul-2007","21-Jul-2007"
"CGPOWER","CG Power and Industrial Solutions Limited","EQ","Agm                      Bc End Date Revised","2","12-Jul-2007","-","14-Jul-2007","26-Jul-2007"
"ORCHIDPHAR","Orchid Pharma Limited","EQ","Agm/Dividend-30%","10","12-Jul-2007","-","15-Jul-2007","19-Jul-2007"
"ZYDUSLIFE","Zydus Lifesciences Limited","EQ","Agm/Div-Rs.4/- Per Sh","1","12-Jul-2007","-","16-Jul-2007","27-Jul-2007"
"PHOENIXLL","Phoenix Lamps Limited","EQ","Agm/Dividend-30%","10","12-Jul-2007","-","16-Jul-2007","30-Jul-2007"
"APOLLOTYRE","Apollo Tyres Limited","EQ","Annual General Meeting","1","12-Jul-2007","-","16-Jul-2007","26-Jul-2007"
"FKONCO","Fresenius Kabi Oncology Limited","EQ","Agm","1","12-Jul-2007","-","16-Jul-2007","25-Jul-2007"
"USHAMART","Usha Martin Limited","EQ","Agm/Div-Rs.3.75/- Per Sh","1","12-Jul-2007","-","16-Jul-2007","25-Jul-2007"
"EVEREADY","Eveready Industries India Limited","EQ","Agm","5","13-Jul-2007","-","17-Jul-2007","27-Jul-2007"
"LOTTEINDIA","Lotte India Corporation Limited","EQ","Agm                      Bc End Date Revised","10","13-Jul-2007","-","17-Jul-2007","26-Jul-2007"
"DCW","DCW Limited","EQ","Agm/Dividend - 5%","2","13-Jul-2007","-","17-Jul-2007","23-Jul-2007"
"VENKEYS","Venky's (India) Limited","EQ","Agm/Dividend-30%","10","13-Jul-2007","-","17-Jul-2007","26-Jul-2007"
"SHASUNPHAR","Shasun Pharmaceuticals Limited","EQ","Agm/Div-Re.0.90 Per Sh","2","13-Jul-2007","-","17-Jul-2007","24-Jul-2007"
"BERGEPAINT","Berger Paints (I) Limited","EQ","Agm/Final Dividend-20%","1","13-Jul-2007","-","17-Jul-2007","31-Jul-2007"
"TATACOMM","Tata Communications Limited","EQ","Dividend-Rs.4.50 Per Sh","10","13-Jul-2007","-","17-Jul-2007","02-Aug-2007"
"ELECON","Elecon Engineering Company Limited","EQ","Dividend-75%","1","13-Jul-2007","-","17-Jul-2007","24-Jul-2007"
"KAMATHOTEL","Kamat Hotels (I) Limited","EQ","Agm/Dividend-25%","10","13-Jul-2007","-","17-Jul-2007","28-Jul-2007"
"LMW","LMW Limited","EQ","Agm","10","13-Jul-2007","-","17-Jul-2007","27-Jul-2007"
"ANDHRAPAP","ANDHRA PAPER LIMITED","EQ","Agm/Div-Re.1/- Per Sh","2","13-Jul-2007","-","17-Jul-2007","26-Jul-2007"
"GVPIL","GE Power India Limited","EQ","Agm/Dividend-100%","10","13-Jul-2007","-","17-Jul-2007","25-Jul-2007"
"LINDEINDIA","Linde India Limited","EQ","Agm/Dividend-25%","10","13-Jul-2007","-","17-Jul-2007","31-Jul-2007"
"TATAELXSI","Tata Elxsi Limited","EQ","Agm/Dividend-70%","10","13-Jul-2007","-","17-Jul-2007","27-Jul-2007"
"BBTC","The Bombay Burmah Trading Corporation Limited","EQ","Agm/Dividend-30%","2","13-Jul-2007","-","17-Jul-2007","31-Jul-2007"
"TATACOFFEE","Tata Coffee Limited","EQ","Agm/Div-Rs.6.50 Per Sh","1","13-Jul-2007","-","17-Jul-2007","31-Jul-2007"
"ELGIEQUIP","Elgi Equipments Limited","EQ","Agm/Div - Rs .50 Per Sh","1","16-Jul-2007","-","18-Jul-2007","28-Jul-2007"
"EMKAY","Emkay Global Financial Services Limited","EQ","Agm/Dividend-12.5%","10","16-Jul-2007","-","18-Jul-2007","27-Jul-2007"
"CHAMBLFERT","Chambal Fertilizers & Chemicals Limited","EQ","Dividend-18%","10","16-Jul-2007","-","18-Jul-2007","24-Jul-2007"
"ITC","ITC Limited","EQ","Agm/Div-Rs.3.10 Per Sh","1","16-Jul-2007","-","18-Jul-2007","27-Jul-2007"
"TIL","TIL Limited","EQ","Agm/Dividend-30%","10","16-Jul-2007","-","18-Jul-2007","24-Jul-2007"
"GEODESIC","Geodesic Limited","EQ","Agm/Final Dividend-10%","2","16-Jul-2007","-","18-Jul-2007","20-Jul-2007"
"JSWISPAT","JSW ISPAT Steel Limited","EQ","Agm","10","16-Jul-2007","-","18-Jul-2007","24-Jul-2007"
"TECHM","Tech Mahindra Limited","EQ","Agm","5","16-Jul-2007","-","18-Jul-2007","20-Jul-2007"
"GOLDENTOBC","Golden Tobacco Limited","EQ","Agm","10","16-Jul-2007","-","18-Jul-2007","24-Jul-2007"
"UNOMINDA","UNO Minda Limited","EQ","Dividend - 25%","2","16-Jul-2007","-","18-Jul-2007","25-Jul-2007"
"GRAPHITE","Graphite India Limited","EQ","Agm/Spl &Fin Dividend-50%","2","16-Jul-2007","-","18-Jul-2007","01-Aug-2007"
"SESHAPAPER","Seshasayee Paper and Boards Limited","EQ","Dividend-35%","2","16-Jul-2007","-","18-Jul-2007","28-Jul-2007"
"TEXINFRA","Texmaco Infrastructure & Holdings Limited","EQ","Agm/Dividend-40%","1","16-Jul-2007","-","18-Jul-2007","18-Jul-2007"
"ASHOKLEY","Ashok Leyland Limited","EQ","Agm","1","16-Jul-2007","-","18-Jul-2007","20-Jul-2007"
"LT","Larsen & Toubro Limited","EQ","Spl Dividend-Rs2/- Per Sh","2","17-Jul-2007","18-Jul-2007","-","-"
"TATAPOWER","Tata Power Company Limited","EQ","Agm/Dividend-95%","1","17-Jul-2007","-","19-Jul-2007","08-Aug-2007"
"NIITLTD","NIIT Limited","EQ","Agm/Dividend-65%","2","17-Jul-2007","-","19-Jul-2007","25-Jul-2007"
"SANGHVIMOV","Sanghvi Movers Limited","EQ","Agm/Div-Rs.12.50 Per Sh","1","17-Jul-2007","-","19-Jul-2007","27-Jul-2007"
"SHOPERSTOP","Shoppers Stop Limited","EQ","Agm/Dividend-15%","5","17-Jul-2007","-","19-Jul-2007","28-Jul-2007"
"GEMINI","Gemini Communication Limited","EQ","Bonus 1:1","1","17-Jul-2007","18-Jul-2007","-","-"
"NAVA","NAVA LIMITED","EQ","Agm/Dividend-200%","1","17-Jul-2007","-","19-Jul-2007","27-Jul-2007"
"BALAJITELE","Balaji Telefilms Limited","EQ","Agm","2","17-Jul-2007","-","19-Jul-2007","26-Jul-2007"
"GLOBALVECT","Global Vectra Helicorp Limited","EQ","Agm","10","17-Jul-2007","-","19-Jul-2007","25-Jul-2007"
"BHARATGEAR","Bharat Gears Limited","EQ","Agm","10","17-Jul-2007","-","19-Jul-2007","26-Jul-2007"
"GABRIEL","Gabriel India Limited","EQ","Agm","1","17-Jul-2007","-","19-Jul-2007","23-Jul-2007"
"MOSERBAER","Moser-Baer (I) Limited","EQ","Bonus 1:2","10","17-Jul-2007","18-Jul-2007","-","-"
"COFORGE","Coforge Limited","EQ","Agm/Dividend-65%","2","17-Jul-2007","-","19-Jul-2007","25-Jul-2007"
"KEC","KEC International Limited","EQ","Agm/Dividend-45%","2","17-Jul-2007","-","19-Jul-2007","24-Jul-2007"
"NAUKRI","Info Edge (India) Limited","EQ","Agm/Div-Re.0.75/- Per Sh","2","18-Jul-2007","-","20-Jul-2007","27-Jul-2007"
"RAMCOCEM","The Ramco Cements Limited","EQ","Agm/Fin Div-Rs.10 Per Sh","1","18-Jul-2007","-","20-Jul-2007","27-Jul-2007"
"KSOILS","K S Oils Limited","EQ","Fv Split Rs.10/- To Re.1/","1","18-Jul-2007","25-Jul-2007","-","-"
"HONDAPOWER","Honda India Power Products Limited","EQ","Dividend-40%","10","18-Jul-2007","-","20-Jul-2007","26-Jul-2007"
"PUNJLLOYD","Punj Lloyd Limited","EQ","Agm/Dividend-15%","2","18-Jul-2007","-","20-Jul-2007","27-Jul-2007"
"BASF","BASF India Limited","EQ","Agm/Dividend-70%","10","18-Jul-2007","-","20-Jul-2007","31-Jul-2007"
"PAEL","PAE Limited","EQ","Agm/Dividend-10%","10","18-Jul-2007","-","20-Jul-2007","30-Jul-2007"
"PRICOL","Pricol Limited","EQ","Agm/Dividend-100%","1","18-Jul-2007","-","20-Jul-2007","03-Aug-2007"
"RAMCOIND","Ramco Industries Limited","EQ","Agm/Final Dividend-50%","1","18-Jul-2007","-","20-Jul-2007","27-Jul-2007"
"APCOTEXIND","Apcotex Industries Limited","EQ","Annual Book Closure","2","18-Jul-2007","-","20-Jul-2007","27-Jul-2007"
"AVTNPL","AVT Natural Products Limited","EQ","Agm/Dividend-30%","1","18-Jul-2007","-","20-Jul-2007","27-Jul-2007"
"SMARTLINK","Smartlink Holdings Limited","EQ","Dividend-100%","2","18-Jul-2007","-","20-Jul-2007","26-Jul-2007"
"RPGCABLES","RPG Cables Limited","EQ","Agm","10","18-Jul-2007","-","20-Jul-2007","27-Jul-2007"
"GANDHITUBE","Gandhi Special Tubes Limited","EQ","Annual General Meeting","5","18-Jul-2007","-","20-Jul-2007","24-Jul-2007"
"COLGATE","Colgate Palmolive India Limited","EQ","Agm/Special Dividend- 20%","10","18-Jul-2007","-","20-Jul-2007","27-Jul-2007"
"AZTECSOFT","Aztecsoft Limited","EQ","Agm/Dividend-30%","3","18-Jul-2007","-","20-Jul-2007","24-Jul-2007"
"REDINGTON","Redington Limited","EQ","Agm/Dividend-25%","2","18-Jul-2007","-","20-Jul-2007","26-Jul-2007"
"GODREJIND","Godrej Industries Limited","EQ","Agm/Div-Re.1/- Per Sh","1","18-Jul-2007","-","20-Jul-2007","27-Jul-2007"
"MCLEODRUSS","Mcleod Russel India Limited","EQ","Agm/Div-Re.1/- Per Sh","5","18-Jul-2007","-","20-Jul-2007","30-Jul-2007"
"PRAJIND","Praj Industries Limited","EQ","Bonus 1:1","2","18-Jul-2007","-","20-Jul-2007","25-Jul-2007"
"ABREL","Aditya Birla Real Estate Limited","EQ","Annual General Meeting","10","18-Jul-2007","-","20-Jul-2007","24-Jul-2007"
"INDHOTEL","The Indian Hotels Company Limited","EQ","Dividend-160%","1","18-Jul-2007","-","20-Jul-2007","03-Aug-2007"
"MUNJALSHOW","Munjal Showa Limited","EQ","Agm/Div-Rs.2/- Per Sh","2","19-Jul-2007","-","21-Jul-2007","07-Aug-2007"
"REVL","Rane Engine Valves Limited","EQ","Agm","10","19-Jul-2007","-","21-Jul-2007","24-Jul-2007"
"BANCOINDIA","Banco Products (I) Limited","EQ","Dividend-15%","2","19-Jul-2007","-","21-Jul-2007","28-Jul-2007"
"NRBBEARING","NRB Bearing Limited","EQ","Agm/Div-Rs.1.30/- Per Sh","2","19-Jul-2007","-","23-Jul-2007","03-Aug-2007"
"IVP","IVP Limited","EQ","Agm","10","19-Jul-2007","-","23-Jul-2007","28-Jul-2007"
"ASAHIINDIA","Asahi India Glass Limited","EQ","Agm","1","19-Jul-2007","-","21-Jul-2007","25-Jul-2007"
"SHREEASHTA","Shree Ashtavinayak Cine Vision Limited","EQ","Agm/Dividend-12%","1","19-Jul-2007","-","23-Jul-2007","25-Jul-2007"
"NICCO","Nicco Corporation Limited","EQ","Agm","2","19-Jul-2007","-","21-Jul-2007","30-Jul-2007"
"REPRO","Repro India Limited","EQ","Agm/Div-Rs.2/- Per Sh","10","19-Jul-2007","-","21-Jul-2007","31-Jul-2007"
"TAJGVK","Taj GVK Hotels & Resorts Limited","EQ","Agm/Dividend-150%","2","19-Jul-2007","-","23-Jul-2007","26-Jul-2007"
"BHARATFORG","Bharat Forge Limited","EQ","Dividend-175%","2","19-Jul-2007","-","21-Jul-2007","24-Jul-2007"
"RANEBRAKE","Rane Brake Linings Limited","EQ","Agm","10","19-Jul-2007","-","21-Jul-2007","25-Jul-2007"
"RML","Rane (Madras) Limited","EQ","Agm","10","19-Jul-2007","-","21-Jul-2007","23-Jul-2007"
"GICHSGFIN","GIC Housing Finance Limited","EQ","Agm/Dividend-30%","10","19-Jul-2007","-","21-Jul-2007","31-Jul-2007"
"BATLIBOI","Batliboi Limited","EQ","Annual Bk Closure/Div-20%","5","19-Jul-2007","-","21-Jul-2007","28-Jul-2007"
"EXCELCROP","Excel Crop Care Limited","EQ","Agm/Dividend-75%","5","19-Jul-2007","-","21-Jul-2007","30-Jul-2007"
"ORIENTPPR","Orient Paper & Industries Limited","EQ","Annual Book Closure","1","19-Jul-2007","-","23-Jul-2007","23-Jul-2007"
"BOSCH-HCIL","BOSCH HOME COMFORT INDIA LIMITED","EQ","Agm","10","19-Jul-2007","-","23-Jul-2007","25-Jul-2007"
"BIRLANU","BirlaNu Limited","EQ","Agm/Div-Rs.5/- Per Sh","10","19-Jul-2007","-","21-Jul-2007","27-Jul-2007"
"SUNDROP","Sundrop Brands Limited","EQ","Agm","10","19-Jul-2007","-","23-Jul-2007","25-Jul-2007"
"SUBEX","Subex Limited","EQ","Agm/Dividend - 20%","10","19-Jul-2007","-","23-Jul-2007","26-Jul-2007"
"GTNIND","GTN Industries Limited","EQ","Agm/Dividend-9%","10","19-Jul-2007","-","22-Jul-2007","27-Jul-2007"
"ZEEMEDIA","Zee Media Corporation Limited","EQ","Agm","1","19-Jul-2007","-","23-Jul-2007","31-Jul-2007"
"INDIANHUME","Indian Hume Pipe Company Limited","EQ","Agm/Dividend-60%","2","19-Jul-2007","-","23-Jul-2007","30-Jul-2007"
"CUMMINSIND","Cummins India Limited","EQ","Agm/Final Dividend-100%","2","19-Jul-2007","-","21-Jul-2007","26-Jul-2007"
"GEECEE","GeeCee Ventures Limited","EQ","Agm/Div-Re.0.75/- Per Sh","10","19-Jul-2007","-","21-Jul-2007","31-Jul-2007"
"GHCL","GHCL Limited","EQ","Agm/Dividend - 27%","10","19-Jul-2007","-","23-Jul-2007","30-Jul-2007"
"EVERESTIND","Everest Industries Limited","EQ","Agm/Dividend - 40%","10","19-Jul-2007","-","23-Jul-2007","27-Jul-2007"
"UNITECH","Unitech Limited","EQ","Agm/Dividend-25%","2","20-Jul-2007","-","24-Jul-2007","31-Jul-2007"
"HIRECT","Hirect Limited","EQ","Agm/Dividend-100%","2","20-Jul-2007","-","24-Jul-2007","28-Jul-2007"
"TCI","Transport Corporation of India Limited","EQ","Final Dividend-15%","2","20-Jul-2007","-","24-Jul-2007","25-Jul-2007"
"GOACARBON","Goa Carbon Limited","EQ","Dividend-Rs.1.50/- Per Sh","10","20-Jul-2007","-","24-Jul-2007","27-Jul-2007"
"NAVNETEDUL","Navneet Education Limited","EQ","Agm","2","20-Jul-2007","-","24-Jul-2007","31-Jul-2007"
"GINNIFILA","Ginni Filaments Limited","EQ","Agm","10","20-Jul-2007","-","24-Jul-2007","28-Jul-2007"
"WILLAMAGOR","Williamson Magor & Company Limited","EQ","Agm","10","20-Jul-2007","-","24-Jul-2007","31-Jul-2007"
"GTLINFRA","GTL Infrastructure Limited","EQ","Rights 1:1 At Par","10","20-Jul-2007","27-Jul-2007","-","-"
"CENTEXT","Century Extrusions Limited","EQ","Agm","1","20-Jul-2007","-","24-Jul-2007","27-Jul-2007"
"MUKANDENGG","Mukand Engineers Limited","EQ","Agm","10","23-Jul-2007","-","25-Jul-2007","27-Jul-2007"
"KKCL","Kewal Kiran Clothing Limited","EQ","Agm/Dividend-25%","10","23-Jul-2007","-","25-Jul-2007","07-Aug-2007"
"ICRA","ICRA Limited","EQ","Agm/Dividend-45%","10","23-Jul-2007","-","25-Jul-2007","26-Jul-2007"
"SUNTV","Sun TV Network Limited","EQ","Agm/Spl/Bon-1:1/Div-20%","5","23-Jul-2007","-","28-Jul-2007","06-Aug-2007"
"HINDALCO","Hindalco Industries Limited","EQ","Agm","1","23-Jul-2007","-","25-Jul-2007","31-Jul-2007"
"NORTHGATE","Northgate Technologies Limited","EQ","Agm/Final Dividend-40%","10","23-Jul-2007","-","25-Jul-2007","01-Aug-2007"
"ESSDEE","Ess Dee Aluminium Limited","EQ","Agm/Dividend-20%","10","23-Jul-2007","-","25-Jul-2007","30-Jul-2007"
"BLUESTARCO","Blue Star Limited","EQ","Agm/Dividend - 30%","2","23-Jul-2007","-","25-Jul-2007","01-Aug-2007"
"RAINCALCIN","Rain Calcining Limited","EQ","Agm/Dividend-10%","10","23-Jul-2007","-","25-Jul-2007","01-Aug-2007"
"CHOLAFIN","Cholamandalam Investment and Finance Company Limited","EQ","Agm/Dividend-40%","2","23-Jul-2007","-","25-Jul-2007","30-Jul-2007"
"TFL","Transwarranty Finance Limited","EQ","Agm/Dividend-10%","10","23-Jul-2007","-","25-Jul-2007","01-Aug-2007"
"JPASSOCIAT","Jaiprakash Associates Limited","EQ","1st Interim Dividend-15% Purpose Revised","2","23-Jul-2007","24-Jul-2007","-","-"
"VISACHROME","VISA Chrome Limited","EQ","Agm","10","23-Jul-2007","-","25-Jul-2007","30-Jul-2007"
"ALLDIGI","Alldigi Tech Limited","EQ","Agm/Dividend-50%","10","23-Jul-2007","-","25-Jul-2007","27-Jul-2007"
"TATACONSUM","TATA CONSUMER PRODUCTS LIMITED","EQ","Agm/Div-Rs.15/- Per Sh","1","23-Jul-2007","-","25-Jul-2007","10-Aug-2007"
"MOTHERSON","Samvardhana Motherson International Limited","EQ","Agm/Dividend-150%","1","23-Jul-2007","-","25-Jul-2007","30-Jul-2007"
"COSMOFIRST","COSMO FIRST LIMITED","EQ","Agm/Div-Rs.4/- Per Sh","10","23-Jul-2007","-","25-Jul-2007","31-Jul-2007"
"NATNLSTEEL","National Steel And Agro Industries Limited","EQ","Agm","10","24-Jul-2007","-","26-Jul-2007","31-Jul-2007"
"NEXTMEDIA","Next Mediaworks Limited","EQ","Annual General Meeting","10","24-Jul-2007","-","26-Jul-2007","31-Jul-2007"
"ABIRLANUVO","Aditya Birla Nuvo Limited","EQ","Agm","10","24-Jul-2007","-","26-Jul-2007","01-Aug-2007"
"TCIFINANCE","TCI Finance Limited","EQ","Agm","10","24-Jul-2007","-","26-Jul-2007","27-Jul-2007"
"SVOGL","SVOGL Oil Gas And Energy Limited","EQ","Agm","10","24-Jul-2007","-","26-Jul-2007","30-Jul-2007"
"UTTAMVALUE","Uttam Value Steels Limited","EQ","Agm","10","24-Jul-2007","-","26-Jul-2007","04-Aug-2007"
"KOJAMFIN","Kojam Fininvest Limited","EQ","Agm","10","24-Jul-2007","-","26-Jul-2007","01-Aug-2007"
"SUMMIT","Summit Securities Limited","EQ","Agm","10","24-Jul-2007","-","26-Jul-2007","02-Aug-2007"
"PRECOT","Precot Limited","EQ","Dividend-50%","10","24-Jul-2007","-","26-Jul-2007","10-Aug-2007"
"HTMEDIA","HT Media Limited","EQ","Agm/Dividend - 15%","2","24-Jul-2007","-","26-Jul-2007","04-Aug-2007"
"RAMCOSYS","Ramco Systems Limited","EQ","Agm","10","25-Jul-2007","-","27-Jul-2007","27-Jul-2007"
"SANOFI","Sanofi India Limited","EQ","Int Div-Rs.3.50 Per Sh   Purpose Revised","10","25-Jul-2007","26-Jul-2007","-","-"
"AUSOMENT","Ausom Enterprise Limited","EQ","Agm","10","25-Jul-2007","-","27-Jul-2007","30-Jul-2007"
"DISHTV","Dish TV India Limited","EQ","Agm","1","26-Jul-2007","-","30-Jul-2007","03-Aug-2007"
"CENTBOP","Centurion Bank of Punjab Limited","EQ","Agm","1","26-Jul-2007","-","28-Jul-2007","03-Aug-2007"
"SUPRAJIT","Suprajit Engineering Limited","EQ","Agm/Final Dividend-30%","1","26-Jul-2007","-","28-Jul-2007","31-Jul-2007"
"DISHMAN","Dishman Pharmaceuticals and Chemicals Limited","EQ","Agm/Dividend-50%","2","26-Jul-2007","-","28-Jul-2007","07-Aug-2007"
"KINETICMOT","Kinetic Motor Company Limited","EQ","Agm","10","26-Jul-2007","-","28-Jul-2007","28-Jul-2007"
"FOSECOIND","Foseco India Limited","EQ","2nd Int Div-Rs.5/- Per Shpurpose Revised","10","26-Jul-2007","27-Jul-2007","-","-"
"RANEHOLDIN","Rane Holdings Limited","EQ","Agm","10","26-Jul-2007","-","28-Jul-2007","30-Jul-2007"
"ASTRAMICRO","Astra Microwave Products Limited","EQ","Agm/Div-Re.1/- Per Sh","2","26-Jul-2007","-","28-Jul-2007","04-Aug-2007"
"TCS","Tata Consultancy Services Limited","EQ","Int Div-Rs.3/- Per Sh    Purpose Revised","1","27-Jul-2007","30-Jul-2007","-","-"
"PRSMJOHNSN","Prism Johnson Limited","EQ","Agm/Dividend-10%","10","27-Jul-2007","-","31-Jul-2007","07-Aug-2007"
"DCBBANK","DCB Bank Limited","EQ","Agm","10","30-Jul-2007","-","01-Aug-2007","09-Aug-2007"
"VARUNSHIP","Varun Shipping Company Limited","EQ","Agm/Fin Div-Rs1.50 Per Sh","10","30-Jul-2007","-","01-Aug-2007","14-Aug-2007"
"MARICO","Marico Limited","EQ","Interim Dividend-13.5%   Purpose Revised","1","30-Jul-2007","31-Jul-2007","-","-"
"PARSVNATH","Parsvnath Developers Limited","EQ","Agm/Dividend-25%","5","30-Jul-2007","-","01-Aug-2007","10-Aug-2007"
"ATUL","Atul Limited","EQ","Agm/Div-Rs.3/- Per Sh","10","30-Jul-2007","-","01-Aug-2007","06-Aug-2007"
"ELGIRUBBER","Elgi Rubber Company Limited","EQ","Agm/Dividend-35%","1","30-Jul-2007","-","01-Aug-2007","11-Aug-2007"
"HERITGFOOD","Heritage Foods Limited","EQ","Agm/Dividend-30%","5","30-Jul-2007","-","01-Aug-2007","08-Aug-2007"
"APARINDS","Apar Industries Limited","EQ","Agm/Dividend-Rs.2 Per Sh","10","30-Jul-2007","-","01-Aug-2007","09-Aug-2007"
"CYBERMEDIA","Cyber Media (India) Limited","EQ","Agm/Dividend-10%","10","30-Jul-2007","-","01-Aug-2007","08-Aug-2007"
"ABCIL","Aditya Birla Chemicals (India) Limited","EQ","Agm/Dividend-15%","10","30-Jul-2007","-","01-Aug-2007","11-Aug-2007"
"ARE&M","Amara Raja Energy & Mobility Limited","EQ","Agm/Dividend-35%","1","31-Jul-2007","-","02-Aug-2007","14-Aug-2007"
"SWELECTES","Swelect Energy Systems Limited","EQ","Agm/Div-Rs.4.50/- Per Sh","10","31-Jul-2007","-","02-Aug-2007","04-Aug-2007"
"SIYSIL","Siyaram Silk Mills Limited","EQ","Agm/Dividend-50%","2","31-Jul-2007","-","02-Aug-2007","11-Aug-2007"
"EASUNREYRL","Easun Reyrolle Limited","EQ","Fv Split Rs.10/- To Rs.2/","2","31-Jul-2007","07-Aug-2007","-","-"
"ELECTCAST","Electrosteel Castings Limited","EQ","Agm","1","31-Jul-2007","-","02-Aug-2007","08-Aug-2007"
"RSSOFTWARE","R. S. Software (India) Limited","EQ","Annual Book Closure","5","01-Aug-2007","-","03-Aug-2007","10-Aug-2007"
"MRPL","Mangalore Refinery and Petrochemicals Limited","EQ","Agm/Div-Re.0.80 Per Sh","10","01-Aug-2007","-","03-Aug-2007","31-Aug-2007"
"TTKPRESTIG","TTK Prestige Limited","EQ","Agm/Div-Rs.3/- Per Sh    Book Closure Revised","1","01-Aug-2007","-","03-Aug-2007","10-Aug-2007"
"NELCO","NELCO Limited","EQ","Agm","10","01-Aug-2007","-","03-Aug-2007","09-Aug-2007"
"VIMTALABS","Vimta Labs Limited","EQ","Agm/Dividend-40%","2","02-Aug-2007","-","06-Aug-2007","09-Aug-2007"
"BANSWRAS","Banswara Syntex Limited","EQ","Agm/Dividend-20%","5","02-Aug-2007","-","04-Aug-2007","08-Aug-2007"
"GDL","Gateway Distriparks Limited","EQ","Bonus 1:4","10","02-Aug-2007","03-Aug-2007","-","-"
"NORBTEAEXP","Norben Tea & Exports Limited","EQ","Agm","10","02-Aug-2007","-","04-Aug-2007","17-Aug-2007"
"JSL","Jindal Stainless Limited","EQ","Agm/Dividend-20%","2","02-Aug-2007","-","04-Aug-2007","15-Aug-2007"
"BLUESTINFO","Blue Star Infotech Limited","EQ","Agm/Fin Div-Rs.2/- Per Sh","10","02-Aug-2007","-","06-Aug-2007","14-Aug-2007"
"ACC","ACC Limited","EQ","Int Div-Rs.10/- Per Sh","10","02-Aug-2007","03-Aug-2007","-","-"
"ORIENTALTL","Oriental Trimex Limited","EQ","Annual Book Closure","10","02-Aug-2007","-","06-Aug-2007","11-Aug-2007"
"SHREECEM","SHREE CEMENT LIMITED","EQ","Agm","10","02-Aug-2007","-","06-Aug-2007","14-Aug-2007"
"SOBHA","Sobha Limited","EQ","Agm/Dividend-55%","10","02-Aug-2007","-","04-Aug-2007","13-Aug-2007"
"ACE","Action Construction Equipment Limited","EQ","Agm/Final Dividend-30%","2","02-Aug-2007","-","04-Aug-2007","08-Aug-2007"
"INDIANCARD","Indian Card Clothing Company Limited","EQ","Agm/Dividend-25%","10","02-Aug-2007","-","04-Aug-2007","11-Aug-2007"
"ROHLTD","Royal Orchid Hotels Limited","EQ","Agm/Dividend-60%","10","02-Aug-2007","-","06-Aug-2007","08-Aug-2007"
"LLOYDFIN","Lloyds Finance Limited","EQ","Agm","10","02-Aug-2007","-","06-Aug-2007","14-Aug-2007"
"ZENITHINFO","Zenith Infotech Limited","EQ","Agm/Dividend-15%         Purpose Revised","10","02-Aug-2007","-","04-Aug-2007","08-Aug-2007"
"HEXAWARE","Hexaware Technologies Limited","EQ","Interim Dividend-40%","2","02-Aug-2007","03-Aug-2007","-","-"
"AMBUJACEM","Ambuja Cements Limited","EQ","Div Int-Rs1.20+Spl-Rs1.30","2","03-Aug-2007","06-Aug-2007","-","-"
"JPPOWER","Jaiprakash Power Ventures Limited","EQ","Agm","10","03-Aug-2007","-","07-Aug-2007","11-Aug-2007"
"FSL","Firstsource Solutions Limited","EQ","Agm","10","03-Aug-2007","-","07-Aug-2007","14-Aug-2007"
"TTML","Tata Teleservices (Maharashtra) Limited","EQ","Agm","10","03-Aug-2007","-","07-Aug-2007","24-Aug-2007"
"WHEELS","Wheels India Limited","EQ","Agm","10","03-Aug-2007","-","07-Aug-2007","14-Aug-2007"
"NUCLEUS","Nucleus Software Exports Limited","EQ","Bonus 1:1","10","03-Aug-2007","06-Aug-2007","-","-"
"DIVISLAB","Divi's Laboratories Limited","EQ","Agm/Fv Split Rs10 To Rs2","2","03-Aug-2007","-","10-Aug-2007","13-Aug-2007"
"KCP","KCP Limited","EQ","Agm/Interim Dividend-25% Purpose Revised","1","03-Aug-2007","-","07-Aug-2007","13-Aug-2007"
"ASIL","Amit Spinning Industries Limited","EQ","Agm","5","06-Aug-2007","-","08-Aug-2007","10-Aug-2007"
"BALKRISIND","Balkrishna Industries Limited","EQ","Agm","2","06-Aug-2007","-","08-Aug-2007","11-Aug-2007"
"EIHOTEL","EIH Limited","EQ","Agm/Div-Rs.1.40/- Per Sh","2","06-Aug-2007","-","08-Aug-2007","27-Aug-2007"
"GODREJCP","Godrej Consumer Products Limited","EQ","Int Div-Re.0.75 Per Sh   Purpose Revised","1","07-Aug-2007","08-Aug-2007","-","-"
"HINDUNILVR","Hindustan Unilever Limited","EQ","Int Div-Rs.3/- Per Sh    Purpose Revised","1","07-Aug-2007","08-Aug-2007","-","-"
"CONCOR","Container Corporation of India Limited","EQ","Agm/Dividend-110%","5","08-Aug-2007","-","10-Aug-2007","22-Aug-2007"
"KABRAEXTRU","Kabra Extrusion Technik Limited","EQ","Agm/Dividend-45%","5","08-Aug-2007","-","10-Aug-2007","17-Aug-2007"
"ABAN","Aban Offshore Limited","EQ","Dividend-150%","2","08-Aug-2007","-","10-Aug-2007","16-Aug-2007"
"EMCO","Emco Limited","EQ","Dividend-Rs.5/- Per Sh","2","08-Aug-2007","-","10-Aug-2007","18-Aug-2007"
"SUPERSPIN","Super Spinning Mills Limited","EQ","Agm/Dividend-50%","1","08-Aug-2007","-","10-Aug-2007","23-Aug-2007"
"SAIL","Steel Authority of India Limited","EQ","Agm/Dividend-15%","10","08-Aug-2007","-","10-Aug-2007","29-Aug-2007"
"ZEEL","Zee Entertainment Enterprises Limited","EQ","Agm/Dividend-150%","1","08-Aug-2007","-","10-Aug-2007","17-Aug-2007"
"GOKEX","Gokaldas Exports Limited","EQ","Agm/Dividend-40%","5","08-Aug-2007","-","10-Aug-2007","17-Aug-2007"
"PLASTIBLEN","Plastiblends India Limited","EQ","Agm/Dividend-65%","5","08-Aug-2007","-","10-Aug-2007","17-Aug-2007"
"CIPLA","Cipla Limited","EQ","Agm/Div-Rs.2/- Per Sh","2","08-Aug-2007","-","10-Aug-2007","24-Aug-2007"
"DCMSHRIRAM","DCM Shriram Limited","EQ","Agm/Dividend-20%","2","08-Aug-2007","-","10-Aug-2007","17-Aug-2007"
"CORALFINAC","Coral India Finance & Housing Limited","EQ","Agm","2","09-Aug-2007","-","13-Aug-2007","21-Aug-2007"
"PVRINOX","PVR INOX Limited","EQ","Agm","10","09-Aug-2007","-","13-Aug-2007","18-Aug-2007"
"AUTOAXLES","Automotive Axles Limited","EQ","Int Div-Rs.6/- Per Sh    Purpose Revised","10","09-Aug-2007","10-Aug-2007","-","-"
"JAGRAN","Jagran Prakashan Limited","EQ","Agm","2","09-Aug-2007","-","13-Aug-2007","17-Aug-2007"
"APOLLOHOSP","Apollo Hospitals Enterprise Limited","EQ","Agm/Fin Div-Rs.2/- Per Sh","5","09-Aug-2007","-","11-Aug-2007","24-Aug-2007"
"SUDARSCHEM","Sudarshan Chemical Industries Limited","EQ","Agm/Dividend-25%","2","09-Aug-2007","-","11-Aug-2007","17-Aug-2007"
"MANGTIMBER","Mangalam Timber Products Limited","EQ","Agm","10","09-Aug-2007","-","12-Aug-2007","26-Aug-2007"
"ALLCARGO","Allcargo Logistics Limited","EQ","Interim Dividend-20%","2","09-Aug-2007","10-Aug-2007","-","-"
"MONSANTO","Monsanto India Limited","EQ","Fin Div-Rs.2.50 Per Sh","10","09-Aug-2007","-","13-Aug-2007","17-Aug-2007"
"NEPCTEX","Nepc Textiles Limited","EQ","Agm","10","09-Aug-2007","-","13-Aug-2007","17-Aug-2007"
"ANANTRAJ","Anant Raj Limited","EQ","Int Div-Rs.6/- Per Sh","2","09-Aug-2007","10-Aug-2007","-","-"
"NOCIL","NOCIL Limited","EQ","Agm/Dividend-5%","10","09-Aug-2007","-","11-Aug-2007","27-Aug-2007"
"NILKAMAL","Nilkamal Limited","EQ","Agm/Dividend-Rs.3 Per Sh","10","09-Aug-2007","-","11-Aug-2007","18-Aug-2007"
"JAYAGROGN","Jayant Agro Organics Limited","EQ","Agm/Div-Rs.1.25/- Per Sh","5","10-Aug-2007","-","14-Aug-2007","25-Aug-2007"
"SHRIRAMCIT","Shriram City Union Finance Limited","EQ","Agm/Final Dividend-20%","10","10-Aug-2007","-","14-Aug-2007","17-Aug-2007"
"MRF","MRF Limited","EQ","Int Div-Rs.3/- Per Sh","10","10-Aug-2007","13-Aug-2007","-","-"
"SHRIRAMFIN","Shriram Finance Limited","EQ","Agm/Final Dividend-20%","2","10-Aug-2007","-","14-Aug-2007","17-Aug-2007"
"TVSMOTOR","TVS Motor Company Limited","EQ","Agm/Fin Div-Re0.15 Per Sh","1","10-Aug-2007","-","14-Aug-2007","17-Aug-2007"
"HINDOILEXP","Hindustan Oil Exploration Company Limited","EQ","Agm","10","10-Aug-2007","-","14-Aug-2007","21-Aug-2007"
"ALEMBICLTD","Alembic Limited","EQ","Dividend-50%","2","13-Aug-2007","-","16-Aug-2007","30-Aug-2007"
"CELEBRITY","Celebrity Fashions Limited","EQ","Agm","10","13-Aug-2007","-","16-Aug-2007","23-Aug-2007"
"FDC","FDC Limited","EQ","Agm","1","13-Aug-2007","-","16-Aug-2007","25-Aug-2007"
"DCHL","Deccan Chronicle Holdings Limited","EQ","Interim Dividend-50%","2","13-Aug-2007","14-Aug-2007","-","-"
"SREINFRA","SREI Infrastructure Finance Limited","EQ","Agm/Dividend-10%","10","13-Aug-2007","-","16-Aug-2007","24-Aug-2007"
"GKW","GKW Limited","EQ","Agm","10","13-Aug-2007","-","16-Aug-2007","30-Aug-2007"
"PAVCI","Panasonic AVC Networks India Company Limited.","EQ","Agm","10","13-Aug-2007","-","16-Aug-2007","29-Aug-2007"
"BHARATIDIL","Bharati Defence and Infrastructure Limited","EQ","Dividend-Rs.3/- Per Sh","10","13-Aug-2007","-","16-Aug-2007","30-Aug-2007"
"CLCIND","CLC Industries Limited","EQ","Agm","10","13-Aug-2007","-","16-Aug-2007","20-Aug-2007"
"JAICORPLTD","Jai Corp Limited","EQ","Agm","1","13-Aug-2007","-","16-Aug-2007","24-Aug-2007"
"CRESTANI","Crest Animation Studios Limited","EQ","Agm","10","13-Aug-2007","-","16-Aug-2007","21-Aug-2007"
"HIKAL","Hikal Limited","EQ","Agm/Fin Div-Rs3.50 Per Sh","2","13-Aug-2007","-","16-Aug-2007","23-Aug-2007"
"CALSOFT","California Software Company Limited","EQ","Agm/Dividend-7.5%","10","13-Aug-2007","-","16-Aug-2007","22-Aug-2007"
"VARDHACRLC","Vardhman Acrylics Limited","EQ","Agm","10","14-Aug-2007","-","17-Aug-2007","18-Aug-2007"
"PIDILITIND","Pidilite Industries Limited","EQ","Agm/Div-Rs.1.50/- Per Sh","1","14-Aug-2007","-","17-Aug-2007","29-Aug-2007"
"LT","Larsen & Toubro Limited","EQ","Agm/Fin Div-Rs.2/- Per Sh","2","14-Aug-2007","-","17-Aug-2007","24-Aug-2007"
"PFOCUS","Prime Focus Limited","EQ","Int Div-Rs.1.50 Per Sh","1","14-Aug-2007","16-Aug-2007","-","-"
"GNFC","Gujarat Narmada Valley Fertilizers and Chemicals Limited","EQ","Dividend-Rs.4.25/- Per Sh","10","14-Aug-2007","-","17-Aug-2007","24-Aug-2007"
"MANALIPETC","Manali Petrochemicals Limited","EQ","Agm/Dividend-10%","5","14-Aug-2007","-","17-Aug-2007","01-Sep-2007"
"AROGRANITE","Aro Granite Industries Limited","EQ","Agm/Dividend-20%","10","14-Aug-2007","-","17-Aug-2007","22-Aug-2007"
"JKCEMENT","JK Cement Limited","EQ","Agm/Div-Rs.3.50 Per Share","10","14-Aug-2007","-","17-Aug-2007","25-Aug-2007"
"AMJLAND","Amj Land Holdings Limited","EQ","Dividend-Rs.1.20 Per Sh","2","14-Aug-2007","-","17-Aug-2007","01-Sep-2007"
"VTL","Vardhman Textiles Limited","EQ","Annual Book Closure","2","14-Aug-2007","-","17-Aug-2007","18-Aug-2007"
"VHL","Vardhman Holdings Limited","EQ","Annual Book Closure","10","14-Aug-2007","-","17-Aug-2007","18-Aug-2007"
"LYKALABS","Lyka Labs Limited","EQ","Agm                      Bc Start Date Revised","10","16-Aug-2007","-","20-Aug-2007","27-Aug-2007"
"INDIAGLYCO","India Glycols Limited","EQ","Agm/Dividend-30%","5","16-Aug-2007","-","18-Aug-2007","25-Aug-2007"
"BRFL","Bombay Rayon Fashions Limited","EQ","Agm/Fin Div-Rs1.25 Per Sh","10","16-Aug-2007","-","18-Aug-2007","30-Aug-2007"
"FEDERALBNK","The Federal Bank  Limited","EQ","Agm/Dividend-40%","2","16-Aug-2007","-","21-Aug-2007","22-Aug-2007"
"SHRENUJ","Shrenuj & Company Limited","EQ","Agm/Dividend-40%","2","16-Aug-2007","-","18-Aug-2007","28-Aug-2007"
"PUNJABCHEM","Punjab Chemicals & Crop Protection Limited","EQ","Agm/Dividend-25%","10","16-Aug-2007","-","21-Aug-2007","30-Aug-2007"
"OFSS","Oracle Financial Services Software Limited","EQ","Agm","5","16-Aug-2007","-","20-Aug-2007","24-Aug-2007"
"ORBITCORP","Orbit Corporation Limited","EQ","Interim Dividend-15%","10","16-Aug-2007","17-Aug-2007","-","-"
"BAGFILMS","B.A.G Films and Media Limited","EQ","Agm/Final Dividend-10%","2","16-Aug-2007","-","20-Aug-2007","27-Aug-2007"
"BLBLIMITED","BLB Limited","EQ","Interim Dividend-10%","1","16-Aug-2007","17-Aug-2007","-","-"
"HBSTOCK","HB Stockholdings Limited","EQ","Agm","10","16-Aug-2007","-","21-Aug-2007","28-Aug-2007"
"AIAENG","AIA Engineering Limited","EQ","Agm/Dividend-35%","2","16-Aug-2007","-","18-Aug-2007","31-Aug-2007"
"IFGLREFRAC","IFGL Refractories Limited","EQ","Agm/Dividend-17.5%","10","16-Aug-2007","-","21-Aug-2007","24-Aug-2007"
"BEML","BEML Limited","EQ","Agm","5","16-Aug-2007","-","21-Aug-2007","22-Aug-2007"
"BLUEBIRD","Blue Bird (India) Limited","EQ","Agm/Fin Div-Rs1.20 Per Sh","10","16-Aug-2007","-","20-Aug-2007","23-Aug-2007"
"TECHNOELEC","Techno Electric and Engineering Company Limited","EQ","Agm/Dividend-25%","2","16-Aug-2007","-","21-Aug-2007","25-Aug-2007"
"SRGINFOTEC","SRG Infotec (India) Limited","EQ","Agm","10","16-Aug-2007","-","21-Aug-2007","24-Aug-2007"
"ICDSLTD","ICDS Limited","EQ","Agm","10","16-Aug-2007","-","20-Aug-2007","24-Aug-2007"
"GABRIEL","Gabriel India Limited","EQ","Sch Of Arngmnt-Demerger  Rd Revised","1","16-Aug-2007","24-Aug-2007","-","-"
"HDIL","Housing Development and Infrastructure Limited","EQ","Interim Dividend-20%","10","16-Aug-2007","17-Aug-2007","-","-"
"JMTAUTOLTD","JMT Auto Limited","EQ","Agm/Dividend-10%","1","16-Aug-2007","-","18-Aug-2007","25-Aug-2007"
"BELCERAMIC","Bell Ceramics Limited","EQ","Agm","10","16-Aug-2007","-","20-Aug-2007","25-Aug-2007"
"VEEDOL","Veedol Corporation Limited","EQ","Agm/Final Dividend-50%","2","16-Aug-2007","-","21-Aug-2007","27-Aug-2007"
"NLCINDIA","NLC India Limited","EQ","Agm/Dividend-12%","10","16-Aug-2007","-","18-Aug-2007","03-Sep-2007"
"PGIL","Pearl Global Industries Limited","EQ","Agm","5","16-Aug-2007","-","20-Aug-2007","27-Aug-2007"
"63MOONS","63 moons technologies limited","EQ","1st Interim Dividend-50%","2","16-Aug-2007","17-Aug-2007","-","-"
"INDORAMA","Indo Rama Synthetics (India) Limited","EQ","Agm/Div-Re.1/- Per Share","10","16-Aug-2007","-","18-Aug-2007","31-Aug-2007"
"CYBERTECH","Cybertech Systems And Software Limited","EQ","Agm/Div-Re.1/- Per Share","10","16-Aug-2007","-","21-Aug-2007","24-Aug-2007"
"DCM","DCM  Limited","EQ","Agm","10","16-Aug-2007","-","21-Aug-2007","27-Aug-2007"
"BANKRAJAS","The Bank of Rajasthan Limited","EQ","Agm/Div-20%/Bonus 1:4","10","16-Aug-2007","-","18-Aug-2007","03-Sep-2007"
"GAIL","GAIL (India) Limited","EQ","Agm/Final Dividend-20%","10","16-Aug-2007","-","20-Aug-2007","03-Sep-2007"
"PEARLGLOBL","Pearl Global Limited","EQ","Agm/Dividend-20%","10","16-Aug-2007","-","20-Aug-2007","27-Aug-2007"
"TRENT","Trent Limited","EQ","Agm","1","16-Aug-2007","-","21-Aug-2007","28-Aug-2007"
"HINDPETRO","Hindustan Petroleum Corporation Limited","EQ","Agm/Final Dividend-120%","10","17-Aug-2007","-","22-Aug-2007","06-Sep-2007"
"ORIENTHOT","Oriental Hotels Limited","EQ","Agm/Div-Rs.9.50/- Per Sh","1","17-Aug-2007","-","22-Aug-2007","29-Aug-2007"
"HINDMOTOR","Hindustan Motors Limited","EQ","Agm","10","17-Aug-2007","-","22-Aug-2007","27-Aug-2007"
"OILCOUNTUB","Oil Country Tubular Limited","EQ","Agm","10","17-Aug-2007","-","22-Aug-2007","23-Aug-2007"
"GEODESIC","Geodesic Limited","EQ","Bonus 1:2","2","17-Aug-2007","21-Aug-2007","-","-"
"MOREPENLAB","Morepen Laboratories Limited","EQ","Agm","2","17-Aug-2007","-","22-Aug-2007","25-Aug-2007"
"WYETH","Wyeth Limited","EQ","Agm/Dividend-300%","10","17-Aug-2007","-","22-Aug-2007","31-Aug-2007"
"APOLLOTYRE","Apollo Tyres Limited","EQ","Fv Split Rs.10/- To Re.1/","1","17-Aug-2007","27-Aug-2007","-","-"
"VALECHAENG","Valecha Engineering Limited","EQ","Agm/Dividend-10%","10","17-Aug-2007","-","22-Aug-2007","03-Sep-2007"
"BONGAIREFN","Bongaigaon Refinery & Petrochemicals Limited","EQ","Agm/Div-Rs.3.50/- Per Sh","10","21-Aug-2007","-","23-Aug-2007","08-Sep-2007"
"OMAXAUTO","Omax Autos Limited","EQ","Agm/Dividend-22.50%      Bc End Date Revised","10","21-Aug-2007","-","23-Aug-2007","03-Sep-2007"
"AICHAMP","AI Champdany Industries Limited","EQ","Agm/Dividend-10%","5","21-Aug-2007","-","23-Aug-2007","31-Aug-2007"
"EKC","Everest Kanto Cylinder Limited","EQ","Fv Split Rs.10/- To Rs.2/","2","21-Aug-2007","28-Aug-2007","-","-"
"WINSOMEDJ","Winsome Diamonds and Jewellery Limited","EQ","Agm/Div-Rs.1.80 Per Sh","10","21-Aug-2007","-","23-Aug-2007","30-Aug-2007"
"PITTIENG","Pitti Engineering Limited","EQ","Agm/Dividend-20%","5","21-Aug-2007","-","23-Aug-2007","24-Aug-2007"
"UNITY","Unity Infraprojects Limited","EQ","Agm/Dividend-30%","2","21-Aug-2007","-","23-Aug-2007","30-Aug-2007"
"IGPL","IG Petrochemicals Limited","EQ","Agm","10","22-Aug-2007","-","24-Aug-2007","31-Aug-2007"
"PRIMESECU","Prime Securities Limited","EQ","Agm/Dividend-30%","5","22-Aug-2007","-","24-Aug-2007","30-Aug-2007"
"3PLAND","3P Land Holdings Limited","EQ","Agm","2","22-Aug-2007","-","24-Aug-2007","03-Sep-2007"
"COMSYS","Compulink Systems Limited","EQ","Agm","10","22-Aug-2007","-","24-Aug-2007","31-Aug-2007"
"TNPL","Tamil Nadu Newsprint & Papers Limited","EQ","Final Dividend-25%","10","22-Aug-2007","-","24-Aug-2007","31-Aug-2007"
"MARUTI","Maruti Suzuki India Limited","EQ","Agm/Fin Div-Rs4.50 Per Sh","5","22-Aug-2007","-","24-Aug-2007","06-Sep-2007"
"MMFL","MM Forgings Limited","EQ","Agm/Dividend-30%","10","23-Aug-2007","-","25-Aug-2007","27-Aug-2007"
"GODFRYPHLP","Godfrey Phillips India Limited","EQ","Dividend-Rs.25/- Per Sh","2","23-Aug-2007","-","27-Aug-2007","30-Aug-2007"
"SATYAMCOMP","Satyam Computer Services Limited","EQ","Agm/Final Dividend-125%","2","23-Aug-2007","-","27-Aug-2007","30-Aug-2007"
"SANGHVIMOV","Sanghvi Movers Limited","EQ","Fv Split Rs.10/- To Rs.2/","1","23-Aug-2007","30-Aug-2007","-","-"
"TANLA","Tanla Platforms Limited","EQ","Agm","1","23-Aug-2007","-","25-Aug-2007","29-Aug-2007"
"LITL","Lanco Infratech Limited","EQ","Agm","1","23-Aug-2007","-","25-Aug-2007","03-Sep-2007"
"RATNAMANI","Ratnamani Metals & Tubes Limited","EQ","Agm/Div-Rs.5/- Per Sh","2","23-Aug-2007","-","25-Aug-2007","31-Aug-2007"
"YESBANK","Yes Bank Limited","EQ","Agm","2","23-Aug-2007","-","27-Aug-2007","29-Aug-2007"
"ASAL","Automotive Stampings and Assemblies Limited","EQ","Agm/Dividend-15%","10","23-Aug-2007","-","25-Aug-2007","28-Aug-2007"
"HANUNG","Hanung Toys and Textiles Limited","EQ","Agm","10","23-Aug-2007","-","25-Aug-2007","28-Aug-2007"
"AUTOIND","Autoline Industries Limited","EQ","Agm/Final Dividend-20%","10","23-Aug-2007","-","25-Aug-2007","01-Sep-2007"
"JPASSOCIAT","Jaiprakash Associates Limited","EQ","Fin Div-Rs.1.60 Per Sh","2","23-Aug-2007","-","25-Aug-2007","30-Aug-2007"
"SHIVAMAUTO","Shivam Autotech Limited","EQ","Agm/Dividend-25%","2","23-Aug-2007","-","25-Aug-2007","29-Aug-2007"
"LAOPALA","La Opala RG Limited","EQ","Agm/Dividend-15%","2","23-Aug-2007","-","26-Aug-2007","04-Sep-2007"
"GMRAIRPORT","GMR AIRPORTS LIMITED","EQ","Agm","1","23-Aug-2007","-","25-Aug-2007","30-Aug-2007"
"ENIL","Entertainment Network (India) Limited","EQ","Agm","10","23-Aug-2007","-","27-Aug-2007","03-Sep-2007"
"RUCHIRA","Ruchira Papers Limited","EQ","Agm","10","23-Aug-2007","-","25-Aug-2007","31-Aug-2007"
"NIITLTD","NIIT Limited","EQ","Fv Spl-Rs10tors2/Bon-1:2","2","24-Aug-2007","31-Aug-2007","-","-"
"INDNIPPON","India Nippon Electricals Limited","EQ","Agm","5","24-Aug-2007","-","28-Aug-2007","31-Aug-2007"
"IVC","IL&FS Investment Managers Limited","EQ","Agm/Dividend-40%","2","24-Aug-2007","-","28-Aug-2007","30-Aug-2007"
"AARTIDRUGS","Aarti Drugs Limited","EQ","Agm","10","24-Aug-2007","-","28-Aug-2007","03-Sep-2007"
"INDIAFOILS","India Foils Limited","EQ","Agm","10","24-Aug-2007","-","28-Aug-2007","01-Sep-2007"
"HINDDORROL","Hindustan Dorr-Oliver Limited","EQ","Agm/Dividend-25%","2","24-Aug-2007","-","28-Aug-2007","31-Aug-2007"
"POONAWALLA","Poonawalla Fincorp Limited","EQ","Agm/Dividend-20%","2","24-Aug-2007","-","28-Aug-2007","04-Sep-2007"
"AEGISLOG","Aegis Logistics Limited","EQ","Agm/Div-Rs.2.50/- Per Sh","1","24-Aug-2007","-","28-Aug-2007","11-Sep-2007"
"CHENNPETRO","Chennai Petroleum Corporation Limited","EQ","Agm/Dividend-120%        Bc Revised","10","24-Aug-2007","-","28-Aug-2007","10-Sep-2007"
"KHANDSE","Khandwala Securities Limited","EQ","Agm","10","27-Aug-2007","-","29-Aug-2007","05-Sep-2007"
"PAGEIND","Page Industries Limited","EQ","Interim Dividend-60%     Purpose Revised","10","27-Aug-2007","28-Aug-2007","-","-"
"HUBTOWN","Hubtown Limited","EQ","Agm/Dividend-15%","10","27-Aug-2007","-","29-Aug-2007","06-Sep-2007"
"3IINFOTECH","3i Infotech Limited","EQ","Bonus 1:1","10","27-Aug-2007","28-Aug-2007","-","-"
"HINDCOMPOS","Hindustan Composites Limited","EQ","Agm","5","27-Aug-2007","-","29-Aug-2007","03-Sep-2007"
"HIRECT","Hirect Limited","EQ","Fv Split Rs.10/- To Rs.2/","2","28-Aug-2007","04-Sep-2007","-","-"
"JMFINANCIL","JM Financial Limited","EQ","Dividend-50%","1","28-Aug-2007","-","30-Aug-2007","06-Sep-2007"
"SUNPHARMA","Sun Pharmaceutical Industries Limited","EQ","Agm","1","28-Aug-2007","-","30-Aug-2007","05-Sep-2007"
"SPARC","Sun Pharma Advanced Research Company Limited","EQ","Agm","1","28-Aug-2007","-","30-Aug-2007","05-Sep-2007"
"MADHUCON","Madhucon Projects Limited","EQ","Agm/Dividend-30%","1","28-Aug-2007","-","30-Aug-2007","01-Sep-2007"
"IMPAL","India Motor Parts and Accessories Limited","EQ","Agm/Final Dividend-20%","10","28-Aug-2007","-","30-Aug-2007","07-Sep-2007"
"USHAMART","Usha Martin Limited","EQ","Fv Split Rs.5/- To Re.1/","1","29-Aug-2007","05-Sep-2007","-","-"
"PRAKASH","Prakash Industries Limited","EQ","Agm","10","29-Aug-2007","-","31-Aug-2007","05-Sep-2007"
"DOLPHINOFF","Dolphin Offshore Enterprises (India) Limited","EQ","Agm/Dividend-25%","10","29-Aug-2007","-","31-Aug-2007","07-Sep-2007"
"SANGHIIND","Sanghi Industries Limited","EQ","Agm","10","30-Aug-2007","-","03-Sep-2007","06-Sep-2007"
"NAGARFERT","Nagarjuna Fertilizer & Chemicals Limited","EQ","Annual General Meeting","10","30-Aug-2007","-","03-Sep-2007","21-Sep-2007"
"UNITECH","Unitech Limited","EQ","Bonus 1:1","2","30-Aug-2007","31-Aug-2007","-","-"
"GUJALKALI","Gujarat Alkalies and Chemicals Limited","EQ","Agm/Final Dividend-10%","10","30-Aug-2007","-","01-Sep-2007","21-Sep-2007"
"BANCOINDIA","Banco Products (I) Limited","EQ","Bonus 1:1","2","30-Aug-2007","31-Aug-2007","-","-"
"RAJSREESUG","Rajshree Sugars & Chemicals Limited","EQ","Agm/Div-Rs.3.50 Per Sh","10","30-Aug-2007","-","03-Sep-2007","10-Sep-2007"
"NETWORK18","Network18 Media & Investments Limited","EQ","Agm","5","30-Aug-2007","-","03-Sep-2007","07-Sep-2007"
"SGFL","Shree Ganesh Forgings Limited","EQ","Agm/Dividend-10%         Bc Dates Revised","10","30-Aug-2007","-","01-Sep-2007","12-Sep-2007"
"NTPC","NTPC Limited","EQ","Agm/Final Dividend-8%","10","30-Aug-2007","-","01-Sep-2007","12-Sep-2007"
"HELIOSMATH","Helios And Matheson Information Technology Limited","EQ","Agm/Dividend-15%","10","30-Aug-2007","-","03-Sep-2007","26-Sep-2007"
"SICAL","Sical Logistics Limited","EQ","Agm","10","30-Aug-2007","-","01-Sep-2007","12-Sep-2007"
"KERNEX","Kernex Microsystems (India) Limited","EQ","Agm/Dividend-10%","10","30-Aug-2007","-","03-Sep-2007","06-Sep-2007"
"PNC","PNC Media and Entertainment Limited","EQ","Agm/Dividend-10%","10","30-Aug-2007","-","01-Sep-2007","05-Sep-2007"
"TV-18","Television Eighteen India Limited","EQ","Agm","5","30-Aug-2007","-","03-Sep-2007","07-Sep-2007"
"ADHUNIK","Adhunik Metaliks Limited","EQ","Agm/Dividend-10%","10","30-Aug-2007","-","01-Sep-2007","14-Sep-2007"
"VARDMNPOLY","Vardhman Polytex Limited","EQ","Agm/Final Dividend-7%","1","30-Aug-2007","-","01-Sep-2007","11-Sep-2007"
"BHEL","Bharat Heavy Electricals Limited","EQ","Agm/Final Dividend-60%","2","30-Aug-2007","-","03-Sep-2007","17-Sep-2007"
"JBFIND","JBF Industries Limited","EQ","Agm/Dividend-22.50%","10","30-Aug-2007","-","03-Sep-2007","07-Sep-2007"
"SUNDRMFAST","Sundram Fasteners Limited","EQ","Agm                      Bc Revised","1","30-Aug-2007","-","01-Sep-2007","10-Sep-2007"
"BALAMINES","Balaji Amines Limited","EQ","Agm/Dividend-15%         Purpose Revised","2","30-Aug-2007","-","01-Sep-2007","06-Sep-2007"
"KARUNACAB","Karuna Cables Limited","EQ","Agm","2","30-Aug-2007","-","01-Sep-2007","07-Sep-2007"
"PREMIERPOL","Premier Polyfilm Limited","EQ","Agm","1","30-Aug-2007","-","01-Sep-2007","10-Sep-2007"
"IFBIND","IFB Industries Limited","EQ","Agm","10","30-Aug-2007","-","03-Sep-2007","05-Sep-2007"
"MANUGRAPH","Manugraph India Limited","EQ","Fin Div-Re.1/- Per Sh","2","30-Aug-2007","-","01-Sep-2007","11-Sep-2007"
"GOLDIAM","Goldiam International Limited","EQ","Agm","2","30-Aug-2007","-","01-Sep-2007","05-Sep-2007"
"COFORGE","Coforge Limited","EQ","Bonus 1:2","2","30-Aug-2007","31-Aug-2007","-","-"
"MOTHERSON","Samvardhana Motherson International Limited","EQ","Bonus 1:2","1","30-Aug-2007","31-Aug-2007","-","-"
"BRITANNIA","Britannia Industries Limited","EQ","Agm/Div-Rs.15/- Per Sh","1","30-Aug-2007","-","03-Sep-2007","19-Sep-2007"
"VAKRANGEE","Vakrangee Limited","EQ","Agm/Div-Rs.1.50 Per Sh","1","30-Aug-2007","-","03-Sep-2007","08-Sep-2007"
"AXISCADES","AXISCADES Technologies Limited","EQ","Agm","5","30-Aug-2007","-","01-Sep-2007","28-Sep-2007"
"CINEMAX","Cinemax India Limited","EQ","Dividend-Re.0.22 Per Sh","10","30-Aug-2007","-","01-Sep-2007","07-Sep-2007"
"DIGJAM","Digjam Limited","EQ","Agm","10","30-Aug-2007","-","01-Sep-2007","11-Sep-2007"
"PENTACOMMU","Pentasoft Technologies Limited","EQ","Agm","10","30-Aug-2007","-","01-Sep-2007","07-Sep-2007"
"TV18BRDCST","TV18 Broadcast Limited","EQ","Agm","2","30-Aug-2007","-","03-Sep-2007","07-Sep-2007"
"TVSSRICHAK","TVS Srichakra Limited","EQ","Agm/Dividend-25%","10","30-Aug-2007","-","01-Sep-2007","14-Sep-2007"
"TIIL","Technocraft Industries (India) Limited","EQ","Dividend-15%","10","30-Aug-2007","-","01-Sep-2007","07-Sep-2007"
"EDUCOMP","Educomp Solutions Limited","EQ","Agm/Final Dividend-20%   Bc Start Date Revised","2","31-Aug-2007","-","04-Sep-2007","13-Sep-2007"
"NORTHGATE","Northgate Technologies Limited","EQ","Bonus 1:1","10","31-Aug-2007","03-Sep-2007","-","-"
"INDUSINDBK","IndusInd Bank Limited","EQ","Agm/Dividend-6%          Purpose Revised","10","31-Aug-2007","-","04-Sep-2007","18-Sep-2007"
"IFBAGRO","IFB Agro Industries Limited","EQ","Agm","10","31-Aug-2007","-","04-Sep-2007","07-Sep-2007"
"INSPIRISYS","Inspirisys Solutions Limited","EQ","Agm","10","31-Aug-2007","-","04-Sep-2007","06-Sep-2007"
"IVRCLINFRA","IVRCL Limited","EQ","Agm/Div-Re.1/- Per Sh","2","31-Aug-2007","-","04-Sep-2007","07-Sep-2007"
"UCAL","UCAL LIMITED","EQ","Agm/Dividend-10%","10","31-Aug-2007","-","04-Sep-2007","14-Sep-2007"
"NKIND","NK Industries Limited","EQ","Agm","10","03-Sep-2007","-","05-Sep-2007","26-Sep-2007"
"MBECL","Mcnally Bharat Engineering Company Limited","EQ","Agm/Dividend - 10%","10","03-Sep-2007","-","05-Sep-2007","10-Sep-2007"
"BARTRONICS","Bartronics India Limited","EQ","Agm","10","03-Sep-2007","-","05-Sep-2007","06-Sep-2007"
"AGI","AGI Greenpac Limited","EQ","Agm/Final Dividend-50%","2","03-Sep-2007","-","05-Sep-2007","15-Sep-2007"
"VOLTAMP","Voltamp Transformers Limited","EQ","Dividend-80%","10","03-Sep-2007","-","05-Sep-2007","14-Sep-2007"
"NAHARPOLY","Nahar Poly Films Limited","EQ","Dividend-15%","5","03-Sep-2007","-","05-Sep-2007","10-Sep-2007"
"LUMAXAUTO","Lumax Automotive Systems Limited","EQ","Agm/Dividend-12%         Purpose Revised","10","03-Sep-2007","-","05-Sep-2007","25-Sep-2007"
"GUJSIDHCEM","Gujarat Sidhee Cements Limited","EQ","Agm","10","04-Sep-2007","-","06-Sep-2007","14-Sep-2007"
"UFLEX","UFLEX Limited","EQ","Agm/Fin Div-Rs.2/- Per Sh","10","04-Sep-2007","-","06-Sep-2007","13-Sep-2007"
"IGL","Indraprastha Gas Limited","EQ","Agm/Dividend-30%","2","04-Sep-2007","-","06-Sep-2007","12-Sep-2007"
"SOTL","Savita Oil Technologies Limited","EQ","Agm/Final Dividend-25%","2","04-Sep-2007","-","06-Sep-2007","12-Sep-2007"
"PEARLPOLY","Pearl Polymers Limited","EQ","Agm","10","04-Sep-2007","-","06-Sep-2007","19-Sep-2007"
"CRANESSOFT","Cranes Software International Limited","EQ","Agm/Dividend-50%","2","04-Sep-2007","-","06-Sep-2007","13-Sep-2007"
"BPCL","Bharat Petroleum Corporation Limited","EQ","Agm/Final Dividend-100%","10","04-Sep-2007","-","06-Sep-2007","19-Sep-2007"
"AMDIND","AMD Industries Limited","EQ","Final Dividend-5%","10","04-Sep-2007","-","06-Sep-2007","10-Sep-2007"
"TEAMGTY","Team India Guaranty Limited","EQ","Agm","10","04-Sep-2007","-","06-Sep-2007","12-Sep-2007"
"GLFL","Gujarat Lease Financing Limited","EQ","Agm","10","04-Sep-2007","-","06-Sep-2007","13-Sep-2007"
"SIRPAPER","The Sirpur Paper Mills Limited","EQ","Agm/Dividend-35%","10","05-Sep-2007","-","07-Sep-2007","13-Sep-2007"
"STERTOOLS","Sterling Tools Limited","EQ","Agm","2","05-Sep-2007","-","07-Sep-2007","11-Sep-2007"
"HITECHGEAR","The Hi-Tech Gears Limited","EQ","Agm/Final Dividend-10%","10","05-Sep-2007","-","07-Sep-2007","17-Sep-2007"
"ENGINERSIN","Engineers India Limited","EQ","Agm/Final Dividend-60%","5","05-Sep-2007","-","07-Sep-2007","17-Sep-2007"
"MFSL","Max Financial Services Limited","EQ","Agm","2","05-Sep-2007","-","07-Sep-2007","14-Sep-2007"
"SKMEGGPROD","SKM Egg Products Export (India) Limited","EQ","Agm/Dividend-5%","5","05-Sep-2007","-","07-Sep-2007","11-Sep-2007"
"NITINSPIN","Nitin Spinners Limited","EQ","Agm","10","05-Sep-2007","-","07-Sep-2007","14-Sep-2007"
"RKFORGE","Ramkrishna Forgings Limited","EQ","Agm/Dividend-10%","2","05-Sep-2007","-","07-Sep-2007","15-Sep-2007"
"DONEAR","Donear Industries Limited","EQ","Agm/Div-Rs.1.50 Per Sh","2","05-Sep-2007","-","07-Sep-2007","14-Sep-2007"
"INDIABULLS","Indiabulls Financial Services Limited","EQ","Agm/Div-Re.1/- Per Sh","2","06-Sep-2007","-","10-Sep-2007","17-Sep-2007"
"SUNFLAG","Sunflag Iron And Steel Company Limited","EQ","Agm/Dividend-2.50%","10","06-Sep-2007","-","08-Sep-2007","25-Sep-2007"
"ZANDUREALT","Zandu Realty Limited","EQ","Spl Div - Rs.15/- Per Sh Purpose Revised","100","06-Sep-2007","-","08-Sep-2007","12-Sep-2007"
"SALSTEEL","S.A.L. Steel Limited","EQ","Agm","10","06-Sep-2007","-","10-Sep-2007","24-Sep-2007"
"SWARAJENG","Swaraj Engines Limited","EQ","Agm","10","06-Sep-2007","-","10-Sep-2007","15-Sep-2007"
"STER","Sterlite Industries ( India ) Limited","EQ","Agm","1","06-Sep-2007","-","10-Sep-2007","15-Sep-2007"
"POLYPLEX","Polyplex Corporation Limited","EQ","Agm/Final Dividend-40%","10","06-Sep-2007","-","08-Sep-2007","15-Sep-2007"
"GSFC","Gujarat State Fertilizers & Chemicals Limited","EQ","Agm/Dividend-45%","2","06-Sep-2007","-","08-Sep-2007","21-Sep-2007"
"NOIDATOLL","Noida Toll Bridge Company Limited","EQ","Agm","10","06-Sep-2007","-","10-Sep-2007","20-Sep-2007"
"NRC","NRC Limited","EQ","Agm","10","06-Sep-2007","-","10-Sep-2007","21-Sep-2007"
"MADRASFERT","Madras Fertilizers Limited","EQ","Agm","10","06-Sep-2007","-","08-Sep-2007","11-Sep-2007"
"CREWBOS","Crew B.O.S. Products Limited","EQ","Agm/Dividend-7.5%","10","06-Sep-2007","-","10-Sep-2007","17-Sep-2007"
"PROVOGUE","Provogue (India) Limited","EQ","Agm/Dividend-15%","2","06-Sep-2007","-","08-Sep-2007","14-Sep-2007"
"CLASSIC","Classic Diamonds (India) Limited","EQ","Agm/Dividend-25%","2","06-Sep-2007","-","10-Sep-2007","17-Sep-2007"
"GAEL","Gujarat Ambuja Exports Limited","EQ","Agm/Dividend-18%","1","06-Sep-2007","-","10-Sep-2007","25-Sep-2007"
"DHARSUGAR","Dharani Sugars & Chemicals Limited","EQ","Agm","10","06-Sep-2007","-","10-Sep-2007","17-Sep-2007"
"KEI","KEI Industries Limited","EQ","Agm/Dividend-25%","2","06-Sep-2007","-","09-Sep-2007","13-Sep-2007"
"SHAHALLOYS","Shah Alloys Limited","EQ","Agm/Dividend-10%","10","06-Sep-2007","-","10-Sep-2007","24-Sep-2007"
"MAHLIFE","Mahindra Lifespace Developers Limited","EQ","Agm/Dividend-15%         Purpose Revised","10","06-Sep-2007","-","10-Sep-2007","17-Sep-2007"
"PUNJABTRAC","Punjab Tractors Limited","EQ","Agm","10","06-Sep-2007","-","10-Sep-2007","15-Sep-2007"
"LGBROS","LG Balakrishnan & Bros Limited","EQ","Dividend-50%","1","06-Sep-2007","-","10-Sep-2007","24-Sep-2007"
"JINDALSTEL","JINDAL STEEL LIMITED","EQ","Agm/Dividend-240%","1","06-Sep-2007","-","10-Sep-2007","15-Sep-2007"
"JBMA","JBM Auto Limited","EQ","Agm/Div-Rs.2/- Per Sh","1","06-Sep-2007","-","08-Sep-2007","20-Sep-2007"
"TRIGYN","Trigyn Technologies Limited","EQ","Agm","10","06-Sep-2007","-","10-Sep-2007","17-Sep-2007"
"UNIENTER","Uniphos Enterprises Limited","EQ","Agm","2","06-Sep-2007","-","08-Sep-2007","11-Sep-2007"
"DREDGECORP","Dredging Corporation of India Limited","EQ","Agm/Fin Div-Rs.9/- Per Sh","10","06-Sep-2007","-","08-Sep-2007","28-Sep-2007"
"HSCL","Himadri Speciality Chemical Limited","EQ","Agm/Dividend-50%","1","06-Sep-2007","-","08-Sep-2007","18-Sep-2007"
"ZENITHSTL","Zenith Steel Pipes & Industries Limited","EQ","Agm/Dividend-6%          Bc Dates Revised","10","06-Sep-2007","-","10-Sep-2007","14-Sep-2007"
"EMBDL","Embassy Developments Limited","EQ","Agm","2","06-Sep-2007","-","10-Sep-2007","17-Sep-2007"
"UPL","UPL Limited","EQ","Agm","2","06-Sep-2007","-","08-Sep-2007","14-Sep-2007"
"MANINDS","Man Industries (India) Limited","EQ","Agm/Dividend-30%","5","06-Sep-2007","-","10-Sep-2007","14-Sep-2007"
"GITANJALI","Gitanjali Gems Limited","EQ","Agm/Dividend-15%","10","06-Sep-2007","-","08-Sep-2007","20-Sep-2007"
"INDRAMEDCO","Indraprastha Medical Corporation Limited","EQ","Agm/Dividend-12.5%","10","07-Sep-2007","-","11-Sep-2007","21-Sep-2007"
"SOMATEX","Soma Textiles & Industries Limited","EQ","Agm","10","07-Sep-2007","-","11-Sep-2007","17-Sep-2007"
"BALPHARMA","Bal Pharma Limited","EQ","Agm/Dividend-7.5%","10","07-Sep-2007","-","11-Sep-2007","20-Sep-2007"
"SANDESH","The Sandesh Limited","EQ","Agm/Dividend - 25%","10","07-Sep-2007","-","11-Sep-2007","20-Sep-2007"
"GEMINI","Gemini Communication Limited","EQ","Agm/Dividend-20%","1","07-Sep-2007","-","11-Sep-2007","14-Sep-2007"
"PFC","Power Finance Corporation Limited","EQ","Agm/Final Dividend-10%","10","07-Sep-2007","-","11-Sep-2007","25-Sep-2007"
"GTOFFSHORE","GOL Offshore Limited","EQ","Interim Dividend-80%     Purpose Revised","10","07-Sep-2007","10-Sep-2007","-","-"
"VINYLCHEM","Vinyl Chemicals (India) Limited","EQ","Agm","10","07-Sep-2007","-","11-Sep-2007","26-Sep-2007"
"ASHAPURMIN","Ashapura Minechem Limited","EQ","Agm/Div-Rs.3/- Per Sh","2","07-Sep-2007","-","11-Sep-2007","18-Sep-2007"
"BEL","Bharat Electronics Limited","EQ","Agm/Final Dividend-140%","1","07-Sep-2007","-","11-Sep-2007","20-Sep-2007"
"OCL","OCL India Limited","EQ","Agm","2","07-Sep-2007","-","11-Sep-2007","17-Sep-2007"
"SITINET","Siti Networks Limited","EQ","Agm","1","07-Sep-2007","-","11-Sep-2007","18-Sep-2007"
"MPHASIS","MphasiS Limited","EQ","Agm/Fin Div-Rs.3/- Per Sh","10","07-Sep-2007","-","11-Sep-2007","14-Sep-2007"
"UTTAMSTL","Uttam Galva Steels Limited","EQ","Agm","10","07-Sep-2007","-","11-Sep-2007","22-Sep-2007"
"IOC","Indian Oil Corporation Limited","EQ","Agm/Final Dividend-130%","10","10-Sep-2007","-","12-Sep-2007","24-Sep-2007"
"SIMPLEXINF","Simplex Infrastructures Limited","EQ","Dividend-80%","2","10-Sep-2007","-","12-Sep-2007","19-Sep-2007"
"SUPREMETEX","Supreme Tex Mart Limited","EQ","Agm/Final Dividend-10%","5","10-Sep-2007","-","12-Sep-2007","15-Sep-2007"
"ONGC","Oil & Natural Gas Corporation Limited","EQ","Agm/Final Dividend-130%","5","10-Sep-2007","-","12-Sep-2007","19-Sep-2007"
"SIGROUPIND","SI Group - India Limited","EQ","Agm","10","10-Sep-2007","-","12-Sep-2007","26-Sep-2007"
"ORIENTBELL","Orient Bell Limited","EQ","Agm/Dividend-10%","10","10-Sep-2007","-","12-Sep-2007","17-Sep-2007"
"GDL","Gateway Distriparks Limited","EQ","Agm","10","10-Sep-2007","-","12-Sep-2007","20-Sep-2007"
"GLENMARK","Glenmark Pharmaceuticals Limited","EQ","Agm/Fv Split Rs.2 To Re.1","1","10-Sep-2007","-","17-Sep-2007","20-Sep-2007"
"IFCI","IFCI Limited","EQ","Agm","10","10-Sep-2007","-","12-Sep-2007","21-Sep-2007"
"CAIRN","Cairn India Limited","EQ","Agm","10","10-Sep-2007","-","12-Sep-2007","20-Sep-2007"
"XCHANGING","Xchanging Solutions Limited","EQ","Agm","10","10-Sep-2007","-","12-Sep-2007","19-Sep-2007"
"GSPL","Gujarat State Petronet Limited","EQ","Agm/Dividend-5%","10","10-Sep-2007","-","12-Sep-2007","21-Sep-2007"
"TNPETRO","Tamilnadu PetroProducts Limited","EQ","Agm","10","10-Sep-2007","-","12-Sep-2007","28-Sep-2007"
"WELLWININD","Wellwin Industry Limited","EQ","Agm","10","11-Sep-2007","-","13-Sep-2007","17-Sep-2007"
"SURYAROSNI","Surya Roshni Limited","EQ","Agm/Dividend-15%","5","11-Sep-2007","-","13-Sep-2007","18-Sep-2007"
"NFL","National Fertilizers Limited","EQ","Agm/Dividend-10.77%","10","11-Sep-2007","-","13-Sep-2007","27-Sep-2007"
"BLUEBLENDS","Blue Blends (I) Limited","EQ","Agm","10","11-Sep-2007","-","13-Sep-2007","14-Sep-2007"
"ANSALAPI","Ansal Properties & Infrastructure Limited","EQ","Agm/Final Dividend-10%","5","11-Sep-2007","-","13-Sep-2007","22-Sep-2007"
"PARACABLES","Paramount Communications Limited","EQ","Agm/Dividend-20%","2","11-Sep-2007","-","13-Sep-2007","17-Sep-2007"
"CHOLAFIN","Cholamandalam Investment and Finance Company Limited","EQ","Rights Equity/Warrant","2","11-Sep-2007","18-Sep-2007","-","-"
"TATASTLBSL","Tata Steel Bsl Limited","EQ","Agm/Dividend-25%","2","11-Sep-2007","-","13-Sep-2007","15-Sep-2007"
"JPPOWER","Jaiprakash Power Ventures Limited","EQ","Int Div-Re.0.75 Per Share","10","11-Sep-2007","12-Sep-2007","-","-"
"NAGREEKEXP","Nagreeka Exports Limited","EQ","Agm/Dividend-15%","5","12-Sep-2007","-","14-Sep-2007","21-Sep-2007"
"CREATIVEYE","Creative Eye Limited","EQ","Agm","5","12-Sep-2007","-","14-Sep-2007","21-Sep-2007"
"MURLIIND","Murli Industries Limited","EQ","Agm","2","12-Sep-2007","-","14-Sep-2007","15-Sep-2007"
"JINDALPHOT","Jindal Photo Limited","EQ","Agm/Final Dividend-10%   Purpose Revised","10","12-Sep-2007","-","14-Sep-2007","18-Sep-2007"
"CONSOFINVT","Consolidated Finvest & Holdings Limited","EQ","Agm/Dividend-5%          Purpose Revised","10","12-Sep-2007","-","14-Sep-2007","18-Sep-2007"
"SURYAPHARM","Surya Pharmaceutical Limited","EQ","Agm","1","12-Sep-2007","-","14-Sep-2007","14-Sep-2007"
"KHAITANLTD","Khaitan (India) Limited","EQ","Agm","10","12-Sep-2007","-","14-Sep-2007","21-Sep-2007"
"KOTHARIPRO","Kothari Products Limited","EQ","Agm/Dividend-90%","10","12-Sep-2007","-","14-Sep-2007","21-Sep-2007"
"SUNILHITEC","Sunil Hitech Engineers Limited","EQ","Agm/Dividend-12%","1","12-Sep-2007","-","14-Sep-2007","20-Sep-2007"
"BASML","Bannari Amman Spinning Mills Limited","EQ","Agm/Dividend-20%","5","12-Sep-2007","-","14-Sep-2007","24-Sep-2007"
"PRASGLOFIN","Silicon Valley Infotech Limited","EQ","Agm","1","12-Sep-2007","-","14-Sep-2007","18-Sep-2007"
"KOTHARIPET","Kothari Petrochemicals Limited","EQ","Agm","10","12-Sep-2007","-","14-Sep-2007","20-Sep-2007"
"MERCATOR","Mercator Limited","EQ","Dividend-100%","1","12-Sep-2007","-","14-Sep-2007","26-Sep-2007"
"HINDZINC","Hindustan Zinc Limited","EQ","Agm/Dividend-25%","2","12-Sep-2007","-","14-Sep-2007","20-Sep-2007"
"RAMSARUP","Ramsarup Industries Limited","EQ","Agm/Dividend-5%","10","12-Sep-2007","-","14-Sep-2007","20-Sep-2007"
"SHIVTEX","Shiva Texyarn Limited","EQ","Agm/Dividend-15%","10","12-Sep-2007","-","14-Sep-2007","24-Sep-2007"
"TFCILTD","Tourism Finance Corporation of India Limited","EQ","Dividend-5% / Ann Bk Clos","2","12-Sep-2007","-","14-Sep-2007","21-Sep-2007"
"SORILINFRA","SORIL Infra Resources Limited","EQ","Agm","10","12-Sep-2007","-","14-Sep-2007","20-Sep-2007"
"SOLARINDS","Solar Industries India Limited","EQ","Agm/Dividend-15%","2","12-Sep-2007","-","14-Sep-2007","22-Sep-2007"
"BLKASHYAP","B. L. Kashyap and Sons Limited","EQ","Agm/Dividend-35%","1","12-Sep-2007","-","14-Sep-2007","21-Sep-2007"
"POCHIRAJU","Pochiraju Industries Limited","EQ","Agm","10","12-Sep-2007","-","14-Sep-2007","21-Sep-2007"
"GAMMONIND","Gammon India Limited","EQ","Final Dividend-5%","2","12-Sep-2007","-","14-Sep-2007","18-Sep-2007"
"DELTAMAGNT","Delta Manufacturing Limited","EQ","Agm","10","12-Sep-2007","-","14-Sep-2007","21-Sep-2007"
"PENINLAND","Peninsula Land Limited","EQ","Agm/Dividend-30%","2","13-Sep-2007","-","15-Sep-2007","21-Sep-2007"
"JAYPEEHOT","Jaypee Hotels Limited","EQ","Agm/Dividend-18%","10","13-Sep-2007","-","15-Sep-2007","27-Sep-2007"
"SSWL","Steel Strips Wheels Limited","EQ","Agm/Dividend-16%","1","13-Sep-2007","-","15-Sep-2007","27-Sep-2007"
"SUPERFORGE","Super Forgings & Steels Limited","EQ","Agm                      Bc Start Date Revised","10","13-Sep-2007","-","17-Sep-2007","25-Sep-2007"
"PTC","PTC India Limited","EQ","Agm/Dividend-10%","10","13-Sep-2007","-","15-Sep-2007","28-Sep-2007"
"SAITELE","Sai Television Limited","EQ","Agm","10","13-Sep-2007","-","17-Sep-2007","21-Sep-2007"
"WSTCSTPAPR","West Coast Paper Mills Limited","EQ","Dividend-Rs.15/- Per Sh","2","13-Sep-2007","-","15-Sep-2007","29-Sep-2007"
"WANBURY","Wanbury Limited","EQ","Agm/Dividend-20%","10","13-Sep-2007","-","17-Sep-2007","27-Sep-2007"
"SOMANYCERA","Somany Ceramics Limited","EQ","Agm","2","13-Sep-2007","-","15-Sep-2007","29-Sep-2007"
"MALUPAPER","Malu Paper Mills Limited","EQ","Agm","10","13-Sep-2007","-","17-Sep-2007","21-Sep-2007"
"BIL","Bhartiya International Limited","EQ","Dividend-15%","10","13-Sep-2007","-","17-Sep-2007","27-Sep-2007"
"RADAAN","Radaan Mediaworks India Limited","EQ","Agm","2","13-Sep-2007","-","17-Sep-2007","24-Sep-2007"
"LAKSHVILAS","Lakshmi Vilas Bank Limited","EQ","Agm/Dividend-7%","10","13-Sep-2007","-","15-Sep-2007","26-Sep-2007"
"HINDSYNTEX","Hind Syntex Limited","EQ","Agm","10","13-Sep-2007","-","17-Sep-2007","29-Sep-2007"
"ABHISHEK","Abhishek Corporation Limited","EQ","Agm","10","13-Sep-2007","-","15-Sep-2007","21-Sep-2007"
"GLODYNE","Glodyne Technoserve Limited","EQ","Agm/Div Fin-10% + Spl-2%","6","13-Sep-2007","-","15-Sep-2007","24-Sep-2007"
"UTVSOF","UTV Software Communications Limited","EQ","Agm","10","13-Sep-2007","-","17-Sep-2007","25-Sep-2007"
"BIRLAPOWER","Birla Power Solutions Limited","EQ","Agm/Dividend-6%","1","13-Sep-2007","-","17-Sep-2007","19-Sep-2007"
"BSL","BSL Limited","EQ","Agm/Dividend-5%","10","13-Sep-2007","-","17-Sep-2007","25-Sep-2007"
"KAJARIACER","Kajaria Ceramics Limited","EQ","Agm/Dividend-10%","1","13-Sep-2007","-","17-Sep-2007","26-Sep-2007"
"RICOAUTO","Rico Auto Industries Limited","EQ","Agm","1","13-Sep-2007","-","17-Sep-2007","28-Sep-2007"
"SABERORGAN","Sabero Organics Gujarat Limited","EQ","Agm","10","13-Sep-2007","-","17-Sep-2007","25-Sep-2007"
"JETAIRWAYS","Jet Airways (India) Limited","EQ","Agm/Div-Rs.6/- Per Sh","10","13-Sep-2007","-","15-Sep-2007","27-Sep-2007"
"PEPL","Pearl Engineering Polymers Limited","EQ","Agm","10","13-Sep-2007","-","17-Sep-2007","28-Sep-2007"
"KHAITANELE","Khaitan Electricals Limited","EQ","Agm/Dividend-20%","10","13-Sep-2007","-","15-Sep-2007","25-Sep-2007"
"JCTELEC","JCT Electronics Limited","EQ","Agm","10","13-Sep-2007","-","17-Sep-2007","21-Sep-2007"
"PENTSFWARE","Pentamedia Graphics Limited","EQ","Agm","10","13-Sep-2007","-","15-Sep-2007","21-Sep-2007"
"V2RETAIL","V2 Retail Limited","EQ","Agm","1","13-Sep-2007","-","15-Sep-2007","18-Sep-2007"
"POLARIND","Polar Industries Limited","EQ","Agm","10","13-Sep-2007","-","17-Sep-2007","22-Sep-2007"
"SAGCEM","Sagar Cements Limited","EQ","Agm","2","13-Sep-2007","-","17-Sep-2007","24-Sep-2007"
"CURATECH","Cura Technologies Limited","EQ","Agm/Dividend-4%","10","13-Sep-2007","-","17-Sep-2007","20-Sep-2007"
"IGARASHI","Igarashi Motors India Limited","EQ","Agm/Dividend-15%","10","13-Sep-2007","-","15-Sep-2007","29-Sep-2007"
"PARAL","Parekh Aluminex Limited","EQ","Agm/Div-Rs.1.60 Per Sh","10","13-Sep-2007","-","15-Sep-2007","22-Sep-2007"
"WEBELSOLAR","Websol Energy System Limited","EQ","Agm/Dividend-10%","1","13-Sep-2007","-","17-Sep-2007","28-Sep-2007"
"BLUECHIP","Blue Chip India Limited","EQ","Agm","2","13-Sep-2007","-","17-Sep-2007","20-Sep-2007"
"BEPL","Bhansali Engineering Polymers Limited","EQ","Agm/Dividend-10%","1","13-Sep-2007","-","15-Sep-2007","22-Sep-2007"
"ANTELOPUS","Antelopus Selan Energy Limited","EQ","Agm","10","13-Sep-2007","-","17-Sep-2007","24-Sep-2007"
"TVSELECT","TVS Electronics Limited","EQ","Agm/Div-Re.0.75 Per Sh","10","13-Sep-2007","-","17-Sep-2007","24-Sep-2007"
"ACCELYA","Accelya Solutions India Limited","EQ","Agm/Div-Rs.1.25 Per Sh","10","13-Sep-2007","-","17-Sep-2007","28-Sep-2007"
"CREST","Crest Ventures Limited","EQ","Dividend-20%","10","13-Sep-2007","-","15-Sep-2007","25-Sep-2007"
"TVTODAY","TV Today Network Limited","EQ","Agm/Dividend-15%","5","13-Sep-2007","-","17-Sep-2007","26-Sep-2007"
"SATHAISPAT","Sathavahana Ispat Limited","EQ","Agm/Dividend-10%","10","13-Sep-2007","-","15-Sep-2007","29-Sep-2007"
"JISLJALEQS","Jain Irrigation Systems Limited","EQ","Agm/Div-Rs.2/- Per Sh","2","13-Sep-2007","-","17-Sep-2007","29-Sep-2007"
"BPL","BPL Limited","EQ","Agm","10","13-Sep-2007","-","17-Sep-2007","28-Sep-2007"
"EASTSILK","Eastern Silk Industries Limited","EQ","Agm/Dividend-45%","2","13-Sep-2007","-","17-Sep-2007","26-Sep-2007"
"SADBHAV","Sadbhav Engineering Limited","EQ","Agm/Dividend-35%","1","13-Sep-2007","-","17-Sep-2007","29-Sep-2007"
"SUBROS","Subros Limited","EQ","Agm/Dividend-40%","2","13-Sep-2007","-","15-Sep-2007","24-Sep-2007"
"VIPIND","VIP Industries Limited","EQ","Agm/Div-Rs.2.50 Per Sh","2","14-Sep-2007","-","18-Sep-2007","27-Sep-2007"
"ASIANELEC","Asian Electronics Limited","EQ","Agm/Dividend-45%","5","14-Sep-2007","-","18-Sep-2007","27-Sep-2007"
"PRAENG","Prajay Engineers Syndicate Limited","EQ","Agm/Dividend-25%         Purpose Revised","10","14-Sep-2007","-","18-Sep-2007","26-Sep-2007"
"KOHINOOR","Kohinoor Foods Limited","EQ","Agm/Dividend-10%","10","14-Sep-2007","-","18-Sep-2007","21-Sep-2007"
"RSWM","RSWM Limited","EQ","Agm","10","14-Sep-2007","-","18-Sep-2007","27-Sep-2007"
"GIPCL","Gujarat Industries Power Company Limited","EQ","Agm/Dividend-5%","10","14-Sep-2007","-","18-Sep-2007","28-Sep-2007"
"NATIONALUM","National Aluminium Company Limited","EQ","Agm/Final Dividend-25%","5","14-Sep-2007","-","18-Sep-2007","21-Sep-2007"
"RAMANEWS","Shree Rama Newsprint Limited","EQ","Agm","10","14-Sep-2007","-","18-Sep-2007","27-Sep-2007"
"INDIACEM","The India Cements Limited","EQ","Agm/Dividend-10%","10","14-Sep-2007","-","18-Sep-2007","24-Sep-2007"
"SPLIL","SPL Industries Limited","EQ","Agm/Dividend-10%","10","14-Sep-2007","-","18-Sep-2007","28-Sep-2007"
"ALOKTEXT","Alok Industries Limited","EQ","Agm/Dividend-14%","10","14-Sep-2007","-","18-Sep-2007","25-Sep-2007"
"AUROPHARMA","Aurobindo Pharma Limited","EQ","Agm/Dividend-50%","1","14-Sep-2007","-","18-Sep-2007","27-Sep-2007"
"DHANBANK","Dhanlaxmi Bank Limited","EQ","Agm","10","14-Sep-2007","-","18-Sep-2007","26-Sep-2007"
"FIRSTLEASE","First Leasing Company of India Limited","EQ","Agm/Dividend-22.50%","10","14-Sep-2007","-","18-Sep-2007","24-Sep-2007"
"DUNCANSIND","Duncans Industries Limited","EQ","Agm","10","14-Sep-2007","-","18-Sep-2007","25-Sep-2007"
"QUINTEGRA","Quintegra Solutions Limited","EQ","Agm/Dividend-6%","10","14-Sep-2007","-","18-Sep-2007","26-Sep-2007"
"AARTIIND","Aarti Industries Limited","EQ","Agm","5","14-Sep-2007","-","18-Sep-2007","24-Sep-2007"
"RAJESHEXPO","Rajesh Exports Limited","EQ","Agm/Dividend-100%","1","14-Sep-2007","-","18-Sep-2007","22-Sep-2007"
"NISSAN","Nissan Copper Limited","EQ","Agm/Dividend-5%","1","14-Sep-2007","-","18-Sep-2007","20-Sep-2007"
"HGS","Hinduja Global Solutions Limited","EQ","Agm/Div-Rs.5/- Per Sh","10","14-Sep-2007","-","18-Sep-2007","24-Sep-2007"
"NOVAIRNSTL","Nova Iron & Steel Limited","EQ","Agm","10","14-Sep-2007","-","18-Sep-2007","29-Sep-2007"
"LUMAXTECH","Lumax Auto Technologies Limited","EQ","Agm/Dividend-15%","2","14-Sep-2007","-","18-Sep-2007","24-Sep-2007"
"ASIANHOTEL","Asian Hotels Limited","EQ","Agm/Final Dividend-20%","10","14-Sep-2007","-","18-Sep-2007","21-Sep-2007"
"GPIL","Godawari Power And Ispat limited","EQ","Agm/Dividend-20%","1","14-Sep-2007","-","18-Sep-2007","25-Sep-2007"
"PRECWIRE","Precision Wires India Limited","EQ","Agm/Div-Rs.3.50/- Per Sh","1","14-Sep-2007","-","18-Sep-2007","26-Sep-2007"
"CHETTINAD","Chettinad Cement Corporation Limited","EQ","Agm/Dividend-75%","10","14-Sep-2007","-","18-Sep-2007","25-Sep-2007"
"THEMISMED","Themis Medicare Limited","EQ","Agm/Dividend-20%","1","14-Sep-2007","-","18-Sep-2007","22-Sep-2007"
"NDLVENTURE","NDL Ventures Limited","EQ","Agm/Div-Rs.10/- Per Sh","10","14-Sep-2007","-","18-Sep-2007","24-Sep-2007"
"SMLMAH","SML Mahindra Limited","EQ","Agm/Dividend-55%","10","14-Sep-2007","-","18-Sep-2007","25-Sep-2007"
"PRESSMN","Pressman Advertising Limited","EQ","Agm","2","14-Sep-2007","-","18-Sep-2007","22-Sep-2007"
"DCMSHRIRAM","DCM Shriram Limited","EQ","Interim Dividend-150%","2","14-Sep-2007","17-Sep-2007","-","-"
"ZODIACLOTH","Zodiac Clothing Company Limited","EQ","Agm/Fin Div-Re.1/- Per Sh","10","14-Sep-2007","-","18-Sep-2007","25-Sep-2007"
"HARRMALAYA","Harrisons  Malayalam Limited","EQ","Agm/Dividend-15%","10","14-Sep-2007","-","18-Sep-2007","28-Sep-2007"
"GMDCLTD","Gujarat Mineral Development Corporation Limited","EQ","Dividend-100%","2","14-Sep-2007","-","18-Sep-2007","29-Sep-2007"
"MSPL","MSP Steel & Power Limited","EQ","Agm","10","14-Sep-2007","-","18-Sep-2007","19-Sep-2007"
"NCLIND","NCL Industries Limited","EQ","Agm/Dividend-20%","10","17-Sep-2007","-","19-Sep-2007","26-Sep-2007"
"TAINWALCHM","Tainwala Chemical and Plastic (I) Limited","EQ","Agm","10","17-Sep-2007","-","19-Sep-2007","27-Sep-2007"
"ARCHIES","Archies Limited","EQ","Agm","2","17-Sep-2007","-","19-Sep-2007","26-Sep-2007"
"ATNINTER","ATN International Limited","EQ","Agm","4","17-Sep-2007","-","19-Sep-2007","22-Sep-2007"
"AUTORIDFIN","Autoriders Finance Limited","EQ","Agm","10","17-Sep-2007","-","19-Sep-2007","28-Sep-2007"
"CINEVISTA","Cinevista Limited","EQ","Agm","2","17-Sep-2007","-","19-Sep-2007","25-Sep-2007"
"MUNJALAU","Munjal Auto Industries Limited","EQ","Agm/Dividend-50%","2","17-Sep-2007","-","19-Sep-2007","22-Sep-2007"
"FMGOETZE","Federal-Mogul Goetze (India) Limited.","EQ","Rgts-Eq 29:100@Prem Rs135","10","17-Sep-2007","24-Sep-2007","-","-"
"ADVANIHOTR","Advani Hotels & Resorts (India) Limited","EQ","Agm","2","17-Sep-2007","-","19-Sep-2007","26-Sep-2007"
"TECILCHEM","TECIL Chemicals and Hydro Power Limited","EQ","Agm","10","17-Sep-2007","-","19-Sep-2007","26-Sep-2007"
"CHESLINTEX","Cheslind Textiles Limited","EQ","Agm","10","17-Sep-2007","-","19-Sep-2007","29-Sep-2007"
"ELECTCAST","Electrosteel Castings Limited","EQ","Fv Split Rs.10/- To Re.1/","1","17-Sep-2007","24-Sep-2007","-","-"
"RAJTV","Raj Television Network Limited","EQ","Agm/Final Dividend-10%","5","17-Sep-2007","-","19-Sep-2007","28-Sep-2007"
"KCPSUGIND","KCP Sugar and Industries Corporation Limited","EQ","Dividend-50%","1","17-Sep-2007","-","19-Sep-2007","27-Sep-2007"
"JINDRILL","Jindal Drilling And Industries Limited","EQ","Agm/Dividend-5%","5","17-Sep-2007","-","19-Sep-2007","21-Sep-2007"
"INDUSFILA","Indus Fila Limited","EQ","Dividend-Re.1.50 Per Sh","10","17-Sep-2007","-","19-Sep-2007","28-Sep-2007"
"RADICO","Radico Khaitan Limited","EQ","Agm/Dividend-25%","2","17-Sep-2007","-","19-Sep-2007","26-Sep-2007"
"BALMLAWRIE","Balmer Lawrie & Company Limited","EQ","Agm/Div-Rs.13.50/- Per Sh","10","17-Sep-2007","-","19-Sep-2007","25-Sep-2007"
"PATELENG","Patel Engineering Limited","EQ","Agm","1","17-Sep-2007","-","19-Sep-2007","28-Sep-2007"
"JUBLPHARMA","Jubilant Pharmova Limited","EQ","Agm/Div-Rs.1.25/- Per Sh","1","17-Sep-2007","-","19-Sep-2007","25-Sep-2007"
"IMPEXFERRO","Impex Ferro Tech Limited","EQ","Agm","10","17-Sep-2007","-","19-Sep-2007","25-Sep-2007"
"LOKESHMACH","Lokesh Machines Limited","EQ","Agm/Final Dividend-10%","10","18-Sep-2007","-","20-Sep-2007","27-Sep-2007"
"ANTGRAPHIC","Antarctica Limited","EQ","Agm","1","18-Sep-2007","-","20-Sep-2007","26-Sep-2007"
"OPTOCIRCUI","Opto Circuits (India) Limited","EQ","Agm/Dividend--50%","10","18-Sep-2007","-","20-Sep-2007","25-Sep-2007"
"SUPPETRO","Supreme Petrochem Limited","EQ","Agm/Dividend-10%         Bc End Date Revised","10","18-Sep-2007","-","20-Sep-2007","04-Oct-2007"
"ARVIND","Arvind Limited","EQ","Agm","10","18-Sep-2007","-","20-Sep-2007","29-Sep-2007"
"MANGALAM","Mangalam Drugs And Organics Limited","EQ","Agm","10","18-Sep-2007","-","20-Sep-2007","28-Sep-2007"
"EASUNREYRL","Easun Reyrolle Limited","EQ","Agm/Dividend-100%","2","18-Sep-2007","-","20-Sep-2007","28-Sep-2007"
"JENSONICOL","Jenson & Nicholson (India) Limited","EQ","Agm","2","18-Sep-2007","-","20-Sep-2007","27-Sep-2007"
"GALLANTT","Gallantt Ispat Limited","EQ","Agm","10","18-Sep-2007","-","20-Sep-2007","27-Sep-2007"
"UNIPLY","Uniply Industries Limited","EQ","Dividend-7.5%","2","18-Sep-2007","-","20-Sep-2007","27-Sep-2007"
"VENUSREM","Venus Remedies Limited","EQ","Agm/Dividend-30%","10","18-Sep-2007","-","20-Sep-2007","24-Sep-2007"
"ANSALHSG","Ansal Housing Limited","EQ","Final Dividend-18%","10","18-Sep-2007","-","20-Sep-2007","27-Sep-2007"
"ELDERPHARM","Elder Pharmaceuticals Limited","EQ","Agm/Dividend-25%","10","18-Sep-2007","-","20-Sep-2007","27-Sep-2007"
"BROADCAST","Broadcast Initiatives Limited","EQ","Agm","10","18-Sep-2007","-","20-Sep-2007","27-Sep-2007"
"KRBL","KRBL Limited","EQ","Agm/Div-Rs.2/- Per Sh","1","18-Sep-2007","-","20-Sep-2007","27-Sep-2007"
"ORIENTINFO","Orient Information Technology Limited","EQ","Agm","10","18-Sep-2007","-","20-Sep-2007","24-Sep-2007"
"REIAGRO","Rei Agro Limited","EQ","Agm","10","18-Sep-2007","-","20-Sep-2007","20-Sep-2007"
"SRIADIKARI","Sri Adhikari Brothers Television Network Limited","EQ","Agm/Dividend-6%","2","18-Sep-2007","-","20-Sep-2007","27-Sep-2007"
"MIRZAINT","Mirza International Limited","EQ","Agm/Dividend-25%","2","18-Sep-2007","-","20-Sep-2007","27-Sep-2007"
"MURUDCERA","Murudeshwar Ceramics Limited","EQ","Agm/Dividend-20%","10","18-Sep-2007","-","20-Sep-2007","28-Sep-2007"
"NECLIFE","Nectar Lifesciences Limited","EQ","Agm/Final Dividend-20%","1","18-Sep-2007","-","20-Sep-2007","28-Sep-2007"
"NIRMA","Nirma Limited","EQ","Agm","5","18-Sep-2007","-","20-Sep-2007","25-Sep-2007"
"ANDHRSUGAR","The Andhra Sugars Limited","EQ","Agm/Dividend-60%","2","18-Sep-2007","-","20-Sep-2007","29-Sep-2007"
"MOHOTAIND","Mohota Industries Limited","EQ","Agm","10","18-Sep-2007","-","20-Sep-2007","27-Sep-2007"
"HEGAM","HEG Advanced Materials Limited","EQ","Agm/Dividend-50%","2","18-Sep-2007","-","20-Sep-2007","29-Sep-2007"
"HBLENGINE","HBL Engineering Limited","EQ","Agm/Dividend-15%","1","18-Sep-2007","-","20-Sep-2007","26-Sep-2007"
"ELAND","E-Land Apparel Limited","EQ","Agm/Dividend-10%","10","18-Sep-2007","-","20-Sep-2007","26-Sep-2007"
"DLF","DLF Limited","EQ","Agm/Dividend-100%","2","18-Sep-2007","-","20-Sep-2007","29-Sep-2007"
"TTL","T T Limited","EQ","Agm/Final Dividend-10%","1","18-Sep-2007","-","20-Sep-2007","26-Sep-2007"
"WEIZMANIND","Weizmann Limited","EQ","Agm/Dividend-5%          Purpose Revised","10","18-Sep-2007","-","20-Sep-2007","24-Sep-2007"
"REGENCERAM","Regency Ceramics Limited","EQ","Agm","10","18-Sep-2007","-","20-Sep-2007","28-Sep-2007"
"HOCL","Hindustan Organic Chemicals Limited","EQ","Agm","10","18-Sep-2007","-","20-Sep-2007","28-Sep-2007"
"CCL","CCL Products (India) Limited","EQ","Agm/Div-Rs.5/- Per Sh","2","18-Sep-2007","-","20-Sep-2007","29-Sep-2007"
"SURYAJYOTI","Suryajyoti Spinning Mills Limited","EQ","Agm/Div-Rs.1.20 Per Sh","10","19-Sep-2007","-","21-Sep-2007","28-Sep-2007"
"MOTOGENFIN","The Motor & General Finance Limited","EQ","Agm","5","19-Sep-2007","-","21-Sep-2007","28-Sep-2007"
"FAME","Fame India Limited","EQ","Agm","10","19-Sep-2007","-","21-Sep-2007","26-Sep-2007"
"ATCOM","Atcom Technologies Limited","EQ","Agm","10","19-Sep-2007","-","21-Sep-2007","29-Sep-2007"
"ITI","ITI Limited","EQ","Agm","10","19-Sep-2007","-","21-Sep-2007","28-Sep-2007"
"WSI","W S Industries (I) Limited","EQ","Agm","10","19-Sep-2007","-","21-Sep-2007","28-Sep-2007"
"BLBLIMITED","BLB Limited","EQ","Agm","1","19-Sep-2007","-","21-Sep-2007","21-Sep-2007"
"FACT","Fertilizers and Chemicals Travancore Limited","EQ","Agm","10","19-Sep-2007","-","21-Sep-2007","28-Sep-2007"
"INOXLEISUR","INOX Leisure Limited","EQ","Agm/Final Dividend-10%","10","19-Sep-2007","-","21-Sep-2007","28-Sep-2007"
"SUBCAPCITY","International Constructions Limited","EQ","Agm","10","19-Sep-2007","-","21-Sep-2007","28-Sep-2007"
"NAHARSPING","Nahar Spinning Mills Limited","EQ","Dividend-50%","5","19-Sep-2007","-","21-Sep-2007","29-Sep-2007"
"FORTIS","Fortis Healthcare Limited","EQ","Agm","10","19-Sep-2007","-","21-Sep-2007","27-Sep-2007"
"BSELINFRA","BSEL Infrastructure Realty Limited","EQ","Agm","10","19-Sep-2007","-","21-Sep-2007","25-Sep-2007"
"HIMATSEIDE","Himatsingka Seide Limited","EQ","Agm","5","19-Sep-2007","-","21-Sep-2007","26-Sep-2007"
"SURYALAXMI","Suryalakshmi Cotton Mills Limited","EQ","Agm","10","19-Sep-2007","-","21-Sep-2007","28-Sep-2007"
"TRICOM","Tricom India Limited","EQ","Agm/Dividend-21%","2","19-Sep-2007","-","21-Sep-2007","28-Sep-2007"
"VIKASHMET","Vikash Metal & Power Limited","EQ","Agm/Dividend-5%","10","19-Sep-2007","-","21-Sep-2007","28-Sep-2007"
"HMT","HMT Limited","EQ","Agm","10","19-Sep-2007","-","21-Sep-2007","29-Sep-2007"
"GUJAPOLLO","Gujarat Apollo Industries Limited","EQ","Agm/Dividend-20%","10","19-Sep-2007","-","21-Sep-2007","28-Sep-2007"
"AJANTPHARM","Ajanta Pharma Limited","EQ","Agm/Dividend-20%","2","19-Sep-2007","-","21-Sep-2007","28-Sep-2007"
"CAROLINFO","Carol Info Services Limited","EQ","Agm/Dividend-20%","10","19-Sep-2007","-","21-Sep-2007","28-Sep-2007"
"SCI","Shipping Corporation Of India Limited","EQ","Agm","10","19-Sep-2007","-","21-Sep-2007","28-Sep-2007"
"MTNL","Mahanagar Telephone Nigam Limited","EQ","Agm/Dividend-10%","10","19-Sep-2007","-","21-Sep-2007","28-Sep-2007"
"DYNAMATECH","Dynamatic Technologies Limited","EQ","Agm/Final Dividend-30%","10","19-Sep-2007","-","21-Sep-2007","28-Sep-2007"
"KOTARISUG","Kothari Sugars And Chemicals Limited","EQ","Agm","10","19-Sep-2007","-","21-Sep-2007","27-Sep-2007"
"KREBSBIO","Krebs Biochemicals and Industries Limited","EQ","Agm                      Bc End Date Revised","10","19-Sep-2007","-","21-Sep-2007","27-Sep-2007"
"NSIL","Nalwa Sons Investments Limited","EQ","Agm","10","19-Sep-2007","-","21-Sep-2007","27-Sep-2007"
"ROHITFERRO","Rohit Ferro-Tech Limited","EQ","Agm/Dividend-10%","10","19-Sep-2007","-","21-Sep-2007","28-Sep-2007"
"VLSFINANCE","VLS Finance Limited","EQ","Agm","10","19-Sep-2007","-","21-Sep-2007","28-Sep-2007"
"MONNETISPA","Monnet Ispat and Energy Limited","EQ","Agm","10","19-Sep-2007","-","21-Sep-2007","28-Sep-2007"
"PAREKHPLAT","Parekh Platinum Limited","EQ","Agm","10","19-Sep-2007","-","21-Sep-2007","28-Sep-2007"
"TRIDENT","Trident Limited","EQ","Agm","1","19-Sep-2007","-","21-Sep-2007","27-Sep-2007"
"PBAINFRA","PBA Infrastructure Limited","EQ","Agm/Dividend-20%","10","19-Sep-2007","-","21-Sep-2007","27-Sep-2007"
"TALBROAUTO","Talbros Automotive Components Limited","EQ","Agm/Dividend-20%","2","19-Sep-2007","-","21-Sep-2007","26-Sep-2007"
"SURANAT&P","Surana Telecom and Power Limited","EQ","Agm/Dividend-20%","1","19-Sep-2007","-","21-Sep-2007","27-Sep-2007"
"ZENITHCOMP","Zenith Computers Limited","EQ","Agm/Dividend-15%","10","19-Sep-2007","-","21-Sep-2007","29-Sep-2007"
"ZICOM","Zicom Electronic Security Systems Limited","EQ","Agm/Div-Rs.1.40/- Per Sh Bc/Agm Dates Revised","10","19-Sep-2007","-","21-Sep-2007","28-Sep-2007"
"ZODJRDMKJ","Zodiac JRD- MKJ Limited","EQ","Agm/Dividend-5%","10","19-Sep-2007","-","21-Sep-2007","28-Sep-2007"
"MARKSANS","Marksans Pharma Limited","EQ","Agm","1","19-Sep-2007","-","21-Sep-2007","27-Sep-2007"
"GANGOTRI","Gangotri Textiles Limited","EQ","Agm/Dividend-10%","5","19-Sep-2007","-","21-Sep-2007","29-Sep-2007"
"BHAGYNAGAR","Bhagyanagar India Limited","EQ","Agm/Dividend-30%","2","19-Sep-2007","-","21-Sep-2007","27-Sep-2007"
"ARE&M","Amara Raja Energy & Mobility Limited","EQ","Fv Split Rs.10/- To Rs.2/","1","19-Sep-2007","26-Sep-2007","-","-"
"TIPSMUSIC","Tips Music Limited","EQ","Agm","1","19-Sep-2007","-","21-Sep-2007","27-Sep-2007"
"ICIL","Indo Count Industries Limited","EQ","Agm","2","19-Sep-2007","-","21-Sep-2007","28-Sep-2007"
"BILPOWER","Bilpower  Limited","EQ","Agm/Dividend-5%","10","19-Sep-2007","-","21-Sep-2007","21-Sep-2007"
"RAJRAYON","Raj Rayon Industries Limited","EQ","Agm/Dividend-5%","1","19-Sep-2007","-","21-Sep-2007","28-Sep-2007"
"CLUTCHAUTO","Clutch Auto Limited","EQ","Agm","10","19-Sep-2007","-","21-Sep-2007","25-Sep-2007"
"AURIONPRO","Aurionpro Solutions Limited","EQ","Agm/Dividend-15%","10","19-Sep-2007","-","21-Sep-2007","28-Sep-2007"
"STCINDIA","The State Trading Corporation of India Limited","EQ","Agm/Final Dividend-40%","10","19-Sep-2007","-","21-Sep-2007","26-Sep-2007"
"EUROCERA","Euro Ceramics Limited","EQ","Agm","10","20-Sep-2007","-","24-Sep-2007","28-Sep-2007"
"MELSTAR","Melstar Information Technologies Limited","EQ","Agm","10","20-Sep-2007","-","24-Sep-2007","26-Sep-2007"
"PNBGILTS","PNB Gilts Limited","EQ","Agm","10","20-Sep-2007","-","22-Sep-2007","29-Sep-2007"
"STINDIA","STI India Limited","EQ","Agm","10","20-Sep-2007","-","24-Sep-2007","29-Sep-2007"
"EMAMILTD","Emami Limited","EQ","Agm/Final Dividend-50%","1","20-Sep-2007","-","22-Sep-2007","25-Sep-2007"
"ABGSHIP","ABG Shipyard Limited","EQ","Agm/Div-Rs.1.50/- Per Sh","10","20-Sep-2007","-","24-Sep-2007","27-Sep-2007"
"KNDENGTECH","KND Engineering Technologies Limited","EQ","Agm","10","20-Sep-2007","-","22-Sep-2007","28-Sep-2007"
"PARASPETRO","Paras Petrofils Limited","EQ","Agm","1","20-Sep-2007","-","24-Sep-2007","29-Sep-2007"
"SANWARIA","Sanwaria Consumer Limited","EQ","Agm/Dividend-20%         Purpose Revised","1","20-Sep-2007","-","22-Sep-2007","29-Sep-2007"
"WINSOMYARN","Winsome Yarns Limited","EQ","Agm/Dividend-6%","1","20-Sep-2007","-","24-Sep-2007","28-Sep-2007"
"CIMCOBIRLA","Cimmco Birla Limited","EQ","Agm","10","20-Sep-2007","-","22-Sep-2007","28-Sep-2007"
"COMPUTECH","Computech International Limited","EQ","Agm","5","20-Sep-2007","-","24-Sep-2007","26-Sep-2007"
"BHARATRAS","Bharat Rasayan Limited","EQ","Agm","5","20-Sep-2007","-","24-Sep-2007","28-Sep-2007"
"RAMGOPOLY","Ramgopal Polytex Limited","EQ","Agm","10","20-Sep-2007","-","24-Sep-2007","29-Sep-2007"
"LCCINFOTEC","LCC Infotech Limited","EQ","Agm","2","20-Sep-2007","-","24-Sep-2007","27-Sep-2007"
"OMAXE","Omaxe Limited","EQ","Agm","10","20-Sep-2007","-","24-Sep-2007","27-Sep-2007"
"MAHAPEXLTD","Maha Rashtra Apex Corporation Limited","EQ","Agm","10","20-Sep-2007","-","24-Sep-2007","28-Sep-2007"
"GOLDTECH","AION-TECH SOLUTIONS LIMITED","EQ","Agm","10","20-Sep-2007","-","22-Sep-2007","27-Sep-2007"
"DYNACONS","Dynacons Systems & Solutions Limited","EQ","Agm","2","20-Sep-2007","-","22-Sep-2007","27-Sep-2007"
"HANILERA","Hanil Era Textiles Limited","EQ","Agm                      Bc End Date Revised","10","20-Sep-2007","-","23-Sep-2007","29-Sep-2007"
"DCHL","Deccan Chronicle Holdings Limited","EQ","Agm","2","20-Sep-2007","-","24-Sep-2007","29-Sep-2007"
"RUBYMILLS","The Ruby Mills Limited","EQ","Agm/Dividend-30%","5","20-Sep-2007","-","22-Sep-2007","27-Sep-2007"
"TOKYOPLAST","Tokyo Plast International Limited","EQ","Agm","10","20-Sep-2007","-","24-Sep-2007","28-Sep-2007"
"MICROTECH","Micro Technologies (India) Limited","EQ","Agm/Dividend-20%","10","20-Sep-2007","-","22-Sep-2007","29-Sep-2007"
"NANDAN","Nandan Exim Limited","EQ","Agm","1","20-Sep-2007","-","24-Sep-2007","25-Sep-2007"
"RUCHISOYA","Ruchi Soya Industries Limited","EQ","Agm/Dividend-24%","2","20-Sep-2007","-","22-Sep-2007","29-Sep-2007"
"JAYNECOIND","Jayaswal Neco Industries Limited","EQ","Agm","10","20-Sep-2007","-","24-Sep-2007","29-Sep-2007"
"ZENITHEXPO","Zenith Exports Limited","EQ","Agm","10","20-Sep-2007","-","24-Sep-2007","28-Sep-2007"
"MUKTAARTS","Mukta Arts Limited","EQ","Agm","5","20-Sep-2007","-","22-Sep-2007","29-Sep-2007"
"PSL","PSL Limited","EQ","Agm/Fin Div-Rs2.50 Per Sh","10","20-Sep-2007","-","24-Sep-2007","27-Sep-2007"
"NAHARINDUS","Nahar Industrial Enterprises Limited","EQ","Agm/Dividend-10%","10","20-Sep-2007","-","22-Sep-2007","29-Sep-2007"
"NEPCAGRO","NEPC  Agro Foods Limited","EQ","Agm","10","20-Sep-2007","-","24-Sep-2007","28-Sep-2007"
"LAKPRE","Lakshmi Precision Screws Limited","EQ","Agm/Div-Rs.1.80 Per Sh","10","20-Sep-2007","-","22-Sep-2007","29-Sep-2007"
"RUCHINFRA","Ruchi Infrastructure Limited","EQ","Agm/Dividend-10%","1","20-Sep-2007","-","22-Sep-2007","29-Sep-2007"
"DATAMATICS","Datamatics Global Services Limited","EQ","Agm","5","20-Sep-2007","-","24-Sep-2007","28-Sep-2007"
"SHREERAMA","Shree Rama Multi-Tech Limited","EQ","Agm","5","20-Sep-2007","-","24-Sep-2007","29-Sep-2007"
"GUJNRECOKE","Gujarat NRE Coke Limited","EQ","Agm/Final Dividend-15%","10","20-Sep-2007","-","24-Sep-2007","28-Sep-2007"
"AUTOLITIND","Autolite (India) Limited","EQ","Agm","10","20-Sep-2007","-","24-Sep-2007","29-Sep-2007"
"BIOFILCHEM","Biofil Chemicals & Pharmaceuticals Limited","EQ","Agm","10","20-Sep-2007","-","24-Sep-2007","29-Sep-2007"
"AGRODUTCH","Agro Dutch Industries Limited","EQ","Agm","10","20-Sep-2007","-","24-Sep-2007","29-Sep-2007"
"ARENTERP","Rajdarshan Industries Limited","EQ","Agm","10","20-Sep-2007","-","22-Sep-2007","29-Sep-2007"
"INSECTICID","Insecticides (India) Limited","EQ","Agm","10","20-Sep-2007","-","24-Sep-2007","29-Sep-2007"
"SANGAMIND","Sangam (India) Limited","EQ","Agm/Dividend-10%","10","20-Sep-2007","-","22-Sep-2007","29-Sep-2007"
"SARLAPOLY","Sarla Performance Fibers Limited","EQ","Agm/Dividend-30%","1","20-Sep-2007","-","24-Sep-2007","28-Sep-2007"
"PRITHVI","Prithvi Information Solutions Limited","EQ","Agm/Final Dividend-10%","10","20-Sep-2007","-","24-Sep-2007","29-Sep-2007"
"MARALOVER","Maral Overseas Limited","EQ","Agm","10","20-Sep-2007","-","24-Sep-2007","29-Sep-2007"
"NOVAPETRO","Nova Petrochemicals Limited","EQ","Agm                      Bc Start Date/Purpose Revised","10","20-Sep-2007","-","24-Sep-2007","29-Sep-2007"
"XLENERGY","XL Energy Limited","EQ","Agm","10","20-Sep-2007","-","24-Sep-2007","26-Sep-2007"
"GLORY","Glory Polyfilms Limited","EQ","Agm","10","20-Sep-2007","-","24-Sep-2007","29-Sep-2007"
"ANGIND","ANG Industries Limited","EQ","Agm/Final Dividend-20%   Purpose Revised","10","20-Sep-2007","-","24-Sep-2007","28-Sep-2007"
"NOVOPANIND","Novopan Industries Limited","EQ","Agm/Dividend-22%","10","20-Sep-2007","-","24-Sep-2007","27-Sep-2007"
"KALINDEE","Kalindee Rail Nirman (Engineers) Limited","EQ","Agm/Dividend-10%","10","20-Sep-2007","-","24-Sep-2007","26-Sep-2007"
"VISESHINFO","Visesh Infotecnics Limited","EQ","Agm","1","20-Sep-2007","-","24-Sep-2007","28-Sep-2007"
"TIMETECHNO","Time Technoplast Limited","EQ","Agm","1","20-Sep-2007","-","22-Sep-2007","29-Sep-2007"
"VAIBHAVGBL","Vaibhav Global Limited","EQ","Agm/Dividend-5%","2","20-Sep-2007","-","24-Sep-2007","27-Sep-2007"
"TGBHOTELS","TGB Banquets And Hotels Limited","EQ","Agm","10","20-Sep-2007","-","22-Sep-2007","28-Sep-2007"
"SKIL","SKIL Infrastructure Limited","EQ","Agm","10","20-Sep-2007","-","24-Sep-2007","29-Sep-2007"
"WELENT","Welspun Enterprises Limited","EQ","Agm/Final Dividend-10%","10","20-Sep-2007","-","24-Sep-2007","29-Sep-2007"
"KAMDHENU","Kamdhenu Limited","EQ","Agm","1","20-Sep-2007","-","22-Sep-2007","28-Sep-2007"
"OLECTRA","Olectra Greentech Limited","EQ","Agm/Dividend-10%","4","20-Sep-2007","-","22-Sep-2007","28-Sep-2007"
"GFLLIMITED","GFL Limited","EQ","Agm/Div-Re.1/- Per Sh","1","20-Sep-2007","-","24-Sep-2007","29-Sep-2007"
"ONIDA","Onida Electronics Limited","EQ","Agm","1","20-Sep-2007","-","24-Sep-2007","27-Sep-2007"
"ATLANTAA","ATLANTAA LIMITED","EQ","Agm/Dividend-10%","2","20-Sep-2007","-","24-Sep-2007","28-Sep-2007"
"WELSPUNLIV","Welspun Living Limited","EQ","Agm","1","20-Sep-2007","-","24-Sep-2007","29-Sep-2007"
"VGL","VARVEE GLOBAL LIMITED","EQ","Agm/Final Dividend-5%","5","20-Sep-2007","-","22-Sep-2007","29-Sep-2007"
"VEDL","Vedanta Limited","EQ","Agm/Fin Div-Rs25/- Per Shbc Dates Revised","1","21-Sep-2007","-","25-Sep-2007","26-Sep-2007"
"SGL","STL Global Limited","EQ","Agm","10","21-Sep-2007","-","25-Sep-2007","29-Sep-2007"
"JDORGO","JD Orgochem Limited","EQ","Agm","10","21-Sep-2007","-","25-Sep-2007","28-Sep-2007"
"OSWALGREEN","Oswal Greentech Limited","EQ","Agm","10","21-Sep-2007","-","25-Sep-2007","29-Sep-2007"
"SUVEN","Suven Life Sciences Limited","EQ","Agm/Dividend-25%","1","21-Sep-2007","-","25-Sep-2007","27-Sep-2007"
"MAHSEAMLES","Maharashtra Seamless Limited","EQ","Agm/Final Dividend-30%","5","21-Sep-2007","-","25-Sep-2007","28-Sep-2007"
"VISUINTL","Visu International Limited","EQ","Agm","10","21-Sep-2007","-","25-Sep-2007","29-Sep-2007"
"SMSPHARMA","SMS Pharmaceuticals Limited","EQ","Agm/Dividend-20%","1","21-Sep-2007","-","25-Sep-2007","28-Sep-2007"
"ARL","Arvind Remedies Limited","EQ","Agm/Dividend-5%","1","21-Sep-2007","-","25-Sep-2007","28-Sep-2007"
"EUROTEXIND","Eurotex Industries and Exports Limited","EQ","Agm","10","21-Sep-2007","-","25-Sep-2007","29-Sep-2007"
"ERAINFRA","Era Infra Engineering Limited","EQ","Agm/Div-Rs.2/- Per Sh","2","21-Sep-2007","-","25-Sep-2007","28-Sep-2007"
"ETPCORP","ETP Corporation Limited","EQ","Agm","10","21-Sep-2007","-","25-Sep-2007","27-Sep-2007"
"MAFATLAFIN","Mafatlal Finance Limited","EQ","Annual Book Closure      Purpose Revised","10","21-Sep-2007","-","25-Sep-2007","28-Sep-2007"
"PRUDMOULI","Prudential Sugar Corporation Limited","EQ","Agm","10","21-Sep-2007","-","25-Sep-2007","29-Sep-2007"
"PANORAMUNI","Panoramic Universal Limited","EQ","Agm/Dividend-20%","5","21-Sep-2007","-","25-Sep-2007","29-Sep-2007"
"INDSWFTLAB","Ind-Swift Laboratories Limited","EQ","Agm/Dividend-10%","10","21-Sep-2007","-","25-Sep-2007","28-Sep-2007"
"AMBICAAGAR","Ambica Agarbathies & Aroma industries Limited","EQ","Agm","10","21-Sep-2007","-","25-Sep-2007","29-Sep-2007"
"SRHHYPOLTD","Sree Rayalaseema Hi-Strength Hypo Limited","EQ","Agm","10","21-Sep-2007","-","25-Sep-2007","27-Sep-2007"
"ALICON","Alicon Castalloy Limited","EQ","Agm/Dividend-12.5%","5","21-Sep-2007","-","25-Sep-2007","29-Sep-2007"
"SRHHLINDST","SRHHL Industries Limited","EQ","Agm","10","21-Sep-2007","-","25-Sep-2007","27-Sep-2007"
"ARAVALIIND","Aravali Industries Limited","EQ","Agm","10","21-Sep-2007","-","25-Sep-2007","29-Sep-2007"
"ADANIENT","Adani Enterprises Limited","EQ","Agm","1","21-Sep-2007","-","25-Sep-2007","28-Sep-2007"
"JAIBALAJI","Jai Balaji Industries Limited","EQ","Agm/Dividend-8.5%","2","21-Sep-2007","-","25-Sep-2007","27-Sep-2007"
"TULIP","Tulip Telecom Limited","EQ","Agm/Final Dividend-20%","2","21-Sep-2007","-","25-Sep-2007","29-Sep-2007"
"MAARSOFTW","Maars Software International Limited","EQ","Agm","10","21-Sep-2007","-","25-Sep-2007","28-Sep-2007"
"PANACEABIO","Panacea Biotec Limited","EQ","Agm/Dividend-100%","1","21-Sep-2007","-","25-Sep-2007","29-Sep-2007"
"BLUECOAST","Blue Coast Hotels Limited","EQ","Agm","10","21-Sep-2007","-","25-Sep-2007","28-Sep-2007"
"PALRED","Palred Technologies Limited","EQ","Agm","5","21-Sep-2007","-","25-Sep-2007","28-Sep-2007"
"HAVISHA","Sri Havisha Hospitality and Infrastructure Limited","EQ","Agm","2","21-Sep-2007","-","25-Sep-2007","27-Sep-2007"
"63MOONS","63 moons technologies limited","EQ","Agm/Final Dividend-100%","2","21-Sep-2007","-","25-Sep-2007","28-Sep-2007"
"KEYFINSERV","Keynote Financial Services Limited","EQ","Agm","10","21-Sep-2007","-","25-Sep-2007","27-Sep-2007"
"PSTL","Pyramid Saimira Theatre Limited","EQ","Agm","10","21-Sep-2007","-","25-Sep-2007","29-Sep-2007"
"UMESL","Usha Martin Education & Solutions Limited","EQ","Agm","5","21-Sep-2007","-","25-Sep-2007","26-Sep-2007"
"DSKULKARNI","DS Kulkarni Developers Limited","EQ","Agm/Dividend-20%","10","21-Sep-2007","-","25-Sep-2007","29-Sep-2007"
"EMTEXIND","Emtex Industries ( India ) Limited","EQ","Agm","10","21-Sep-2007","-","25-Sep-2007","29-Sep-2007"
"EVINIX","Evinix Accessories Limited","EQ","Agm","1","21-Sep-2007","-","25-Sep-2007","26-Sep-2007"
"GENUSPOWER","Genus Power Infrastructures Limited","EQ","Agm/Final Dividend-15%","1","21-Sep-2007","-","25-Sep-2007","29-Sep-2007"
"MCDHOLDING","McDowell Holdings Limited","EQ","Agm","10","21-Sep-2007","-","25-Sep-2007","28-Sep-2007"
"INDSWFTLTD","Ind-Swift Limited","EQ","Agm/Dividend-20%","2","21-Sep-2007","-","25-Sep-2007","29-Sep-2007"
"REMSONSIND","Remsons Industries Limited","EQ","Agm","2","21-Sep-2007","-","25-Sep-2007","28-Sep-2007"
"JAGSNPHARM","Jagsonpal Pharmaceuticals Limited","EQ","Agm/Div-Re.0.10 Per Sh","2","21-Sep-2007","-","25-Sep-2007","29-Sep-2007"
"JHS","JHS Svendgaard Laboratories Limited","EQ","Agm","10","21-Sep-2007","-","25-Sep-2007","29-Sep-2007"
"LIBERTSHOE","Liberty Shoes Limited","EQ","Agm","10","21-Sep-2007","-","25-Sep-2007","28-Sep-2007"
"KRISNAFILA","Krishna Filaments Limited","EQ","Agm","10","24-Sep-2007","-","26-Sep-2007","29-Sep-2007"
"ORIENTPRES","Orient Press Limited","EQ","Agm","10","24-Sep-2007","-","26-Sep-2007","29-Sep-2007"
"GULFPETRO","GP Petroleums Limited","EQ","Agm","5","24-Sep-2007","-","26-Sep-2007","29-Sep-2007"
"PADMALAYAT","Padmalaya Telefilms Limited","EQ","Agm","10","24-Sep-2007","-","26-Sep-2007","29-Sep-2007"
"OSWALAGRO","Oswal Agro Mills Limited","EQ","Agm","10","24-Sep-2007","-","26-Sep-2007","29-Sep-2007"
"LAKSHMIEFL","Lakshmi Energy and Foods Limited","EQ","Agm","2","24-Sep-2007","-","26-Sep-2007","28-Sep-2007"
"RAJVIR","Rajvir Industries Limited","EQ","Agm/Dividend-40%","10","24-Sep-2007","-","26-Sep-2007","29-Sep-2007"
"CTE","Cambridge Technology Enterprises Limited","EQ","Agm","10","24-Sep-2007","-","26-Sep-2007","29-Sep-2007"
"ALPSINDUS","Alps Industries Limited","EQ","Agm/Dividend-7.50%","10","24-Sep-2007","-","26-Sep-2007","27-Sep-2007"
"KGL","Karuturi Global Limited","EQ","Agm/Dividend-10%","1","24-Sep-2007","-","26-Sep-2007","28-Sep-2007"
"PFOCUS","Prime Focus Limited","EQ","Agm","1","24-Sep-2007","-","26-Sep-2007","28-Sep-2007"
"CUBEXTUB","Cubex Tubings Limited","EQ","Agm                      Agm/Bc Dates Revised","10","24-Sep-2007","-","26-Sep-2007","28-Sep-2007"
"PIONEEREMB","Pioneer Embroideries Limited","EQ","Agm/Dividend-15%","10","24-Sep-2007","-","26-Sep-2007","29-Sep-2007"
"ENTEGRA","Entegra Limited","EQ","Agm","10","24-Sep-2007","-","26-Sep-2007","27-Sep-2007"
"TODAYS","Todays Writing Instruments Limited","EQ","Agm/Dividend-5%","10","24-Sep-2007","-","26-Sep-2007","29-Sep-2007"
"KAMPERCONC","Kamper Concast Limited","EQ","Agm","10","24-Sep-2007","-","26-Sep-2007","29-Sep-2007"
"LEEL","LEEL Electricals Limited","EQ","Agm/Dividend-20%","10","25-Sep-2007","-","27-Sep-2007","29-Sep-2007"
"NEOCURTHER","Neocure Therapeutics Limited","EQ","Agm","10","25-Sep-2007","-","27-Sep-2007","29-Sep-2007"
"21STCENMGM","21st Century Management Services Limited","EQ","Agm/Dividend-9%","10","25-Sep-2007","-","27-Sep-2007","29-Sep-2007"
"ALPHAGEO","Alphageo (India) Limited","EQ","Agm/Div-Rs.1.50 Per Sh","10","25-Sep-2007","-","27-Sep-2007","28-Sep-2007"
"SPMLINFRA","SPML Infra Limited","EQ","Agm/Dividend-50%","2","25-Sep-2007","-","27-Sep-2007","28-Sep-2007"
"EONELECT","Eon Electric Limited","EQ","Agm","10","25-Sep-2007","-","27-Sep-2007","29-Sep-2007"
"ESTL","Essar Steel Limited","EQ","Agm","10","25-Sep-2007","-","27-Sep-2007","28-Sep-2007"
"JINDALPOLY","Jindal Poly Films Limited","EQ","Agm/Dividend-20%","10","25-Sep-2007","-","27-Sep-2007","29-Sep-2007"
"NATCOPHARM","Natco Pharma Limited","EQ","Agm","2","25-Sep-2007","-","27-Sep-2007","29-Sep-2007"
"KAKATCEM","Kakatiya Cement Sugar & Industries Limited","EQ","Agm/Dividend-24%","10","25-Sep-2007","-","27-Sep-2007","29-Sep-2007"
"ICSA","ICSA (India) Limited","EQ","Agm/Dividend-38%","2","25-Sep-2007","-","27-Sep-2007","28-Sep-2007"
"JAINSTUDIO","Jain Studios Limited","EQ","Agm","10","25-Sep-2007","-","27-Sep-2007","29-Sep-2007"
"ESSAROIL","Essar Oil Limited","EQ","Agm","10","26-Sep-2007","-","28-Sep-2007","29-Sep-2007"
"SUNDRMCLAY","Sundaram Clayton Limited","EQ","Agm/Div-Rs.2/- Per Sh","10","26-Sep-2007","-","28-Sep-2007","03-Oct-2007"
"IZMO","IZMO Limited","EQ","Agm","10","26-Sep-2007","-","28-Sep-2007","28-Sep-2007"
"BATLIBOI","Batliboi Limited","EQ","Fv Split Rs.10/- To Rs.5/","5","26-Sep-2007","04-Oct-2007","-","-"
"VITALCOMM","Vital Communications Limited","EQ","Agm","10","26-Sep-2007","-","28-Sep-2007","29-Sep-2007"
"MALWACOTT","Malwa Cotton Spg. Mills Limited","EQ","Agm","10","26-Sep-2007","-","28-Sep-2007","29-Sep-2007"
"KRISHNAENG","Krishna Engineering Works Limited","EQ","Agm","10","26-Sep-2007","-","28-Sep-2007","29-Sep-2007"
"MASTEK","Mastek Limited","EQ","Agm/Fin Div-Rs4.50 Per Sh","5","27-Sep-2007","-","29-Sep-2007","05-Oct-2007"
"PGHH","Procter & Gamble Hygiene and Health Care Limited","EQ","Agm/Fin Div-Rs20/- Per Sh","10","27-Sep-2007","-","29-Sep-2007","12-Oct-2007"
"NAMASTEXP","Namaste Exports Limited","EQ","Agm","10","27-Sep-2007","-","29-Sep-2007","29-Sep-2007"
"TNTELE","Tamilnadu Telecommunication Limited","EQ","Annual Book Closure","10","27-Sep-2007","-","29-Sep-2007","29-Sep-2007"
"GMRAIRPORT","GMR AIRPORTS LIMITED","EQ","Fv Split Rs.10/- To Rs.2/","1","28-Sep-2007","08-Oct-2007","-","-"
"SUPREMEIND","Supreme Industries Limited","EQ","Dividend-50%","2","01-Oct-2007","-","04-Oct-2007","10-Oct-2007"
"RELIANCE","Reliance Industries Limited","EQ","Agm","10","03-Oct-2007","-","05-Oct-2007","12-Oct-2007"
"INGVYSYABK","ING Vysya Bank Limited","EQ","Egm","10","04-Oct-2007","06-Oct-2007","-","-"
"VALECHAENG","Valecha Engineering Limited","EQ","Bonus 1:2","10","04-Oct-2007","05-Oct-2007","-","-"
"JAICORPLTD","Jai Corp Limited","EQ","Fv Spl-Rs10tore1/Bon-1:1","1","05-Oct-2007","12-Oct-2007","-","-"
"GRANDFONRY","Grand Foundry Limited","EQ","Annual Book Closure","10","05-Oct-2007","-","09-Oct-2007","16-Oct-2007"
"ANANTRAJ","Anant Raj Limited","EQ","Fv Split Rs.10/- To Re.2/","2","08-Oct-2007","15-Oct-2007","-","-"
"VINTAGE","Vintage Cards & Creations Limited","EQ","Annual Book Closure","10","08-Oct-2007","-","10-Oct-2007","10-Oct-2007"
"MANINDS","Man Industries (India) Limited","EQ","Fv Split Rs.10/- To Rs.5/","5","09-Oct-2007","16-Oct-2007","-","-"
"ACLGATI","Allcargo Gati Limited","EQ","Agm/Dividend-40%","2","09-Oct-2007","-","11-Oct-2007","13-Oct-2007"
"GREAVESCOT","Greaves Cotton Limited","EQ","Agm/Fin Div-Re.1/- Per Shpurpose Revised","2","09-Oct-2007","-","11-Oct-2007","18-Oct-2007"
"ELECON","Elecon Engineering Company Limited","EQ","Bonus 2:1","1","10-Oct-2007","11-Oct-2007","-","-"
"BRABOURNE","Brabourne Enterprises Limited","EQ","Agm/Div-Rs.1.50 Per Sh","10","11-Oct-2007","-","15-Oct-2007","23-Oct-2007"
"GILLETTE","Gillette India Limited","EQ","Agm/Div-Rs.7.50 Per Sh","10","11-Oct-2007","-","13-Oct-2007","25-Oct-2007"
"GENESYS","Genesys International Corporation Limited","EQ","Scheme Of Arrangement","5","12-Oct-2007","19-Oct-2007","-","-"
"PENINLAND","Peninsula Land Limited","EQ","Fv Split Rs.10/- To Rs.2/","2","16-Oct-2007","23-Oct-2007","-","-"
"KERNEX","Kernex Microsystems (India) Limited","EQ","Bonus 1:10","10","16-Oct-2007","17-Oct-2007","-","-"
"TV-18","Television Eighteen India Limited","EQ","Bonus 1:1","5","17-Oct-2007","18-Oct-2007","-","-"
"INFY","Infosys Limited","EQ","Int Div-Rs.6/- Per Share Purpose Revised","5","18-Oct-2007","19-Oct-2007","-","-"
"ASHAPURMIN","Ashapura Minechem Limited","EQ","Bonus 1:1","2","18-Oct-2007","19-Oct-2007","-","-"
"RELMEDIA","Reliance MediaWorks Limited","EQ","Agm/Dividend-50%","5","19-Oct-2007","-","23-Oct-2007","25-Oct-2007"
"DICIND","DIC India Limited","EQ","Rights-Eq 1:3@ Prem Rs215","10","19-Oct-2007","26-Oct-2007","-","-"
"ASIANELEC","Asian Electronics Limited","EQ","Fv Split Rs.10/- To Rs.5/","5","22-Oct-2007","29-Oct-2007","-","-"
"TCS","Tata Consultancy Services Limited","EQ","Int Div-Rs.3.00 Per Sharepurpose Revised","1","22-Oct-2007","23-Oct-2007","-","-"
"BLKASHYAP","B. L. Kashyap and Sons Limited","EQ","Fv Split Rs.10/- To Rs.5/","1","22-Oct-2007","29-Oct-2007","-","-"
"ADVANIHOTR","Advani Hotels & Resorts (India) Limited","EQ","Fv Split Rs.10/- To Rs.2/","2","22-Oct-2007","29-Oct-2007","-","-"
"ICSA","ICSA (India) Limited","EQ","Fv Split Rs.10/- To Rs.2/","2","23-Oct-2007","30-Oct-2007","-","-"
"HCLTECH","HCL Technologies Limited","EQ","1st Int Div-Rs.2/- Per Shpurpose Revised","2","23-Oct-2007","24-Oct-2007","-","-"
"JBMA","JBM Auto Limited","EQ","Bonus 1:2","1","24-Oct-2007","25-Oct-2007","-","-"
"KIRLOSOIL","Kirloskar Oil Engines Limited","EQ","Bonus 1:1","2","25-Oct-2007","27-Oct-2007","-","-"
"PHOENIXLTD","The Phoenix Mills Limited","EQ","Agm/Dividend-30%","2","25-Oct-2007","-","29-Oct-2007","05-Nov-2007"
"OPTOCIRCUI","Opto Circuits (India) Limited","EQ","Bonus 1:2","10","25-Oct-2007","26-Oct-2007","-","-"
"WIPRO","Wipro Limited","EQ","Int Div-Rs.2/- Per Sh    Purpose Revised","2","25-Oct-2007","26-Oct-2007","-","-"
"GESHIP","The Great Eastern Shipping Company Limited","EQ","Int Div-Rs.4.00 Per Sh   Purpose Revised","10","25-Oct-2007","26-Oct-2007","-","-"
"GDL","Gateway Distriparks Limited","EQ","Interim Dividend-15%     Purpose Revised","10","25-Oct-2007","26-Oct-2007","-","-"
"ASIANPAINT","Asian Paints Limited","EQ","Int Div-Rs.6.50 Per Sh   Purpose Revised","1","25-Oct-2007","26-Oct-2007","-","-"
"WOCKPHARMA","Wockhardt Limited","EQ","Int Div-Rs.8.75 Per Sh   Purpose Revised","5","26-Oct-2007","29-Oct-2007","-","-"
"SONATSOFTW","Sonata Software Limited","EQ","Int Div-Re.0.50 Per Sh   Purpose Revised","1","26-Oct-2007","29-Oct-2007","-","-"
"RAMCOIND","Ramco Industries Limited","EQ","Int Div-Rs.5.00 Per Sh   Purpose Revised","1","26-Oct-2007","29-Oct-2007","-","-"
"RAMCOCEM","The Ramco Cements Limited","EQ","Int Div-Rs.10.00 Per Sh  Purpose Revised","1","26-Oct-2007","29-Oct-2007","-","-"
"DHFL","Dewan Housing Finance Corporation Limited","EQ","Int Div-Rs.1.50 Per Sh   Purpose Revised","10","26-Oct-2007","29-Oct-2007","-","-"
"WSTCSTPAPR","West Coast Paper Mills Limited","EQ","Fv Split Rs.10/- To Rs.2/","2","26-Oct-2007","02-Nov-2007","-","-"
"PATELENG","Patel Engineering Limited","EQ","Interim Dividend-130%","1","29-Oct-2007","30-Oct-2007","-","-"
"MARICO","Marico Limited","EQ","2nd Interim Dividend-15% Purpose Revised","1","29-Oct-2007","30-Oct-2007","-","-"
"GSKCONS","GlaxoSmithKline Consumer Healthcare Limited","EQ","Int Div-Rs.12.00 Per Sh  Purpose Revised","10","29-Oct-2007","30-Oct-2007","-","-"
"NAVNETEDUL","Navneet Education Limited","EQ","Interim Dividend - 80%   Purpose Revised","2","29-Oct-2007","30-Oct-2007","-","-"
"DABUR","Dabur India Limited","EQ","Interim Dividend - 75%   Purpose Revised","1","29-Oct-2007","30-Oct-2007","-","-"
"VATSMUSC","Vatsa Music Limited","EQ","Agm","1","29-Oct-2007","-","31-Oct-2007","06-Nov-2007"
"MINDTREE","MindTree Limited","EQ","Int Div-Re.1.00 Per Sh   Purpose Revised","10","29-Oct-2007","30-Oct-2007","-","-"
"RUCHISOYA","Ruchi Soya Industries Limited","EQ","Fv Split Rs.10/- To Rs.2/","2","29-Oct-2007","03-Nov-2007","-","-"
"TATASTEEL","Tata Steel Limited","EQ","Right-Eq1:5 & 9ccps:10eq","1","29-Oct-2007","05-Nov-2007","-","-"
"HCL-INSYS","HCL Infosystems Limited","EQ","Div - Fin-100% + Int-100%Purpose Revised","2","30-Oct-2007","-","01-Nov-2007","02-Nov-2007"
"ASHCO","Ashco Niulab Industries Limited","EQ","Interim Dividend-10%","1","30-Oct-2007","31-Oct-2007","-","-"
"GODREJCP","Godrej Consumer Products Limited","EQ","Int Div-Re.0.75 Per Sh   Purpose Revised","1","30-Oct-2007","31-Oct-2007","-","-"
"MODIRUBBER","Modi Rubber Limited","EQ","Agm","10","30-Oct-2007","-","01-Nov-2007","03-Nov-2007"
"CEMPRO","Cemindia Projects Limited","EQ","Rights-Eq 1:1@Prem Rs.415","1","30-Oct-2007","06-Nov-2007","-","-"
"KPRMILL","K.P.R. Mill Limited","EQ","Int Div-Rs.2/- Per Sh    Purpose Revised","1","31-Oct-2007","01-Nov-2007","-","-"
"HDIL","Housing Development and Infrastructure Limited","EQ","Interim Dividend","10","31-Oct-2007","01-Nov-2007","-","-"
"SOLARINDS","Solar Industries India Limited","EQ","Interim Dividend-15%","2","01-Nov-2007","02-Nov-2007","-","-"
"FOSECOIND","Foseco India Limited","EQ","3rd Int Div-Rs.3 Per Sh  Purpose Revised","10","01-Nov-2007","02-Nov-2007","-","-"
"JIK","JIK Industries Limited","EQ","Agm","10","01-Nov-2007","-","05-Nov-2007","10-Nov-2007"
"RANBAXY","Ranbaxy Laboratories Limited","EQ","Int Div-Rs.2.50 Per Share","5","01-Nov-2007","02-Nov-2007","-","-"
"ORBITCORP","Orbit Corporation Limited","EQ","Annual Book Closure","10","01-Nov-2007","-","05-Nov-2007","08-Nov-2007"
"GARDENSILK","Garden Silk Mills Limited","EQ","Agm/Dividend-15%","10","02-Nov-2007","-","06-Nov-2007","13-Nov-2007"
"SUNDRMCLAY","Sundaram Clayton Limited","EQ","Int Div-Rs.7.00 Per Sh   Purpose Revised","10","02-Nov-2007","05-Nov-2007","-","-"
"CGPOWER","CG Power and Industrial Solutions Limited","EQ","Interim Dividend-20%     Purpose Revised","2","02-Nov-2007","05-Nov-2007","-","-"
"AMAR","Amar Remedies Limited","EQ","Agm","10","05-Nov-2007","-","07-Nov-2007","15-Nov-2007"
"KKCL","Kewal Kiran Clothing Limited","EQ","Interim Dividend-20%","10","05-Nov-2007","06-Nov-2007","-","-"
"SUNDRMFAST","Sundram Fasteners Limited","EQ","Int Div-Re.0.45 Per Sh   Purpose Revised","1","05-Nov-2007","06-Nov-2007","-","-"
"VARUNSHIP","Varun Shipping Company Limited","EQ","Int Div-Rs.1.50 Per Sh   Purpose Revised","10","05-Nov-2007","06-Nov-2007","-","-"
"DLF","DLF Limited","EQ","Interim Dividend-100%    Purpose Revised","2","05-Nov-2007","06-Nov-2007","-","-"
"IPCALAB","IPCA Laboratories Limited","EQ","Interim Dividend-35%     Purpose Revised","1","06-Nov-2007","07-Nov-2007","-","-"
"INGERRAND","Ingersoll Rand (India) Limited","EQ","Int Div-Rs.3.00 Per Sh","10","07-Nov-2007","08-Nov-2007","-","-"
"MRF","MRF Limited","EQ","2nd Interim Dividend-30%","10","07-Nov-2007","09-Nov-2007","-","-"
"ORIENTPPR","Orient Paper & Industries Limited","EQ","Int Div-Rs.5.00 Per Sh","1","07-Nov-2007","08-Nov-2007","-","-"
"APARINDS","Apar Industries Limited","EQ","Int Div-Rs.1.50 Per Sh   Purpose Revised","10","07-Nov-2007","08-Nov-2007","-","-"
"GLENMARK","Glenmark Pharmaceuticals Limited","EQ","Interim Dividend-70%     Purpose Revised","1","07-Nov-2007","08-Nov-2007","-","-"
"ROLTA","Rolta India Limited","EQ","Agm/Div-Rs.5.00 Per Sh","10","07-Nov-2007","-","09-Nov-2007","16-Nov-2007"
"FEL","Future Enterprises Limited","EQ","Agm/Div-Re0.50 Per Sh","2","07-Nov-2007","-","09-Nov-2007","15-Nov-2007"
"HINDUNILVR","Hindustan Unilever Limited","EQ","Pltnm Jub Div-Rs.3 Per Shpurpose Revised","1","07-Nov-2007","08-Nov-2007","-","-"
"SATYAMCOMP","Satyam Computer Services Limited","EQ","Int Div-Re.1.00 Per Sh","2","07-Nov-2007","08-Nov-2007","-","-"
"IGPL","IG Petrochemicals Limited","EQ","Interim Dividend-5%","10","07-Nov-2007","08-Nov-2007","-","-"
"ATLASCYCLE","Atlas Cycles (Haryana) Limited","EQ","Agm/Dividend-45%","5","07-Nov-2007","-","09-Nov-2007","16-Nov-2007"
"KCP","KCP Limited","EQ","2nd Interim Dividend-25% Purpose Revised","1","07-Nov-2007","09-Nov-2007","-","-"
"GMDCLTD","Gujarat Mineral Development Corporation Limited","EQ","Fv Split Rs.10/- To Rs.2/","2","08-Nov-2007","16-Nov-2007","-","-"
"KSB","Ksb Limited","EQ","Int Div-Rs.2.00 Per Sh","2","08-Nov-2007","12-Nov-2007","-","-"
"HINDZINC","Hindustan Zinc Limited","EQ","Interim Dividend-25%","2","08-Nov-2007","12-Nov-2007","-","-"
"CEPHAMILK","Cepham Milk Specialities Limited","EQ","Agm","10","08-Nov-2007","-","13-Nov-2007","15-Nov-2007"
"TNPL","Tamil Nadu Newsprint & Papers Limited","EQ","Interim Dividend-20%","10","12-Nov-2007","13-Nov-2007","-","-"
"NATCOPHARM","Natco Pharma Limited","EQ","Int Div-Rs.1.25 Per Sh","2","12-Nov-2007","13-Nov-2007","-","-"
"ALFALAVAL","Alfa Laval (India) Limited","EQ","Interim Dividend-100%","10","13-Nov-2007","14-Nov-2007","-","-"
"MONSANTO","Monsanto India Limited","EQ","Int Div-Rs.12.00 Per Sh","10","14-Nov-2007","15-Nov-2007","-","-"
"GUJSTATFIN","Gujarat State Financial Corporation","EQ","Agm","10","14-Nov-2007","-","21-Nov-2007","23-Nov-2007"
"JAGRAN","Jagran Prakashan Limited","EQ","Int Div - Rs.5/- Per Sh","2","15-Nov-2007","16-Nov-2007","-","-"
"SAGCEM","Sagar Cements Limited","EQ","Interim Dividend-15%     Rd Revised","2","15-Nov-2007","17-Nov-2007","-","-"
"63MOONS","63 moons technologies limited","EQ","2nd Interim Dividend-350%","2","15-Nov-2007","16-Nov-2007","-","-"
"GARFIBRES","Garware Technical Fibres Limited","EQ","Dividend-Rs.2.50 Per Sh","10","15-Nov-2007","-","17-Nov-2007","23-Nov-2007"
"ISMTLTD","ISMT Limited","EQ","Agm/Div Fin-10% + Int-10%","5","15-Nov-2007","-","19-Nov-2007","27-Nov-2007"
"HINDOILEXP","Hindustan Oil Exploration Company Limited","EQ","Rights-Eq 2:3@ Prem Rs107","10","15-Nov-2007","-","22-Nov-2007","03-Dec-2007"
"ELGIEQUIP","Elgi Equipments Limited","EQ","Interim Dividend-60%     Purpose Revised","1","15-Nov-2007","16-Nov-2007","-","-"
"GREAVESCOT","Greaves Cotton Limited","EQ","1st Int Div-Rs2.00 Per Sh","2","16-Nov-2007","19-Nov-2007","-","-"
"TV-18","Television Eighteen India Limited","EQ","Int Div-Rs.1.25 Per Sh","5","16-Nov-2007","19-Nov-2007","-","-"
"MANUGRAPH","Manugraph India Limited","EQ","Int Div-Rs.2.00 Per Sh","2","16-Nov-2007","19-Nov-2007","-","-"
"GREENPLY","Greenply Industries Limited","EQ","Int Div-Rs.1.50 Per Sh","1","19-Nov-2007","20-Nov-2007","-","-"
"FEDERALBNK","The Federal Bank  Limited","EQ","Rights-Eq 1:1@Prem Rs.240","2","19-Nov-2007","26-Nov-2007","-","-"
"UNITDSPR","United Spirits Limited","EQ","Agm/Final Dividend-10%","2","20-Nov-2007","-","22-Nov-2007","28-Nov-2007"
"LMW","LMW Limited","EQ","Int Div-Rs.20.00 Per Sh  Purpose Revised","10","20-Nov-2007","21-Nov-2007","-","-"
"SUBROS","Subros Limited","EQ","Fv Split Rs.10/- To Rs.2/","2","20-Nov-2007","27-Nov-2007","-","-"
"SAMTEL","Samtel Color Limited","EQ","Agm","10","20-Nov-2007","-","22-Nov-2007","29-Nov-2007"
"SB&TINTL","SB&T International Limited","EQ","Agm/Final Dividend-5%","10","21-Nov-2007","-","23-Nov-2007","30-Nov-2007"
"BILT","Ballarpur Industries Limited","EQ","Agm/Final Dividend-15%","10","21-Nov-2007","-","23-Nov-2007","04-Dec-2007"
"INDLMETER","IMP Powers Limited","EQ","Agm","10","22-Nov-2007","-","24-Nov-2007","30-Nov-2007"
"PRIMESECU","Prime Securities Limited","EQ","Interim Dividend-30%","5","22-Nov-2007","23-Nov-2007","-","-"
"GENESYS","Genesys International Corporation Limited","EQ","Agm","5","23-Nov-2007","-","27-Nov-2007","29-Nov-2007"
"BANCOINDIA","Banco Products (I) Limited","EQ","Fv Split Rs.10/- To Rs.2/","2","23-Nov-2007","30-Nov-2007","-","-"
"CENTUM","Centum Electronics Limited","EQ","Agm","10","26-Nov-2007","-","28-Nov-2007","28-Nov-2007"
"PHILCORP","PHIL Corporation Limited","EQ","Agm","10","26-Nov-2007","-","28-Nov-2007","07-Dec-2007"
"UPERGANGES","Upper Ganges Sugar & Industries Limited","EQ","Agm","10","26-Nov-2007","-","28-Nov-2007","03-Dec-2007"
"DCMFINSERV","DCM Financial Services Limited","EQ","Agm","10","29-Nov-2007","-","01-Dec-2007","14-Dec-2007"
"GVKPIL","GVK Power & Infrastructure Limited","EQ","Agm","1","29-Nov-2007","-","01-Dec-2007","06-Dec-2007"
"JKPAPER","JK Paper Limited","EQ","Agm/Dividend-22.5%","10","29-Nov-2007","-","03-Dec-2007","12-Dec-2007"
"HCLTECH","HCL Technologies Limited","EQ","Agm/Div-Rs.2/- Per Sh","2","30-Nov-2007","-","04-Dec-2007","13-Dec-2007"
"NITCO","Nitco Limited","EQ","Agm/Dividend-Rs.2 Per Sh","10","03-Dec-2007","-","05-Dec-2007","11-Dec-2007"
"IDEA","Vodafone Idea Limited","EQ","Agm","10","05-Dec-2007","-","07-Dec-2007","12-Dec-2007"
"SHRIRAMCIT","Shriram City Union Finance Limited","EQ","Interim Dividend-10%","10","06-Dec-2007","07-Dec-2007","-","-"
"OUDHSUG","The Oudh Sugar Mills Limited","EQ","Agm","10","06-Dec-2007","-","10-Dec-2007","17-Dec-2007"
"GANESHHOU","GANESH HOUSING LIMITED","EQ","Agm","10","06-Dec-2007","-","10-Dec-2007","14-Dec-2007"
"SAKHTISUG","Sakthi Sugars Limited","EQ","Agm/Dividend-15%","10","06-Dec-2007","-","08-Dec-2007","19-Dec-2007"
"SHYAMTEL","Shyam Telecom Limited","EQ","Agm","10","06-Dec-2007","-","10-Dec-2007","12-Dec-2007"
"FIEMIND","Fiem Industries Limited","EQ","Agm/Dividend-25%","10","07-Dec-2007","-","11-Dec-2007","17-Dec-2007"
"EXIDEIND","Exide Industries Limited","EQ","Rights-Eq 1:15@Prem Rs.29","1","10-Dec-2007","17-Dec-2007","-","-"
"ISPATPROF","Ispat Profile (I) Limited","EQ","Agm","10","12-Dec-2007","-","14-Dec-2007","20-Dec-2007"
"NANDAN","Nandan Exim Limited","EQ","Rights-Eq 1:2@Prem Rs.2","1","12-Dec-2007","19-Dec-2007","-","-"
"BANARBEADS","Banaras Beads Limited","EQ","Annual General Meeting","10","13-Dec-2007","-","15-Dec-2007","27-Dec-2007"
"INDOCO","Indoco Remedies Limited","EQ","Agm/Dividend-65%","2","13-Dec-2007","-","15-Dec-2007","22-Dec-2007"
"SHIRPUR-G","Shirpur Gold Refinery Limited","EQ","Annual General Meeting","10","13-Dec-2007","-","15-Dec-2007","21-Dec-2007"
"KFA","Kingfisher Airlines Limited","EQ","Agm","10","13-Dec-2007","-","15-Dec-2007","19-Dec-2007"
"PETRONENGG","Petron Engineering Construction Limited","EQ","Agm/Divdnd-Rs.1.20 Per Sh","10","14-Dec-2007","-","18-Dec-2007","28-Dec-2007"
"INDOWIND","Indowind Energy Limited","EQ","Agm","10","14-Dec-2007","-","18-Dec-2007","28-Dec-2007"
"NOVASTEEL","Nova Steel India Limited","EQ","Agm","10","14-Dec-2007","-","18-Dec-2007","29-Dec-2007"
"TRIVENI","Triveni Engineering & Industries Limited","EQ","Final Dividend-10%","1","14-Dec-2007","-","18-Dec-2007","20-Dec-2007"
"MIC","MIC Electronics Limited","EQ","Agm/Dividend - 20%","2","14-Dec-2007","-","18-Dec-2007","22-Dec-2007"
"KESARENT","Kesar Enterprises Limited","EQ","Agm","10","14-Dec-2007","-","18-Dec-2007","20-Dec-2007"
"SHRIRAMFIN","Shriram Finance Limited","EQ","Int Dividend-Re.1 Per Sh","2","17-Dec-2007","18-Dec-2007","-","-"
"WINDSOR","Windsor Machines Limited","EQ","Agm","10","17-Dec-2007","-","19-Dec-2007","28-Dec-2007"
"JPASSOCIAT","Jaiprakash Associates Limited","EQ","Fv Split Rs.10/- To Rs.2/","2","17-Dec-2007","26-Dec-2007","-","-"
"ELECTCAST","Electrosteel Castings Limited","EQ","Interim Dividend - 100%","1","18-Dec-2007","19-Dec-2007","-","-"
"AFTEK","Aftek Limited","EQ","Agm/Dividend-Re. 1 Per Sh","2","19-Dec-2007","-","22-Dec-2007","28-Dec-2007"
"THIRUSUGAR","Thiru Arooran Sugars Limited","EQ","Annual General Meeting","10","19-Dec-2007","-","22-Dec-2007","29-Dec-2007"
"ANANTRAJ","Anant Raj Limited","EQ","Agm","2","19-Dec-2007","-","22-Dec-2007","29-Dec-2007"
"NOVAELEMAG","Nova Electro Magnetics Limited","EQ","Agm","10","19-Dec-2007","-","22-Dec-2007","29-Dec-2007"
"VIPCLOTHNG","VIP Clothing Limited","EQ","Agm/Dividend - 10%","2","19-Dec-2007","-","21-Dec-2007","28-Dec-2007"
"ESABINDIA","Esab India Limited","EQ","Interim Dividend - 100%","10","19-Dec-2007","21-Dec-2007","-","-"
"GRINDWELL","Grindwell Norton Limited","EQ","Spl Int Div - Rs.4 Per Sh","5","19-Dec-2007","20-Dec-2007","-","-"
"SPSL","Shree Precoated Steels Limited","EQ","Agm/Dividend-11%","10","19-Dec-2007","-","22-Dec-2007","28-Dec-2007"
"RENUKA","Shree Renuka Sugars Limited","EQ","Final Dividend - 20%","1","19-Dec-2007","-","24-Dec-2007","05-Jan-2008"
"KITPLYIND","Kitply Industries Limited","EQ","Annual General Meeting","10","19-Dec-2007","-","22-Dec-2007","31-Dec-2007"
"HIMACHLFUT","Himachal Futuristic Communications Limited","EQ","Annual General Meeting","10","19-Dec-2007","-","21-Dec-2007","27-Dec-2007"
"GAIL","GAIL (India) Limited","EQ","Interim Dividend - 40%   Purpose Revised","10","19-Dec-2007","22-Dec-2007","-","-"
"BANARISUG","Bannari Amman Sugars Limited","EQ","Agm/Dividend - 70%","10","19-Dec-2007","-","22-Dec-2007","29-Dec-2007"
"ANKURDRUGS","Ankur Drugs And Pharma Limited","EQ","Agm/Dividend - 20%       Bc Start Date Revised","10","19-Dec-2007","-","24-Dec-2007","31-Dec-2007"
"CANDC","C & C Constructions Limited","EQ","Agm/Dividend - 25%","10","19-Dec-2007","-","22-Dec-2007","27-Dec-2007"
"ALCHEM","Alchemist Limited","EQ","Agm/Dividend - 25%","10","19-Dec-2007","-","24-Dec-2007","27-Dec-2007"
"STEELTUBES","Steel Tubes of India Limited","EQ","Annual General Meeting","10","19-Dec-2007","-","24-Dec-2007","27-Dec-2007"
"NOESISIND","Noesis Industries Limited","EQ","Annual General Meeting","10","19-Dec-2007","-","24-Dec-2007","28-Dec-2007"
"VICEROY","Viceroy Hotels Limited","EQ","Annual General Meeting","10","19-Dec-2007","-","24-Dec-2007","28-Dec-2007"
"SAREGAMA","Saregama India Limited","EQ","Annual General Meeting","1","20-Dec-2007","-","26-Dec-2007","31-Dec-2007"
"SOFTTECHGR","Software Technology Group International Limited","EQ","Annual General Meeting","10","20-Dec-2007","-","26-Dec-2007","31-Dec-2007"
"METALFORGE","Metalyst Forgings Limited","EQ","Agm/Dividend - 20%","10","20-Dec-2007","-","26-Dec-2007","31-Dec-2007"
"SNOWCEMIND","Snowcem India Limited","EQ","Annual General Meeting","10","20-Dec-2007","-","26-Dec-2007","31-Dec-2007"
"KSERASERA","KSS Limited","EQ","Annual General Meeting","1","20-Dec-2007","-","26-Dec-2007","28-Dec-2007"
"AMTEKAUTO","Amtek Auto Limited","EQ","Agm/Dividend - 150%","2","20-Dec-2007","-","26-Dec-2007","31-Dec-2007"
"VIVIMEDLAB","Vivimed Labs Limited","EQ","Annual General Meeting","2","20-Dec-2007","-","25-Dec-2007","27-Dec-2007"
"SHLAKSHMI","Shri Lakshmi Cotsyn Limited","EQ","Dividend - 20%","10","20-Dec-2007","-","25-Dec-2007","29-Dec-2007"
"RANASUG","Rana Sugars Limited","EQ","Annual General Meeting","10","20-Dec-2007","-","26-Dec-2007","29-Dec-2007"
"CASTEXTECH","Castex Technologies Limited","EQ","Agm/Dividend - 50%","2","20-Dec-2007","-","26-Dec-2007","31-Dec-2007"
"GRANULES","Granules India Limited","EQ","Agm/Dividend - 12.5%","1","24-Dec-2007","-","27-Dec-2007","29-Dec-2007"
"IOLN","IOL Netcom Limited","EQ","Annual General Meeting","10","24-Dec-2007","-","27-Dec-2007","28-Dec-2007"
"MAFATLAFIN","Mafatlal Finance Limited","EQ","Annual General Meeting","10","24-Dec-2007","-","27-Dec-2007","29-Dec-2007"
"FEDDERELEC","Fedders Electric and Engineering Limited","EQ","Agm/Dividend - 10%","10","24-Dec-2007","-","27-Dec-2007","29-Dec-2007"
"BBOX","Black Box Limited","EQ","Agm/Fin Div-Rs6.75 Per Sh","2","26-Dec-2007","-","28-Dec-2007","23-Jan-2008"
"ONGC","Oil & Natural Gas Corporation Limited","EQ","Int Dividend-Rs.18 Per Shpurpose Revised","5","26-Dec-2007","27-Dec-2007","-","-"
"ENGINERSIN","Engineers India Limited","EQ","Interim Dividend - 40%","5","26-Dec-2007","27-Dec-2007","-","-"
"ESCORTS","Escorts Kubota Limited","EQ","Annual Book Closure","10","27-Dec-2007","-","29-Dec-2007","31-Dec-2007"
"INDNIPPON","India Nippon Electricals Limited","EQ","Interim Dividend - 45%   Purpose Revised","5","28-Dec-2007","31-Dec-2007","-","-"
"KANORICHEM","Kanoria Chemicals & Industries Limited","EQ","Fv Spl-Rs10tors5/Bon-1:2","5","31-Dec-2007","07-Jan-2008","-","-"
"INDIABULLS","Indiabulls Financial Services Limited","EQ","Scheme Of Arrangement","2","01-Jan-2008","08-Jan-2008","-","-"
"GFLLIMITED","GFL Limited","EQ","Int Dividend- Rs.3 Per Sh","1","03-Jan-2008","04-Jan-2008","-","-"
"MAHABANK","Bank of Maharashtra","EQ","Egm-Election Of Directors","10","03-Jan-2008","04-Jan-2008","-","-"
"ASTRAZEN","AstraZeneca Pharma India Limited","EQ","Sch Of Agmt- Bonus Deb1:1","2","04-Jan-2008","11-Jan-2008","-","-"
"AEGISLOG","Aegis Logistics Limited","EQ","Interim Dividend-25%","1","08-Jan-2008","09-Jan-2008","-","-"
"JAGRAN","Jagran Prakashan Limited","EQ","Fv Split Rs.10/- To Rs.2/","2","09-Jan-2008","16-Jan-2008","-","-"
"PRSMJOHNSN","Prism Johnson Limited","EQ","Interim Dividend - 10%   Purpose Revised","10","11-Jan-2008","14-Jan-2008","-","-"
"HEGAM","HEG Advanced Materials Limited","EQ","Interim Dividend - 70%   Purpose Revised","2","11-Jan-2008","14-Jan-2008","-","-"
"CLASSIC","Classic Diamonds (India) Limited","EQ","Fv Split Rs.10/- To Rs.2/","2","11-Jan-2008","18-Jan-2008","-","-"
"AUTOAXLES","Automotive Axles Limited","EQ","Fin Div - Rs.6.50 Per Sh","10","14-Jan-2008","-","16-Jan-2008","18-Jan-2008"
"SIEMENS","Siemens Limited","EQ","Dividend - Rs.4.80 Per Sh","2","14-Jan-2008","-","16-Jan-2008","31-Jan-2008"
"MASTEK","Mastek Limited","EQ","Int Div-Rs.3.50 Per Sharepurpose Revised","5","15-Jan-2008","16-Jan-2008","-","-"
"DELTACORP","Delta Corp Limited","EQ","Fv Split Rs.10/- To Re.1/","1","15-Jan-2008","22-Jan-2008","-","-"
"SIMBHSUGAR","Simbhaoli Sugars Limited","EQ","Annual General Meeting","10","17-Jan-2008","-","21-Jan-2008","25-Jan-2008"
"PSL","PSL Limited","EQ","Int Div-Rs 2.50 Per Share","10","18-Jan-2008","21-Jan-2008","-","-"
"JINDALSTEL","JINDAL STEEL LIMITED","EQ","Fv Split Rs.5/- To Re.1/-","1","21-Jan-2008","28-Jan-2008","-","-"
"SUZLON","Suzlon Energy Limited","EQ","Fv Split Rs.10/- To Rs.2/","2","21-Jan-2008","28-Jan-2008","-","-"
"AKSHOPTFBR","Aksh Optifibre Limited","EQ","Agm/Dividend - 10%","5","22-Jan-2008","-","24-Jan-2008","28-Jan-2008"
"CINEVISTA","Cinevista Limited","EQ","Fv Split Rs.10/- To Rs.2/","2","22-Jan-2008","29-Jan-2008","-","-"
"WALCHANNAG","Walchandnagar Industries Limited","EQ","Agm/Centenary Div. -100%","2","22-Jan-2008","-","24-Jan-2008","30-Jan-2008"
"DHANBANK","Dhanlaxmi Bank Limited","EQ","Rights-Eq 1:1@Prem Rs 52","10","23-Jan-2008","30-Jan-2008","-","-"
"HCLTECH","HCL Technologies Limited","EQ","2nd Int Div - Rs 2 Per Sh","2","23-Jan-2008","24-Jan-2008","-","-"
"CUB","City Union Bank Limited","EQ","Fv Split Rs.10/- To Re.1/","1","23-Jan-2008","30-Jan-2008","-","-"
"TCS","Tata Consultancy Services Limited","EQ","3rd Int Div - Rs 3 Per Sh","1","23-Jan-2008","24-Jan-2008","-","-"
"GODREJCP","Godrej Consumer Products Limited","EQ","3rd Int Div - Re 1 Per Sh","1","23-Jan-2008","-","25-Jan-2008","25-Jan-2008"
"ROLTA","Rolta India Limited","EQ","Bonus 1 : 1","10","24-Jan-2008","25-Jan-2008","-","-"
"SUPREMEIND","Supreme Industries Limited","EQ","Interim Dividend - 35%","2","24-Jan-2008","25-Jan-2008","-","-"
"JPASSOCIAT","Jaiprakash Associates Limited","EQ","2nd Int Div-Re0.30 Per Shrd Date Revised","2","28-Jan-2008","29-Jan-2008","-","-"
"GAEL","Gujarat Ambuja Exports Limited","EQ","Interim Dividend - 20%   Rd Date Revised","1","28-Jan-2008","29-Jan-2008","-","-"
"SBIN","State Bank of India","EQ","Rights-Eq 1:5@Prem Rs1580","1","28-Jan-2008","04-Feb-2008","-","-"
"ZANDUREALT","Zandu Realty Limited","EQ","Int Div-Rs.50/- Per Sharerd Date Revised","100","28-Jan-2008","29-Jan-2008","-","-"
"DYNAMATECH","Dynamatic Technologies Limited","EQ","Interim Dividend - 25%   Rd Date Revised","10","28-Jan-2008","29-Jan-2008","-","-"
"VARUNSHIP","Varun Shipping Company Limited","EQ","2nd Int Div-Rs1.50 Per Sh","10","28-Jan-2008","29-Jan-2008","-","-"
"ACE","Action Construction Equipment Limited","EQ","Interim Dividend - 20%   Purpose Revised","2","29-Jan-2008","30-Jan-2008","-","-"
"JKLAKSHMI","JK Lakshmi Cement Limited","EQ","Interim Dividend - 10%","5","29-Jan-2008","30-Jan-2008","-","-"
"RAJESHEXPO","Rajesh Exports Limited","EQ","Fv Spl-Rs2 To Re1/Bon-2:1","1","29-Jan-2008","05-Feb-2008","-","-"
"UMIYA-MRO","UMIYA BUILDCON LIMITED","EQ","Interim Dividend - 20%   Rd Date Revised","5","29-Jan-2008","30-Jan-2008","-","-"
"BEL","Bharat Electronics Limited","EQ","Int Div- Rs.6/- Per Share","1","30-Jan-2008","31-Jan-2008","-","-"
"GANDHITUBE","Gandhi Special Tubes Limited","EQ","Int Div- Rs.5/- Per Share","5","30-Jan-2008","31-Jan-2008","-","-"
"HIKAL","Hikal Limited","EQ","Interim Dividend - 30%","2","31-Jan-2008","01-Feb-2008","-","-"
"PASUPATI","Pasupati Fabrics Limited","EQ","Annual General Meeting","10","31-Jan-2008","-","04-Feb-2008","06-Feb-2008"
"GFLLIMITED","GFL Limited","EQ","Fv Split Rs.2/- To Re.1/-","1","01-Feb-2008","08-Feb-2008","-","-"
"KIRLOSOIL","Kirloskar Oil Engines Limited","EQ","Interim Dividend - 50%","2","01-Feb-2008","04-Feb-2008","-","-"
"NILKAMAL","Nilkamal Limited","EQ","Interim Dividend - 35%   Purpose Revised","10","01-Feb-2008","04-Feb-2008","-","-"
"AARTIIND","Aarti Industries Limited","EQ","Int Div- Rs.1/- Per Sharepurpose Revised","5","01-Feb-2008","04-Feb-2008","-","-"
"ORIENTPPR","Orient Paper & Industries Limited","EQ","Fv Split Rs.10/- To Re.1/","1","01-Feb-2008","08-Feb-2008","-","-"
"SAIL","Steel Authority of India Limited","EQ","Interim Dividend - 19%   Purpose Revised","10","01-Feb-2008","04-Feb-2008","-","-"
"63MOONS","63 moons technologies limited","EQ","3rd Interim Dividend-400%","2","01-Feb-2008","04-Feb-2008","-","-"
"PAGEIND","Page Industries Limited","EQ","2nd Interim Div-Rs4 Pr Shpurpose Revised","10","04-Feb-2008","05-Feb-2008","-","-"
"NTPC","NTPC Limited","EQ","Interim Dividend - 27%   Purpose Revised","10","04-Feb-2008","05-Feb-2008","-","-"
"SANWARIA","Sanwaria Consumer Limited","EQ","Fv Split Rs.2/- To Re.1/-","1","04-Feb-2008","11-Feb-2008","-","-"
"CGPOWER","CG Power and Industrial Solutions Limited","EQ","Interim Div-Rs.0.80 Pr Shpurpose Revised","2","04-Feb-2008","05-Feb-2008","-","-"
"GREAVESCOT","Greaves Cotton Limited","EQ","2nd Interim Dividend- 20%","2","04-Feb-2008","05-Feb-2008","-","-"
"HCL-INSYS","HCL Infosystems Limited","EQ","2nd Interim Dividend-100%Purpose Revised","2","05-Feb-2008","06-Feb-2008","-","-"
"NLCINDIA","NLC India Limited","EQ","Interim Dividend - 10%","10","05-Feb-2008","06-Feb-2008","-","-"
"HUBTOWN","Hubtown Limited","EQ","Interim Div-Rs.1.80 Pr Shpurpose Revised","10","05-Feb-2008","06-Feb-2008","-","-"
"SELMCL","SEL Manufacturing Company Limited","EQ","Int Div-Rs.1/- Per Share Purpose Revised","10","05-Feb-2008","06-Feb-2008","-","-"
"ORBITCORP","Orbit Corporation Limited","EQ","2nd Interim Dividend-15%","10","05-Feb-2008","06-Feb-2008","-","-"
"GESHIP","The Great Eastern Shipping Company Limited","EQ","Interim Div-Rs.3.50 Pr Shpurpose Revised","10","05-Feb-2008","06-Feb-2008","-","-"
"RAMCOIND","Ramco Industries Limited","EQ","2nd Int Div-Rs.5 Per Sh  Purpose Revised","1","05-Feb-2008","06-Feb-2008","-","-"
"GABRIEL","Gabriel India Limited","EQ","Int Div-Rs.0.30 Per Share","1","05-Feb-2008","06-Feb-2008","-","-"
"KCP","KCP Limited","EQ","3rd Interim Dividend-25% Purpose Revised","1","05-Feb-2008","06-Feb-2008","-","-"
"RAMCOCEM","The Ramco Cements Limited","EQ","2nd Int Div-Rs.10 Per Sh Purpose Revised","1","05-Feb-2008","06-Feb-2008","-","-"
"BLBLIMITED","BLB Limited","EQ","2nd Interim Dividend- 15%","1","06-Feb-2008","07-Feb-2008","-","-"
"VEDL","Vedanta Limited","EQ","Int Div- Rs15/- Per Share","1","06-Feb-2008","07-Feb-2008","-","-"
"PRAJIND","Praj Industries Limited","EQ","Interim Div-Rs.1.98 Pr Shpurpose Revised","2","07-Feb-2008","08-Feb-2008","-","-"
"GVKPIL","GVK Power & Infrastructure Limited","EQ","Fv Split Rs.10/- To Re.1/","1","08-Feb-2008","15-Feb-2008","-","-"
"TCI","Transport Corporation of India Limited","EQ","Int Div- Re0.30 Per Share","2","08-Feb-2008","11-Feb-2008","-","-"
"KEC","KEC International Limited","EQ","Scheme Of Arrangement","2","11-Feb-2008","18-Feb-2008","-","-"
"PFC","Power Finance Corporation Limited","EQ","Interim Dividend - 25%   Purpose Revised","10","11-Feb-2008","12-Feb-2008","-","-"
"BALRAMCHIN","Balrampur Chini Mills Limited","EQ","Annual General Meeting","1","11-Feb-2008","-","13-Feb-2008","18-Feb-2008"
"GEODESIC","Geodesic Limited","EQ","Interim Dividend - 10%","2","12-Feb-2008","13-Feb-2008","-","-"
"PHOENIXLTD","The Phoenix Mills Limited","EQ","Fv Split Rs.10/- To Rs.2/","2","13-Feb-2008","20-Feb-2008","-","-"
"BHEL","Bharat Heavy Electricals Limited","EQ","Int Div- Rs.9/- Per Share","2","13-Feb-2008","14-Feb-2008","-","-"
"ZENITHSTL","Zenith Steel Pipes & Industries Limited","EQ","Interim Div-Rs.0.50 Pr Sh","10","13-Feb-2008","14-Feb-2008","-","-"
"NATIONALUM","National Aluminium Company Limited","EQ","Interim Dividend - 45%   Dividend Revised","5","13-Feb-2008","14-Feb-2008","-","-"
"WHEELS","Wheels India Limited","EQ","Interim Dividend - 30%","10","14-Feb-2008","15-Feb-2008","-","-"
"CONCOR","Container Corporation of India Limited","EQ","Interim Div- Rs.11 Per Sh","5","14-Feb-2008","15-Feb-2008","-","-"
"DALMIASUG","Dalmia Bharat Sugar and Industries Limited","EQ","Int Div-Rs.2.50 Per Share","2","14-Feb-2008","15-Feb-2008","-","-"
"BAJAJHIND","Bajaj Hindusthan Sugar Limited","EQ","Agm/Dividend - 60%","1","14-Feb-2008","-","16-Feb-2008","26-Feb-2008"
"CUMMINSIND","Cummins India Limited","EQ","Interim Div- Rs.2 Per Sh","2","14-Feb-2008","15-Feb-2008","-","-"
"WSI","W S Industries (I) Limited","EQ","Interim Dividend-5%","10","14-Feb-2008","15-Feb-2008","-","-"
"NETWORK18","Network18 Media & Investments Limited","EQ","Interim Div-Rs1.25 Per Sh","5","14-Feb-2008","16-Feb-2008","-","-"
"AMBUJACEM","Ambuja Cements Limited","EQ","Final Dividend-Re.1 Pr Sh","2","14-Feb-2008","-","16-Feb-2008","29-Feb-2008"
"MPSLTD","MPS Limited","EQ","Interim Dividend - 25%","10","14-Feb-2008","15-Feb-2008","-","-"
"STCINDIA","The State Trading Corporation of India Limited","EQ","Interim Dividend - 35%","10","15-Feb-2008","18-Feb-2008","-","-"
"PEL","Piramal Enterprises Limited","EQ","Scheme Of Arrangement","2","15-Feb-2008","22-Feb-2008","-","-"
"BRABOURNE","Brabourne Enterprises Limited","EQ","Scheme Of Arrangement","10","15-Feb-2008","22-Feb-2008","-","-"
"SUPRAJIT","Suprajit Engineering Limited","EQ","Interim Dividend - 20%","1","19-Feb-2008","20-Feb-2008","-","-"
"MTNL","Mahanagar Telephone Nigam Limited","EQ","Interim Dividend - 30%","10","21-Feb-2008","22-Feb-2008","-","-"
"INDHOTEL","The Indian Hotels Company Limited","EQ","Rhts-Eq1:5&1ncd/Wrnt:10eq","1","21-Feb-2008","28-Feb-2008","-","-"
"TV18BRDCST","TV18 Broadcast Limited","EQ","Fv Split Rs.10/- To Rs.2/","2","21-Feb-2008","28-Feb-2008","-","-"
"STARPAPER","Star Paper Mills Limited","EQ","Agm/Dividend - 17.5%","10","21-Feb-2008","-","23-Feb-2008","29-Feb-2008"
"PTL","PTL Enterprises Limited","EQ","Fv Split Rs.10/- To Rs.2/","1","25-Feb-2008","03-Mar-2008","-","-"
"SICAL","Sical Logistics Limited","EQ","Scheme Of Arrangement","10","25-Feb-2008","01-Mar-2008","-","-"
"WALCHANNAG","Walchandnagar Industries Limited","EQ","Fv Spl-Rs10tors2/Bon-1:1","2","25-Feb-2008","03-Mar-2008","-","-"
"OCL","OCL India Limited","EQ","Scheme Of Arrangement","2","27-Feb-2008","05-Mar-2008","-","-"
"SCI","Shipping Corporation Of India Limited","EQ","Interim Dividend - 45%   Purpose Revised","10","27-Feb-2008","28-Feb-2008","-","-"
"JINDALSTEL","JINDAL STEEL LIMITED","EQ","Int Div -Rs.1.50/- Per Sh","1","27-Feb-2008","28-Feb-2008","-","-"
"UTTAMSUGAR","Uttam Sugar Mills Limited","EQ","Annual General Meeting","10","27-Feb-2008","-","29-Feb-2008","29-Feb-2008"
"EDL","Empee Distilleries Limited","EQ","Annual General Meeting","10","28-Feb-2008","-","01-Mar-2008","10-Mar-2008"
"SIEMENS","Siemens Limited","EQ","Bonus 1:1","2","29-Feb-2008","03-Mar-2008","-","-"
"BEML","BEML Limited","EQ","Interim Dividend - 55%","5","04-Mar-2008","05-Mar-2008","-","-"
"MRF","MRF Limited","EQ","Agm/Final Dividend - 140%","10","05-Mar-2008","-","10-Mar-2008","20-Mar-2008"
"VISHALEXPO","Vishal Exports Overseas Limited","EQ","Annual General Meeting","1","05-Mar-2008","-","10-Mar-2008","15-Mar-2008"
"DREDGECORP","Dredging Corporation of India Limited","EQ","Interim Dividend - 75%","10","07-Mar-2008","10-Mar-2008","-","-"
"SIL","Standard Industries Limited","EQ","Dividend - 15%","5","07-Mar-2008","-","11-Mar-2008","25-Mar-2008"
"DWARKESH","Dwarikesh Sugar Industries Limited","EQ","Agm","1","07-Mar-2008","-","11-Mar-2008","25-Mar-2008"
"GPIL","Godawari Power And Ispat limited","EQ","Interim Dividend - 15%   Purpose Revised","1","10-Mar-2008","11-Mar-2008","-","-"
"MICRO","Micro Inks Limited","EQ","Agm/Div -Rs. 6/- Per Shr","10","10-Mar-2008","-","12-Mar-2008","15-Mar-2008"
"POWERGRID","Power Grid Corporation of India Limited","EQ","Interim Dividend - 5%    Purpose Revised","10","10-Mar-2008","11-Mar-2008","-","-"
"3PLAND","3P Land Holdings Limited","EQ","Fv Split Rs.10/- To Rs.2/","2","11-Mar-2008","18-Mar-2008","-","-"
"NETWORK18","Network18 Media & Investments Limited","EQ","Rights - 1pccps:5eq","5","11-Mar-2008","18-Mar-2008","-","-"
"MARKSANS","Marksans Pharma Limited","EQ","Fv Split Rs.10/- To Re.1/","1","11-Mar-2008","-","18-Mar-2008","25-Mar-2008"
"GODREJCP","Godrej Consumer Products Limited","EQ","Rights-Eq 1:7@Prem Rs122","1","12-Mar-2008","19-Mar-2008","-","-"
"ACE","Action Construction Equipment Limited","EQ","Fv Split Rs.10/- To Rs.2/","2","13-Mar-2008","24-Mar-2008","-","-"
"CUB","City Union Bank Limited","EQ","Interim Dividend - 30%","1","13-Mar-2008","14-Mar-2008","-","-"
"EMCO","Emco Limited","EQ","Fv Split Rs.10/- To Rs.2/","2","14-Mar-2008","25-Mar-2008","-","-"
"NAVNETEDUL","Navneet Education Limited","EQ","2nd Interim Dividend-40% Purpose Revised","2","14-Mar-2008","17-Mar-2008","-","-"
"ANDHRABANK","Andhra Bank","EQ","Interim Dividend - 20%   Purpose Revised","10","14-Mar-2008","17-Mar-2008","-","-"
"BAJAJHLDNG","Bajaj Holdings & Investment Limited","EQ","Scheme Of Arrangement","10","14-Mar-2008","25-Mar-2008","-","-"
"GUJRATGAS","Gujarat Gas Company Limited","EQ","Dividend - Rs.3 Per Share","2","14-Mar-2008","-","18-Mar-2008","20-Mar-2008"
"VIDEOIND","Videocon Industries Limited","EQ","Agm/Dividend - 35%","10","14-Mar-2008","-","18-Mar-2008","31-Mar-2008"
"VALUEIND","Value Industries Limited","EQ","Agm/Dividend - 5%","10","14-Mar-2008","-","18-Mar-2008","31-Mar-2008"
"CRISIL","Crisil Limited","EQ","Agm/Div-Rs25 Per Share","1","14-Mar-2008","-","18-Mar-2008","19-Mar-2008"
"GANDHITUBE","Gandhi Special Tubes Limited","EQ","Fv Split Rs.10/- To Rs.5/","5","17-Mar-2008","26-Mar-2008","-","-"
"HINDUNILVR","Hindustan Unilever Limited","EQ","Agm/Dividend- Rs.3 Per Sh","1","17-Mar-2008","-","19-Mar-2008","03-Apr-2008"
"PVP","PVP Ventures Limited","EQ","Annual General Meeting","10","18-Mar-2008","-","24-Mar-2008","29-Mar-2008"
"RML","Rane (Madras) Limited","EQ","Int Div- Rs.6/- Per Share","10","18-Mar-2008","22-Mar-2008","-","-"
"LML","LML Limited","EQ","Annual General Meeting","10","18-Mar-2008","-","22-Mar-2008","28-Mar-2008"
"ARIHANT","Arihant Foundations & Housing Limited","EQ","Agm/Dividend - 40%       Rd Changed To Bc","10","18-Mar-2008","-","21-Mar-2008","28-Mar-2008"
"SRF","SRF Limited","EQ","Interim Dividend - 30%   Purpose Revised","10","18-Mar-2008","21-Mar-2008","-","-"
"NUCHEM","Nuchem Limited","EQ","Annual General Meeting","10","18-Mar-2008","-","20-Mar-2008","27-Mar-2008"
"KOPRAN","Kopran Limited","EQ","Annual General  Meeting","10","18-Mar-2008","-","24-Mar-2008","26-Mar-2008"
"GUFICBIO","Gufic Biosciences Limited","EQ","Agm/Dividend - 5%","1","19-Mar-2008","-","25-Mar-2008","31-Mar-2008"
"GRINDWELL","Grindwell Norton Limited","EQ","Agm/Div-Rs4 Per Share","5","19-Mar-2008","-","25-Mar-2008","28-Mar-2008"
"BFUTILITIE","BF Utilities Limited","EQ","Annual General Meeting","5","19-Mar-2008","-","25-Mar-2008","25-Mar-2008"
"STCINDIA","The State Trading Corporation of India Limited","EQ","Bonus - 1:1","10","19-Mar-2008","24-Mar-2008","-","-"
"JINDALSAW","Jindal Saw Limited","EQ","Agm/Div-Rs6.25 Per Share","1","19-Mar-2008","-","25-Mar-2008","27-Mar-2008"
"JKTYRE","JK Tyre & Industries Limited","EQ","Agm/Dividend - 27%","2","24-Mar-2008","-","26-Mar-2008","26-Mar-2008"
"KOPDRUGS","KDL Biotech Limited","EQ","Annual General Meeting","10","24-Mar-2008","-","26-Mar-2008","29-Mar-2008"
"INDNIPPON","India Nippon Electricals Limited","EQ","2nd Interim Dividend-25% Purpose Revised","5","25-Mar-2008","26-Mar-2008","-","-"
"HONAUT","Honeywell Automation India Limited","EQ","Agm/Dividend Rs.10 Per Sh","10","25-Mar-2008","-","27-Mar-2008","03-Apr-2008"
"S&SPOWER","S&S Power Switchgears Limited","EQ","Annual General Meeting","10","26-Mar-2008","-","28-Mar-2008","31-Mar-2008"
"FOSECOIND","Foseco India Limited","EQ","Agm/Dividend - 70%       Bc Purpose Revised","10","28-Mar-2008","-","01-Apr-2008","10-Apr-2008"
"SCHAEFFLER","Schaeffler India Limited","EQ","Dividend-Rs.4 Per Share","2","28-Mar-2008","-","01-Apr-2008","05-Apr-2008"
"SYNDIBANK","Syndicate Bank","EQ","Interim Dividend - 15%","10","28-Mar-2008","01-Apr-2008","-","-"
"SUDARCOLOR","Sudarshan Colorants India Limited","EQ","Agm/Div-Rs10 Per Share","10","31-Mar-2008","-","03-Apr-2008","17-Apr-2008"
"RANEHOLDIN","Rane Holdings Limited","EQ","Int Div-Rs.6/- Per Share Purpose Revised","10","31-Mar-2008","02-Apr-2008","-","-"
"DENORA","De Nora India Limited","EQ","Agm/Div-Rs.5.80/- Per Shr","10","31-Mar-2008","-","03-Apr-2008","04-Apr-2008"
"GLAXO","GlaxoSmithKline Pharmaceuticals Limited","EQ","Div Fin-Rs18+Spl-18 Pr Sh","10","02-Apr-2008","-","04-Apr-2008","21-Apr-2008"
"PFIZER","Pfizer Limited","EQ","Agm/Dividend - 275%","10","03-Apr-2008","-","07-Apr-2008","15-Apr-2008"
"EASUNREYRL","Easun Reyrolle Limited","EQ","Interim Dividend - 25%   Purpose Revised","2","03-Apr-2008","04-Apr-2008","-","-"
"SANOFI","Sanofi India Limited","EQ","Agm/Div-Rs12.50 Per Share","10","03-Apr-2008","-","05-Apr-2008","24-Apr-2008"
"CGPOWER","CG Power and Industrial Solutions Limited","EQ","3rd Int Div - 20%        Purpose Revised","2","03-Apr-2008","04-Apr-2008","-","-"
"STYRENIX","Styrenix Performance Materials Limited","EQ","Agm/Dividend-Rs3 Pr Share","10","03-Apr-2008","-","07-Apr-2008","10-Apr-2008"
"SKFINDIA","SKF India Limited","EQ","Agm/Dividend - 60%","10","04-Apr-2008","-","08-Apr-2008","23-Apr-2008"
"PGHL","Procter & Gamble Health Limited","EQ","Agm/Div-Rs10 Per Share","10","04-Apr-2008","-","08-Apr-2008","16-Apr-2008"
"KGL","Karuturi Global Limited","EQ","Fv Split Rs.10/- To Re.1/","1","04-Apr-2008","11-Apr-2008","-","-"
"CASTROL","Castrol India Limited","EQ","Final Div-Rs9.50 Pr Sharepurpose Revised","10","07-Apr-2008","-","09-Apr-2008","29-Apr-2008"
"TIMKEN","Timken India Limited","EQ","Annual General Meeting","10","09-Apr-2008","-","11-Apr-2008","24-Apr-2008"
"NMDC","NMDC Limited","EQ","Fv Split Rs.10/- To Re.1/","1","10-Apr-2008","21-Apr-2008","-","-"
"GFLLIMITED","GFL Limited","EQ","2nd Interim Dividend-100%","1","10-Apr-2008","11-Apr-2008","-","-"
"RENUKA","Shree Renuka Sugars Limited","EQ","Fv Split Rs.10/- To Re.1/","1","10-Apr-2008","21-Apr-2008","-","-"
"CORPBANK","Corporation Bank","EQ","Interim Dividend - 45%","2","10-Apr-2008","11-Apr-2008","-","-"
"BLUEDART","Blue Dart Express Limited","EQ","Agm/Dividend - 10%","10","10-Apr-2008","-","15-Apr-2008","22-Apr-2008"
"ACC","ACC Limited","EQ","Agm/Dividend - Rs10 Pr Sh","10","10-Apr-2008","-","12-Apr-2008","24-Apr-2008"
"ASTRAZEN","AstraZeneca Pharma India Limited","EQ","Agm/Div-Rs15 Per Share","2","11-Apr-2008","-","16-Apr-2008","28-Apr-2008"
"ALFALAVAL","Alfa Laval (India) Limited","EQ","Final Dividend - 150%","10","11-Apr-2008","-","16-Apr-2008","30-Apr-2008"
"GSKCONS","GlaxoSmithKline Consumer Healthcare Limited","EQ","Annual General Meeting","10","15-Apr-2008","-","17-Apr-2008","24-Apr-2008"
"BOSCHCHASY","Bosch Chassis Systems India Limited","EQ","Agm/Dividend - 30%","10","16-Apr-2008","-","18-Apr-2008","29-Apr-2008"
"ESABINDIA","Esab India Limited","EQ","Annual General Meeting","10","16-Apr-2008","-","21-Apr-2008","29-Apr-2008"
"CONCOR","Container Corporation of India Limited","EQ","Bonus - 1:1","5","16-Apr-2008","17-Apr-2008","-","-"
"MUKTAARTS","Mukta Arts Limited","EQ","Interim Dividend - 40%   Purpose Revised","5","17-Apr-2008","21-Apr-2008","-","-"
"VESUVIUS","Vesuvius India Limited","EQ","Agm/Dividend - 37.50%","1","17-Apr-2008","-","22-Apr-2008","29-Apr-2008"
"3MINDIA","3M India Limited","EQ","Annual General Meeting","10","17-Apr-2008","-","22-Apr-2008","28-Apr-2008"
"WOCKPHARMA","Wockhardt Limited","EQ","Agm/Dividend-Rs2.50 Pr Sh","5","17-Apr-2008","-","22-Apr-2008","28-Apr-2008"
"HCLTECH","HCL Technologies Limited","EQ","3rd Interim Dividend-100%Purpose Revised","2","21-Apr-2008","22-Apr-2008","-","-"
"SBBJ","State Bank of Bikaner and Jaipur","EQ","Dividend - 100%          Purpose Revised","10","21-Apr-2008","-","28-Apr-2008","05-May-2008"
"PVRINOX","PVR INOX Limited","EQ","Interim Dividend - 10%   Purpose Revised","10","21-Apr-2008","22-Apr-2008","-","-"
"INDHOTEL","The Indian Hotels Company Limited","EQ","Interim Dividend - 190%  Purpose Revised","1","22-Apr-2008","23-Apr-2008","-","-"
"SBT","State Bank of Travancore","EQ","Dividend - 100%          Purpose Revised","10","22-Apr-2008","-","29-Apr-2008","05-May-2008"
"RSYSTEMS","R Systems International Limited","EQ","Agm/Dividend - 18%","1","23-Apr-2008","-","25-Apr-2008","02-May-2008"
"CEMPRO","Cemindia Projects Limited","EQ","Dividend - 20%","1","23-Apr-2008","-","25-Apr-2008","30-Apr-2008"
"KSB","Ksb Limited","EQ","Agm/Dividend - 35%","2","23-Apr-2008","-","25-Apr-2008","06-May-2008"
"ELGIRUBBER","Elgi Rubber Company Limited","EQ","Scheme Of Arrangement","1","23-Apr-2008","30-Apr-2008","-","-"
"SEAMECLTD","Seamec Limited","EQ","Annual General Meeting","10","23-Apr-2008","-","25-Apr-2008","29-Apr-2008"
"SKUMARSYNF","S. Kumars Nationwide Limited","EQ","Scheme Of Arrangement","10","24-Apr-2008","02-May-2008","-","-"
"CHEMFALKAL","Chemfab Alkalis Limited","EQ","Annual General Meeting","5","24-Apr-2008","-","26-Apr-2008","30-Apr-2008"
"CENTURYPLY","Century Plyboards (India) Limited","EQ","Fv Split Rs.10/- To Re.1/","1","24-Apr-2008","02-May-2008","-","-"
"HDFCBANK","HDFC Bank Limited","EQ","Div-Rs.8.50 Per Share    Purpose Revised","1","29-Apr-2008","30-Apr-2008","-","-"
"EVINIX","Evinix Accessories Limited","EQ","Fv Split Rs.10/- To Re.1/","1","29-Apr-2008","07-May-2008","-","-"
"MARICO","Marico Limited","EQ","3rd Interim Dividend-37% Purpose Revised","1","29-Apr-2008","30-Apr-2008","-","-"
"HUHTAMAKI","Huhtamaki India Limited","EQ","Agm/Div-Rs.1.80 Per Share","2","29-Apr-2008","-","01-May-2008","07-May-2008"
"HCL-INSYS","HCL Infosystems Limited","EQ","3rd Interim Dividend-100%Purpose Revised","2","30-Apr-2008","02-May-2008","-","-"
"WHEELS","Wheels India Limited","EQ","2nd Interim Dividend-40%","10","30-Apr-2008","03-May-2008","-","-"
"GMBREW","GM Breweries Limited","EQ","Dividend - 25%","10","30-Apr-2008","-","03-May-2008","06-May-2008"
"SUNDARMFIN","Sundaram Finance Limited","EQ","Interim Dividend - 100%  Purpose Revised","10","02-May-2008","05-May-2008","-","-"
"EPL","EPL Limited","EQ","Dividend - 60%","2","02-May-2008","-","06-May-2008","12-May-2008"
"TANLA","Tanla Platforms Limited","EQ","Fv Split Rs.2/- To Re.1/-","1","02-May-2008","09-May-2008","-","-"
"GDL","Gateway Distriparks Limited","EQ","2nd Interim Dividend-15% Purpose Revised","10","02-May-2008","05-May-2008","-","-"
"GREAVESCOT","Greaves Cotton Limited","EQ","3rd Interim Dividend-20%","2","02-May-2008","05-May-2008","-","-"
"IOB","Indian Overseas Bank","EQ","Agm/Dividend - 35%       Purpose Revised","10","05-May-2008","-","07-May-2008","13-May-2008"
"MONNETISPA","Monnet Ispat and Energy Limited","EQ","Interim Dividend - 25%   Purpose Revised","10","05-May-2008","06-May-2008","-","-"
"GODREJCP","Godrej Consumer Products Limited","EQ","4th Interim Dividend-75% Purpose Revised","1","05-May-2008","06-May-2008","-","-"
"NDLVENTURE","NDL Ventures Limited","EQ","Interim Dividend - 100%","10","08-May-2008","09-May-2008","-","-"
"ADVANIHOTR","Advani Hotels & Resorts (India) Limited","EQ","Interim Dividend - 20%","2","08-May-2008","09-May-2008","-","-"
"GESHIP","The Great Eastern Shipping Company Limited","EQ","Div-Int.Rs.5+Spl Rs2.50shpurpose Revised","10","08-May-2008","09-May-2008","-","-"
"RELIANCE","Reliance Industries Limited","EQ","Dividend-Rs.13 Per Share","10","08-May-2008","-","10-May-2008","17-May-2008"
"FOSECOIND","Foseco India Limited","EQ","Int Div- Rs1.50 Per Sharepurpose Revised","10","09-May-2008","12-May-2008","-","-"
"TV-18","Television Eighteen India Limited","EQ","2nd Interim Dividend-15%","5","13-May-2008","14-May-2008","-","-"
"RALLIS","Rallis India Limited","EQ","Agm/Dividend - 160%","1","13-May-2008","-","15-May-2008","30-May-2008"
"MOTILALOFS","Motilal Oswal Financial Services Limited","EQ","Agm/Dividend - 80%","1","14-May-2008","-","16-May-2008","31-May-2008"
"BOSCHLTD","Bosch Limited","EQ","Agm/Div-Rs25 Per Share","10","14-May-2008","-","16-May-2008","30-May-2008"
"LINDEINDIA","Linde India Limited","EQ","Agm/Dividend - 20%","10","15-May-2008","-","20-May-2008","29-May-2008"
"CENTEXT","Century Extrusions Limited","EQ","Rght33:47@Prm.Rs3/Div-10%","1","16-May-2008","26-May-2008","-","-"
"ZUARIIND","ZUARI INDUSTRIES LIMITED","EQ","Dividend - 30%           Purpose Revised","10","20-May-2008","-","22-May-2008","29-May-2008"
"EDL","Empee Distilleries Limited","EQ","Interim Dividend - 30%","10","20-May-2008","21-May-2008","-","-"
"LGBROS","LG Balakrishnan & Bros Limited","EQ","Scheme Of Arrangement","1","21-May-2008","28-May-2008","-","-"
"JSWSTEEL","JSW Steel Limited","EQ","Agm/Dividend - 140%","1","21-May-2008","-","23-May-2008","27-May-2008"
"IZMO","IZMO Limited","EQ","Interim Dividend - 40%","10","21-May-2008","22-May-2008","-","-"
"NMDC","NMDC Limited","EQ","Bonus 2:1","1","21-May-2008","22-May-2008","-","-"
"RANBAXY","Ranbaxy Laboratories Limited","EQ","Agm/Div-Rs.6/- Per Share","5","21-May-2008","-","23-May-2008","30-May-2008"
"STERLINBIO","Sterling Biotech Limited","EQ","Agm/Dividend - 50%","1","22-May-2008","-","26-May-2008","02-Jun-2008"
"NELCAST","Nelcast Limited","EQ","Agm/Dividend - 30%","2","22-May-2008","-","26-May-2008","31-May-2008"
"INDIANB","Indian Bank","EQ","Elec. Of Dir/Agm/Div-40% Purpose Revised","10","22-May-2008","-","24-May-2008","26-May-2008"
"PETRONET","Petronet LNG Limited","EQ","Agm/Dividend - 15%","10","22-May-2008","-","26-May-2008","04-Jun-2008"
"AXISBANK","Axis Bank Limited","EQ","Agm/Dividend - 60%","2","22-May-2008","-","26-May-2008","06-Jun-2008"
"EICHERMOT","Eicher Motors Limited","EQ","Agm/Dividend - 50%","1","26-May-2008","-","28-May-2008","04-Jun-2008"
"ABB","ABB India Limited","EQ","Agm/Div-Rs2.20 Per Share","2","26-May-2008","-","28-May-2008","03-Jun-2008"
"FMGOETZE","Federal-Mogul Goetze (India) Limited.","EQ","Annual General Meeting","10","28-May-2008","-","30-May-2008","13-Jun-2008"
"HCC","Hindustan Construction Company Limited","EQ","Agm/Div-Re.0.80 Per Share","1","28-May-2008","-","30-May-2008","13-Jun-2008"
"ANDHRAPAP","ANDHRA PAPER LIMITED","EQ","Agm/Div-Re.1 Per Share","2","28-May-2008","-","30-May-2008","10-Jun-2008"
"SURANAIND","Surana Industries Limited","EQ","Agm/Dividend - 15%","10","28-May-2008","-","30-May-2008","31-May-2008"
"ALBK","Allahabad Bank","EQ","Agm/Dividend - 35%       Purpose Revised","10","29-May-2008","-","31-May-2008","16-Jun-2008"
"SBIN","State Bank of India","EQ","Div-Rs.21.50 Per Share","1","29-May-2008","-","02-Jun-2008","11-Jun-2008"
"SURANACORP","Surana Corporation Limited","EQ","Dividend - 12%","10","29-May-2008","-","02-Jun-2008","02-Jun-2008"
"MAHABANK","Bank of Maharashtra","EQ","Agm/Dividend - 20%","10","29-May-2008","-","31-May-2008","09-Jun-2008"
"CHENNPETRO","Chennai Petroleum Corporation Limited","EQ","Interim Dividend-50%","10","29-May-2008","31-May-2008","-","-"
"PNB","Punjab National Bank","EQ","Agm/Dividend - 130%","2","29-May-2008","-","31-May-2008","07-Jun-2008"
"BATAINDIA","Bata India Limited","EQ","Agm/Fin Div-15%+Ad Div-5%Bc Dates Revised","5","29-May-2008","-","31-May-2008","19-Jun-2008"
"SONATSOFTW","Sonata Software Limited","EQ","Agm/Dividend - 60%","1","29-May-2008","-","02-Jun-2008","10-Jun-2008"
"INFY","Infosys Limited","EQ","Agm/Div-145%+Spl Div-400%","5","29-May-2008","-","31-May-2008","14-Jun-2008"
"RPL","Reliance Petroleum Limited","EQ","Annual General Meeting","10","29-May-2008","-","02-Jun-2008","07-Jun-2008"
"RAYMOND","Raymond Limited","EQ","Agm/Dividend - 25%","10","30-May-2008","-","03-Jun-2008","18-Jun-2008"
"INGVYSYABK","ING Vysya Bank Limited","EQ","Agm/Dividend - 15%","10","30-May-2008","-","03-Jun-2008","30-Jun-2008"
"RPOWER","Reliance Power Limited","EQ","Bonus 3:5","10","30-May-2008","-","03-Jun-2008","05-Jun-2008"
"DICIND","DIC India Limited","EQ","Agm/Div-Rs3.50 Per Share","10","30-May-2008","-","03-Jun-2008","12-Jun-2008"
"JYOTISTRUC","Jyoti Structures Limited","EQ","Agm/Dividend - 40%","2","30-May-2008","-","03-Jun-2008","13-Jun-2008"
"GTL","GTL Limited","EQ","Dividend - 30%","10","30-May-2008","-","03-Jun-2008","10-Jun-2008"
"INSPIRISYS","Inspirisys Solutions Limited","EQ","Interim Dividend - 15%","10","30-May-2008","02-Jun-2008","-","-"
"MONSANTO","Monsanto India Limited","EQ","2nd Int Div-Rs.180 Per Sh","10","02-Jun-2008","03-Jun-2008","-","-"
"PUNJABTRAC","Punjab Tractors Limited","EQ","Dividend - 50%","10","03-Jun-2008","-","05-Jun-2008","10-Jun-2008"
"SWARAJENG","Swaraj Engines Limited","EQ","Dividend - 50%","10","03-Jun-2008","-","05-Jun-2008","10-Jun-2008"
"RIIL","Reliance Industrial Infrastructure Limited","EQ","Dividend-Rs.3.50 Per Sh.","10","04-Jun-2008","-","06-Jun-2008","12-Jun-2008"
"BALKRISIND","Balkrishna Industries Limited","EQ","Interim Dividend - 45%","2","04-Jun-2008","05-Jun-2008","-","-"
"SAMBHAAV","Sambhaav Media Limited","EQ","Agm","1","05-Jun-2008","-","07-Jun-2008","10-Jun-2008"
"HDFCBANK","HDFC Bank Limited","EQ","Annual General Meeting","1","05-Jun-2008","-","07-Jun-2008","10-Jun-2008"
"OMNITECH","Omnitech Infosolutions Limited","EQ","Dividend-12%","10","06-Jun-2008","-","10-Jun-2008","13-Jun-2008"
"NIPPOBATRY","Indo-National Limited","EQ","Agm/Dividend-200%","5","06-Jun-2008","-","10-Jun-2008","18-Jun-2008"
"KESORAMIND","Kesoram Industries Limited","EQ","Div-Rs.5.50 Per Share","10","09-Jun-2008","-","11-Jun-2008","26-Jun-2008"
"ASTRAL","Astral Limited","EQ","Agm/Div-Re.1 Per Share","1","09-Jun-2008","-","11-Jun-2008","19-Jun-2008"
"PAGEIND","Page Industries Limited","EQ","1st Interim Dividend-60% Purpose Revised","10","09-Jun-2008","10-Jun-2008","-","-"
"ORIENTBANK","Oriental Bank of Commerce","EQ","Agm/Dividend-47%","10","09-Jun-2008","-","11-Jun-2008","18-Jun-2008"
"GTLINFRA","GTL Infrastructure Limited","EQ","Agm","10","10-Jun-2008","-","12-Jun-2008","12-Jun-2008"
"CANBK","Canara Bank","EQ","Agm/Dividend-80%","2","10-Jun-2008","-","12-Jun-2008","18-Jun-2008"
"SIGMAADV","SIGMA ADVANCED SYSTEMS LIMITED","EQ","Agm/Dividend - 12%       Bc Dates Revised","10","10-Jun-2008","-","12-Jun-2008","23-Jun-2008"
"ANDHRABANK","Andhra Bank","EQ","Agm/Dividend - 20%","10","10-Jun-2008","-","12-Jun-2008","20-Jun-2008"
"PRATIBHA","Pratibha Industries Limited","EQ","Agm/Dividend - 20%","2","11-Jun-2008","-","13-Jun-2008","20-Jun-2008"
"BBL","Bharat Bijlee Limited","EQ","Agm/Dividend - 300%","5","12-Jun-2008","-","16-Jun-2008","26-Jun-2008"
"VIJAYABANK","Vijaya Bank","EQ","Agm/Dividend - 20%","10","12-Jun-2008","-","16-Jun-2008","21-Jun-2008"
"NAVINFLUOR","Navin Fluorine International Limited","EQ","Agm/Dividend - 40%","2","12-Jun-2008","-","14-Jun-2008","23-Jun-2008"
"ELECTHERM","Electrotherm (India) Limited","EQ","Agm/Dividend - 25%","10","12-Jun-2008","-","14-Jun-2008","20-Jun-2008"
"ADVANTA","Advanta Limited","EQ","Agm/Dividend - 10%","2","12-Jun-2008","-","16-Jun-2008","24-Jun-2008"
"ARIES","Aries Agro Limited","EQ","Interim Dividend - 12%","10","12-Jun-2008","14-Jun-2008","-","-"
"ASIANPAINT","Asian Paints Limited","EQ","Agm/Dividend - 105%","1","12-Jun-2008","-","14-Jun-2008","24-Jun-2008"
"MALCO","The Madras Aluminium Company Limited","EQ","Agm/Dividend-90%","2","12-Jun-2008","-","14-Jun-2008","14-Jun-2008"
"UMIYA-MRO","UMIYA BUILDCON LIMITED","EQ","Agm/Dividend - 40%       Purpose Revised","5","12-Jun-2008","-","14-Jun-2008","25-Jun-2008"
"CENTENKA","Century Enka Limited","EQ","Agm/Div-Rs.5 Per Share","10","12-Jun-2008","-","14-Jun-2008","23-Jun-2008"
"SYNDIBANK","Syndicate Bank","EQ","Agm/Dividend - 13%","10","13-Jun-2008","-","17-Jun-2008","23-Jun-2008"
"LICHSGFIN","LIC Housing Finance Limited","EQ","Agm/Dividend - 100%","2","13-Jun-2008","-","17-Jun-2008","01-Jul-2008"
"DIGISPICE","DiGiSPICE Technologies Limited","EQ","Agm/Dividend - 15%","3","13-Jun-2008","-","17-Jun-2008","27-Jun-2008"
"IGPL","IG Petrochemicals Limited","EQ","Annual General Meeting","10","13-Jun-2008","-","17-Jun-2008","21-Jun-2008"
"CAIRN","Cairn India Limited","EQ","Agm","10","13-Jun-2008","-","17-Jun-2008","25-Jun-2008"
"MPSLTD","MPS Limited","EQ","Annual General Meeting","10","13-Jun-2008","-","17-Jun-2008","20-Jun-2008"
"CMC","CMC Limited","EQ","Agm/Dividend - 110%","10","16-Jun-2008","-","18-Jun-2008","24-Jun-2008"
"PEL","Piramal Enterprises Limited","EQ","Agm/Dividend - 210%","2","16-Jun-2008","-","18-Jun-2008","26-Jun-2008"
"BILVYAPAR","BIL VYAPAR LIMITED","EQ","Agm/Dividend - 30%","10","16-Jun-2008","-","18-Jun-2008","23-Jun-2008"
"BINANICEM","Binani Cement Limited","EQ","Agm/Dividend - 25%","10","16-Jun-2008","-","18-Jun-2008","23-Jun-2008"
"TMPV","Tata Motors Passenger Vehicles Limited","EQ","Dividend-Rs.15 Per Share Purpose Revised","2","16-Jun-2008","-","18-Jun-2008","26-Jun-2008"
"RAIN","Rain Industries Limited","EQ","Agm/Dividend - 28%","2","16-Jun-2008","-","18-Jun-2008","25-Jun-2008"
"PREMIER","Premier Limited","EQ","Agm/Dividend - 25%","10","17-Jun-2008","-","19-Jun-2008","27-Jun-2008"
"CORPBANK","Corporation Bank","EQ","Agm/Div-Rs.6 Per Share","2","17-Jun-2008","-","19-Jun-2008","21-Jun-2008"
"UNIONBANK","Union Bank of India","EQ","Agm/Dividend - 40%","10","17-Jun-2008","-","19-Jun-2008","25-Jun-2008"
"PATNI","Patni Computer Systems Limited","EQ","Agm/Dividend-150%","2","17-Jun-2008","-","19-Jun-2008","26-Jun-2008"
"ZYLOG","Zylog Systems Limited","EQ","Agm/Dividend - 30%","5","18-Jun-2008","-","20-Jun-2008","27-Jun-2008"
"TCS","Tata Consultancy Services Limited","EQ","Agm/Div- Rs 5/- Per Share","1","18-Jun-2008","-","20-Jun-2008","01-Jul-2008"
"RELCAPITAL","Reliance Capital Limited","EQ","Dividend-Rs5.50 Per Share","10","18-Jun-2008","-","20-Jun-2008","27-Jun-2008"
"IVC","IL&FS Investment Managers Limited","EQ","Agm/Dividend - 55%","2","18-Jun-2008","-","20-Jun-2008","26-Jun-2008"
"BRIGADE","Brigade Enterprises Limited","EQ","Agm/Dividend - 20%","10","18-Jun-2008","-","20-Jun-2008","27-Jun-2008"
"JAYSREETEA","Jayshree Tea & Industries Limited","EQ","Agm/Dividend - 25%","5","18-Jun-2008","-","20-Jun-2008","27-Jun-2008"
"HEIDELBERG","HeidelbergCement India Limited","EQ","Annual General Meeting","10","18-Jun-2008","-","20-Jun-2008","24-Jun-2008"
"CCCL","Consolidated Construction Consortium Limited","EQ","Agm/Dividend - 25%","2","18-Jun-2008","-","20-Jun-2008","25-Jun-2008"
"MRPL","Mangalore Refinery and Petrochemicals Limited","EQ","Agm/Div-Rs 1.20 Per Sh","10","18-Jun-2008","-","20-Jun-2008","18-Jul-2008"
"KEC","KEC International Limited","EQ","Agm/Dividend-50%","2","18-Jun-2008","-","20-Jun-2008","27-Jun-2008"
"PRAJIND","Praj Industries Limited","EQ","Agm","2","19-Jun-2008","-","23-Jun-2008","27-Jun-2008"
"ASAL","Automotive Stampings and Assemblies Limited","EQ","Agm/Dividend-15%","10","19-Jun-2008","-","21-Jun-2008","27-Jun-2008"
"TATAMETALI","Tata Metaliks Limited","EQ","Agm/Dividend - 70%","10","19-Jun-2008","-","23-Jun-2008","16-Jul-2008"
"STAR","Strides Pharma Science Limited","EQ","Agm","10","19-Jun-2008","-","21-Jun-2008","27-Jun-2008"
"ASHIMASYN","Ashima Limited","EQ","Annual General Meeting","10","19-Jun-2008","-","23-Jun-2008","29-Jun-2008"
"MINDTREE","MindTree Limited","EQ","Agm/Dividend - 10%       Bc End Date Revised","10","19-Jun-2008","-","21-Jun-2008","30-Jun-2008"
"UCOBANK","UCO Bank","EQ","Agm/Dividend - 10%","10","19-Jun-2008","-","21-Jun-2008","01-Jul-2008"
"TARIL","Transformers And Rectifiers (India) Limited","EQ","Dividend-20%","1","19-Jun-2008","-","21-Jun-2008","26-Jun-2008"
"ONIDA","Onida Electronics Limited","EQ","Dividend-100%","1","19-Jun-2008","-","23-Jun-2008","28-Jun-2008"
"JSWHL","JSW Holdings Limited","EQ","Annual General Meeting","10","19-Jun-2008","-","21-Jun-2008","28-Jun-2008"
"THOMASCOOK","Thomas Cook  (India)  Limited","EQ","Agm/Dividend - 50%","1","19-Jun-2008","-","23-Jun-2008","27-Jun-2008"
"TORNTPOWER","Torrent Power Limited","EQ","Dividend - 12%","10","19-Jun-2008","-","23-Jun-2008","25-Jun-2008"
"TORNTPHARM","Torrent Pharmaceuticals Limited","EQ","Dividend-Rs.3.50/- Per Sh","5","19-Jun-2008","-","23-Jun-2008","25-Jun-2008"
"DABUR","Dabur India Limited","EQ","Agm/Dividend - 75%","1","19-Jun-2008","-","23-Jun-2008","04-Jul-2008"
"UNIVAFOODS","Univa Foods Limited","EQ","Annual General Meeting","10","20-Jun-2008","-","24-Jun-2008","27-Jun-2008"
"PLETHICO","Plethico Pharmaceuticals Limited","EQ","Agm/Dividend - 25%","10","20-Jun-2008","-","24-Jun-2008","27-Jun-2008"
"HEXAWARE","Hexaware Technologies Limited","EQ","Annual General Meeting","2","20-Jun-2008","-","24-Jun-2008","30-Jun-2008"
"KANSAINER","Kansai Nerolac Paints Limited","EQ","Agm/Dividend - 120%","1","20-Jun-2008","-","24-Jun-2008","24-Jun-2008"
"DCW","DCW Limited","EQ","Agm/Dividend-15%","2","20-Jun-2008","-","24-Jun-2008","30-Jun-2008"
"SMLMAH","SML Mahindra Limited","EQ","Agm/Dividend - 55%","10","20-Jun-2008","-","24-Jun-2008","01-Jul-2008"
"SUPREMEINF","Supreme Infrastructure India Limited","EQ","Finaldiv.-10%+Spl.Div.-5%","10","20-Jun-2008","-","24-Jun-2008","28-Jun-2008"
"MARICO","Marico Limited","EQ","Annual General Meeting","1","20-Jun-2008","-","24-Jun-2008","27-Jun-2008"
"SANGHIPOLY","Sanghi Polyesters Limited","EQ","Annual General Meeting","10","20-Jun-2008","-","24-Jun-2008","28-Jun-2008"
"SUNDRMFAST","Sundram Fasteners Limited","EQ","2nd Interim Dividend- 45%","1","20-Jun-2008","23-Jun-2008","-","-"
"SUNDRMBRAK","Sundaram Brake Linings Limited","EQ","Interim Dividend - 60%","10","23-Jun-2008","24-Jun-2008","-","-"
"OUDHSUG","The Oudh Sugar Mills Limited","EQ","Rhts-Eq22:100&1wrnt:1rht","10","24-Jun-2008","02-Jul-2008","-","-"
"PEACOCKIND","Peacock Industries Limited","EQ","Annual General Meeting","10","25-Jun-2008","-","27-Jun-2008","04-Jul-2008"
"GTOFFSHORE","GOL Offshore Limited","EQ","Agm/Div- Rs.8/- Per Share","10","25-Jun-2008","-","27-Jun-2008","04-Jul-2008"
"M&MFIN","Mahindra & Mahindra Financial Services Limited","EQ","Agm/Dividend - 45%","2","26-Jun-2008","-","28-Jun-2008","23-Jul-2008"
"SASKEN","Sasken Technologies Limited","EQ","Agm/Div-Rs.4 Per Share","10","26-Jun-2008","-","28-Jun-2008","28-Jun-2008"
"HAVELLS","Havells India Limited","EQ","Agm/Dividend-50%","1","26-Jun-2008","-","28-Jun-2008","05-Jul-2008"
"DENABANK","Dena Bank","EQ","Agm/Dividend - 10%","10","26-Jun-2008","-","28-Jun-2008","12-Jul-2008"
"IIFL","IIFL Finance Limited","EQ","Agm/Div-Rs.6 Per Share","2","26-Jun-2008","-","30-Jun-2008","07-Jul-2008"
"ENTEGRA","Entegra Limited","EQ","Rights Eq 1:1@Prem Rs 15","10","26-Jun-2008","04-Jul-2008","-","-"
"EDUCOMP","Educomp Solutions Limited","EQ","Agm/Dividend - 25%","2","26-Jun-2008","-","28-Jun-2008","07-Jul-2008"
"SALORAINTL","Salora International Limited","EQ","Agm/Dividend - 45%","10","26-Jun-2008","-","28-Jun-2008","04-Jul-2008"
"DIVISLAB","Divi's Laboratories Limited","EQ","Agm/Dividend - 200%","2","26-Jun-2008","-","28-Jun-2008","04-Jul-2008"
"AJANTPHARM","Ajanta Pharma Limited","EQ","Agm/Dividend - 25%","2","27-Jun-2008","-","01-Jul-2008","08-Jul-2008"
"NUCLEUS","Nucleus Software Exports Limited","EQ","Agm/Dividend - 30%","10","27-Jun-2008","-","01-Jul-2008","08-Jul-2008"
"BAJAJFINSV","Bajaj Finserv Limited","EQ","Agm/Dividend - 20%","1","27-Jun-2008","-","01-Jul-2008","09-Jul-2008"
"MAHSCOOTER","Maharashtra Scooters Limited","EQ","Agm/Dividend-60%","10","27-Jun-2008","-","01-Jul-2008","08-Jul-2008"
"BAJFINANCE","Bajaj Finance Limited","EQ","Agm/Dividend-10%","1","27-Jun-2008","-","01-Jul-2008","09-Jul-2008"
"SHANTIGEAR","Shanthi Gears Limited","EQ","Agm/Dividend - 120%","1","27-Jun-2008","-","01-Jul-2008","14-Jul-2008"
"APOLLOTYRE","Apollo Tyres Limited","EQ","Agm/Dividend - 50%","1","27-Jun-2008","-","01-Jul-2008","18-Jul-2008"
"EASTSILK","Eastern Silk Industries Limited","EQ","Fv Split Rs.10/- To Rs.2/","2","27-Jun-2008","07-Jul-2008","-","-"
"BAJAJ-AUTO","Bajaj Auto Limited","EQ","Agm/Dividend - 200%","10","27-Jun-2008","-","01-Jul-2008","10-Jul-2008"
"JTEKTINDIA","Jtekt India Limited","EQ","Agm/Dividend - 35%","1","27-Jun-2008","-","01-Jul-2008","18-Jul-2008"
"TATASTLLP","Tata Steel Long Products Limited","EQ","Agm/Dividend - 70%","10","27-Jun-2008","-","01-Jul-2008","08-Jul-2008"
"JSWDULUX","JSW Dulux Limited","EQ","Dividend - 80%","10","27-Jun-2008","-","01-Jul-2008","17-Jul-2008"
"MIC","MIC Electronics Limited","EQ","Fv Split Rs.10/- To Rs.2/","2","27-Jun-2008","07-Jul-2008","-","-"
"WIPRO","Wipro Limited","EQ","Agm/Div-Rs.4 Per Share","2","27-Jun-2008","-","01-Jul-2008","17-Jul-2008"
"SRF","SRF Limited","EQ","Agm/Dividend - 20%","10","27-Jun-2008","-","02-Jul-2008","15-Jul-2008"
"VOLTAS","Voltas Limited","EQ","Agm/Dividend-135%","1","27-Jun-2008","-","01-Jul-2008","28-Jul-2008"
"BAJAJHLDNG","Bajaj Holdings & Investment Limited","EQ","Agm/Dividend - 200%","10","27-Jun-2008","-","01-Jul-2008","10-Jul-2008"
"HDFC","Housing Development Finance Corporation Limited","EQ","Agm/Div-Rs.25 Per Share","2","27-Jun-2008","-","02-Jul-2008","16-Jul-2008"
"PTL","PTL Enterprises Limited","EQ","Agm/Dividend - 15%","1","27-Jun-2008","-","01-Jul-2008","17-Jul-2008"
"MOREPENLAB","Morepen Laboratories Limited","EQ","Annual General Meeting","2","27-Jun-2008","-","01-Jul-2008","04-Jul-2008"
"TATAINVEST","Tata Investment Corporation Limited","EQ","Agm/Dividend-150%","1","27-Jun-2008","-","01-Jul-2008","15-Jul-2008"
"APCOTEXIND","Apcotex Industries Limited","EQ","Dividend - 30%","2","02-Jul-2008","-","04-Jul-2008","11-Jul-2008"
"EDELWEISS","Edelweiss Financial Services Limited","EQ","Agm/Dividend - 40%","1","02-Jul-2008","-","04-Jul-2008","14-Jul-2008"
"MERCATOR","Mercator Limited","EQ","Annual Closure/Div-110%","1","03-Jul-2008","-","07-Jul-2008","16-Jul-2008"
"BANKINDIA","Bank of India","EQ","Agm/Dividend - 40%","10","03-Jul-2008","-","05-Jul-2008","11-Jul-2008"
"ORIENTPPR","Orient Paper & Industries Limited","EQ","Dividend - 70%","1","03-Jul-2008","-","07-Jul-2008","13-Jul-2008"
"KIRLOSOIL","Kirloskar Oil Engines Limited","EQ","Agm/Dividend - 50%","2","03-Jul-2008","-","07-Jul-2008","17-Jul-2008"
"JBCHEPHARM","JB Chemicals & Pharmaceuticals Limited","EQ","Dividend - 25%","1","03-Jul-2008","-","05-Jul-2008","18-Jul-2008"
"EXCELCROP","Excel Crop Care Limited","EQ","Agm/Dividend - 100%","5","03-Jul-2008","-","05-Jul-2008","16-Jul-2008"
"KBL","Kirloskar Brothers Limited","EQ","Final Dividend - 200%","2","03-Jul-2008","-","05-Jul-2008","18-Jul-2008"
"FKONCO","Fresenius Kabi Oncology Limited","EQ","Annual General Meeting","1","03-Jul-2008","-","07-Jul-2008","21-Jul-2008"
"ZANDUREALT","Zandu Realty Limited","EQ","Final Div-Rs.25 Per Sharepurpose Revised","100","03-Jul-2008","-","07-Jul-2008","11-Jul-2008"
"KTKBANK","The Karnataka Bank Limited","EQ","Agm/Dividend-50%","10","03-Jul-2008","-","05-Jul-2008","12-Jul-2008"
"ABIRLANUVO","Aditya Birla Nuvo Limited","EQ","Agm/Div-Rs.5.75 Per Share","10","03-Jul-2008","-","05-Jul-2008","09-Jul-2008"
"M&M","Mahindra & Mahindra Limited","EQ","Agm/Dividend - 115%      Purpose Revised","5","03-Jul-2008","-","05-Jul-2008","30-Jul-2008"
"BIOCON","Biocon Limited","EQ","Fin Div-60% + Spl Div-40%","5","03-Jul-2008","-","05-Jul-2008","12-Jul-2008"
"DRREDDY","Dr. Reddy's Laboratories Limited","EQ","Agm/Dividend - 75%","1","04-Jul-2008","-","08-Jul-2008","12-Jul-2008"
"MANGLMCEM","Mangalam Cement Limited","EQ","Agm/Div-Rs.5 Per Share","10","04-Jul-2008","-","08-Jul-2008","15-Jul-2008"
"VGUARD","V-Guard Industries Limited","EQ","Agm/Dividend - 25%","1","04-Jul-2008","-","08-Jul-2008","14-Jul-2008"
"GOLDENTOBC","Golden Tobacco Limited","EQ","Annual General Meeting","10","04-Jul-2008","-","08-Jul-2008","14-Jul-2008"
"DCBBANK","DCB Bank Limited","EQ","Annual General Meeting","10","04-Jul-2008","-","08-Jul-2008","15-Jul-2008"
"RELINFRA","Reliance Infrastructure Limited","EQ","Agm/Dividend - 63%","10","04-Jul-2008","-","08-Jul-2008","15-Jul-2008"
"KABRAEXTRU","Kabra Extrusion Technik Limited","EQ","Agm/Dividend-60%","5","04-Jul-2008","-","08-Jul-2008","15-Jul-2008"
"PLASTIBLEN","Plastiblends India Limited","EQ","Agm/Dividend-70%","5","04-Jul-2008","-","08-Jul-2008","15-Jul-2008"
"TIRUMALCHM","Thirumalai Chemicals Limited","EQ","Agm/Dividend - 100%","1","04-Jul-2008","-","08-Jul-2008","21-Jul-2008"
"ORIENTCER","ORIENT CERATECH LIMITED","EQ","Agm/Dividend - 90%","1","07-Jul-2008","-","09-Jul-2008","16-Jul-2008"
"SIGROUPIND","SI Group - India Limited","EQ","Annual General Meeting","10","07-Jul-2008","-","09-Jul-2008","23-Jul-2008"
"ABREL","Aditya Birla Real Estate Limited","EQ","Agm/Dividend - 45%","10","07-Jul-2008","-","09-Jul-2008","23-Jul-2008"
"JKTYRE","JK Tyre & Industries Limited","EQ","Rights-Eq 1:3@Prem Rs 75","2","07-Jul-2008","14-Jul-2008","-","-"
"CHEMPLAST","Chemplast Sanmar Limited","EQ","Annual General Meeting","1","07-Jul-2008","-","09-Jul-2008","17-Jul-2008"
"3IINFOTECH","3i Infotech Limited","EQ","Agm/Div-Rs.1.50 Per Share","10","07-Jul-2008","-","09-Jul-2008","25-Jul-2008"
"UTTAMVALUE","Uttam Value Steels Limited","EQ","Agm","10","08-Jul-2008","-","10-Jul-2008","19-Jul-2008"
"COLPAL","Colgate Palmolive (India) Limited","EQ","Agm/Div-Rs.7 Per Share","1","08-Jul-2008","-","10-Jul-2008","17-Jul-2008"
"WENDT","Wendt (India) Limited","EQ","Agm/Div-150% +Spl Div-50%","10","08-Jul-2008","-","10-Jul-2008","21-Jul-2008"
"HILTON","Hilton Metal Forging Limited","EQ","Agm/Dividend - 10%","10","08-Jul-2008","-","10-Jul-2008","05-Aug-2008"
"CARBORUNIV","Carborundum Universal Limited","EQ","Dividend - 100%","1","08-Jul-2008","-","10-Jul-2008","24-Jul-2008"
"SUNDARMFIN","Sundaram Finance Limited","EQ","Agm/Dividend-50%","10","08-Jul-2008","-","10-Jul-2008","24-Jul-2008"
"KANORICHEM","Kanoria Chemicals & Industries Limited","EQ","Agm/Dividend - 30%","5","08-Jul-2008","-","10-Jul-2008","24-Jul-2008"
"ULTRACEMCO","UltraTech Cement Limited","EQ","Agm/Dividend - 50%","10","09-Jul-2008","-","11-Jul-2008","18-Jul-2008"
"MAHINDUGIN","Mahindra Ugine Steel Company Limited","EQ","Agm/Dividend-30%","10","09-Jul-2008","-","11-Jul-2008","24-Jul-2008"
"POLARIS","POLARIS CONSULTING & SERVICES LIMITED","EQ","Agm/Dividend - 30%","5","09-Jul-2008","-","11-Jul-2008","17-Jul-2008"
"GESHIP","The Great Eastern Shipping Company Limited","EQ","Annual Book Closure","10","09-Jul-2008","-","11-Jul-2008","18-Jul-2008"
"TUBEINVEST","Tube Investments of India Limited","EQ","Agm/Dividend - 50%","2","09-Jul-2008","-","11-Jul-2008","31-Jul-2008"
"CEATLTD","CEAT Limited","EQ","Agm/Dividend - 40%","10","09-Jul-2008","-","11-Jul-2008","25-Jul-2008"
"TATAELXSI","Tata Elxsi Limited","EQ","Agm/Dividend - 70%","10","09-Jul-2008","-","11-Jul-2008","22-Jul-2008"
"ICICIBANK","ICICI Bank Limited","EQ","Agm/Dividend - 110%","2","10-Jul-2008","-","12-Jul-2008","26-Jul-2008"
"AARTIIND","Aarti Industries Limited","EQ","Agm/Dividend - 10%","5","10-Jul-2008","-","12-Jul-2008","19-Jul-2008"
"NOCIL","NOCIL Limited","EQ","Agm/Dividend - 5%","10","10-Jul-2008","-","14-Jul-2008","22-Jul-2008"
"THERMAX","Thermax Limited","EQ","Agm/Dividend - 400%","2","10-Jul-2008","-","14-Jul-2008","22-Jul-2008"
"IDFC","IDFC Limited","EQ","Agm/Div-Re.1.20 Per Share","10","10-Jul-2008","-","12-Jul-2008","18-Jul-2008"
"INDOTECH","Indo Tech Transformers Limited","EQ","Agm/Dividend - 60%","10","10-Jul-2008","-","14-Jul-2008","30-Jul-2008"
"REPRO","Repro India Limited","EQ","Agm/Dividend - 20%","10","10-Jul-2008","-","12-Jul-2008","18-Jul-2008"
"FEDERALBNK","The Federal Bank  Limited","EQ","Agm/Dividend - 40%","2","10-Jul-2008","-","12-Jul-2008","21-Jul-2008"
"SHREECEM","SHREE CEMENT LIMITED","EQ","Agm/Div-Rs.8 Per Share","10","10-Jul-2008","-","14-Jul-2008","18-Jul-2008"
"KPIL","Kalpataru Projects International Limited","EQ","Agm/Dividend - 75%","2","10-Jul-2008","-","14-Jul-2008","18-Jul-2008"
"ZYDUSLIFE","Zydus Lifesciences Limited","EQ","Agm/Dividend - 90%","1","10-Jul-2008","-","14-Jul-2008","26-Jul-2008"
"CGPOWER","CG Power and Industrial Solutions Limited","EQ","Annual General Meeting","2","10-Jul-2008","-","12-Jul-2008","23-Jul-2008"
"VARUNSHIP","Varun Shipping Company Limited","EQ","Agm/Div-Rs.2 Per Share","10","10-Jul-2008","-","14-Jul-2008","01-Aug-2008"
"JAYPEEHOT","Jaypee Hotels Limited","EQ","Agm/Dividend - 18%","10","10-Jul-2008","-","12-Jul-2008","22-Jul-2008"
"JMCPROJECT","JMC Projects (India)  Limited","EQ","Agm/Dividend - 20%","2","10-Jul-2008","-","12-Jul-2008","18-Jul-2008"
"GABRIEL","Gabriel India Limited","EQ","Agm/Dividend-40%","1","10-Jul-2008","-","14-Jul-2008","21-Jul-2008"
"UNICHEMLAB","Unichem Laboratories Limited","EQ","Agm/Dividend - 100%","2","10-Jul-2008","-","14-Jul-2008","17-Jul-2008"
"HDIL","Housing Development and Infrastructure Limited","EQ","Agm/Div -Rs 3/- Per Share","10","10-Jul-2008","-","14-Jul-2008","21-Jul-2008"
"J&KBANK","The Jammu & Kashmir Bank Limited","EQ","Agm/Dividend - 155%","1","10-Jul-2008","-","12-Jul-2008","19-Jul-2008"
"PONNIERODE","Ponni Sugars (Erode) Limited","EQ","Agm/Dividend - 6%","10","11-Jul-2008","-","15-Jul-2008","18-Jul-2008"
"ELECON","Elecon Engineering Company Limited","EQ","Agm/Dividend - 75%","1","11-Jul-2008","-","15-Jul-2008","19-Jul-2008"
"SAPL","South Asian Petrochem Limited","EQ","Agm/Div-Re.0.50 Per Share","10","11-Jul-2008","-","15-Jul-2008","26-Jul-2008"
"DEEPAKFERT","Deepak Fertilizers and Petrochemicals Corporation Limited","EQ","Agm/Dividend - 35%","10","11-Jul-2008","-","15-Jul-2008","29-Jul-2008"
"GRUH","Gruh Finance Limited","EQ","Agm/Dividend - 40%","2","11-Jul-2008","-","15-Jul-2008","25-Jul-2008"
"EIMCOELECO","Eimco Elecon (India) Limited","EQ","Agm/Dividend - 40%","10","11-Jul-2008","-","15-Jul-2008","19-Jul-2008"
"MUKANDLTD","Mukand Limited","EQ","Agm/Div-Re.1/- Per Share","10","11-Jul-2008","-","15-Jul-2008","29-Jul-2008"
"UTTAMSTL","Uttam Galva Steels Limited","EQ","Annual General Meeting","10","11-Jul-2008","-","15-Jul-2008","26-Jul-2008"
"BIRLAMONEY","Aditya Birla Money Limited","EQ","Fv Split Rs.10/- To Re.1/","1","11-Jul-2008","18-Jul-2008","-","-"
"LUPIN","Lupin Limited","EQ","Agm/Div-50% + Spl Div-50%","2","11-Jul-2008","-","15-Jul-2008","22-Jul-2008"
"ELGIEQUIP","Elgi Equipments Limited","EQ","Agm/Dividend - 60%","1","11-Jul-2008","-","15-Jul-2008","26-Jul-2008"
"VEDL","Vedanta Limited","EQ","Agm/Dividend - 300%","1","11-Jul-2008","-","15-Jul-2008","17-Jul-2008"
"BBTC","The Bombay Burmah Trading Corporation Limited","EQ","Agm/Dividend - 30%","2","11-Jul-2008","-","15-Jul-2008","30-Jul-2008"
"GRAPHITE","Graphite India Limited","EQ","Agm/Dividend - 150%","2","11-Jul-2008","-","15-Jul-2008","28-Jul-2008"
"SAREGAMA","Saregama India Limited","EQ","Agm/Dividend - 10%","1","11-Jul-2008","-","15-Jul-2008","30-Jul-2008"
"VSTIND","VST Industries Limited","EQ","Agm/Div-Rs.20 Per Share","10","11-Jul-2008","-","15-Jul-2008","17-Jul-2008"
"IGL","Indraprastha Gas Limited","EQ","Agm/Dividend - 40%","2","14-Jul-2008","-","16-Jul-2008","22-Jul-2008"
"IPCALAB","IPCA Laboratories Limited","EQ","Agm/Dividend - 45%","1","14-Jul-2008","-","16-Jul-2008","25-Jul-2008"
"BIRLACORPN","Birla Corporation Limited","EQ","Agm/Dividend - 40%","10","14-Jul-2008","-","16-Jul-2008","30-Jul-2008"
"PAGEIND","Page Industries Limited","EQ","Annual General Meeting","10","14-Jul-2008","-","16-Jul-2008","26-Jul-2008"
"PFC","Power Finance Corporation Limited","EQ","Agm/Dividend - 10%","10","14-Jul-2008","-","16-Jul-2008","30-Jul-2008"
"BLUESTARCO","Blue Star Limited","EQ","Agm/Dividend - 350%","2","14-Jul-2008","-","16-Jul-2008","23-Jul-2008"
"COROMANDEL","Coromandel International Limited","EQ","Agm/Dividend - 175%","1","14-Jul-2008","-","16-Jul-2008","22-Jul-2008"
"KOTAKBANK","Kotak Mahindra Bank Limited","EQ","Agm/Dividend - 7.50%","1","14-Jul-2008","-","16-Jul-2008","28-Jul-2008"
"USHAMART","Usha Martin Limited","EQ","Agm/Div-Re.1 Per Share","1","14-Jul-2008","-","16-Jul-2008","30-Jul-2008"
"LMW","LMW Limited","EQ","Agm/Dividend-250%","10","14-Jul-2008","-","16-Jul-2008","23-Jul-2008"
"POONAWALLA","Poonawalla Fincorp Limited","EQ","Agm/Div-Rs.2 Per Share","2","14-Jul-2008","-","16-Jul-2008","23-Jul-2008"
"CYIENT","Cyient Limited","EQ","Agm/Dividend - 24%","5","14-Jul-2008","-","16-Jul-2008","23-Jul-2008"
"BRITANNIA","Britannia Industries Limited","EQ","Agm/Dividend-180%","1","14-Jul-2008","-","16-Jul-2008","28-Jul-2008"
"ZENSARTECH","Zensar Technologies Limited","EQ","Agm/Dividend - 38%","2","14-Jul-2008","-","16-Jul-2008","23-Jul-2008"
"DALMIASUG","Dalmia Bharat Sugar and Industries Limited","EQ","Dividend-75%","2","14-Jul-2008","-","16-Jul-2008","25-Jul-2008"
"IMPAL","India Motor Parts and Accessories Limited","EQ","Int Div-Rs.9.50 Per Sharepurpose Revised","10","14-Jul-2008","15-Jul-2008","-","-"
"AICHAMP","AI Champdany Industries Limited","EQ","Agm/Dividend - 5%","5","14-Jul-2008","-","16-Jul-2008","29-Jul-2008"
"ANANTRAJ","Anant Raj Limited","EQ","Agm/Dividend - 75%","2","14-Jul-2008","-","16-Jul-2008","24-Jul-2008"
"CEATFIN","CFL Capital Financial Services Limited","EQ","Annual General Meeting","10","14-Jul-2008","-","16-Jul-2008","30-Jul-2008"
"EIDPARRY","EID Parry India Limited","EQ","Agm/Dividend - 25%","1","14-Jul-2008","-","16-Jul-2008","28-Jul-2008"
"ASSAMCO","Assam Company India Limited","EQ","Agm/Dividend - 10%","1","15-Jul-2008","-","17-Jul-2008","22-Jul-2008"
"OILCOUNTUB","Oil Country Tubular Limited","EQ","Annual General Meeting","10","15-Jul-2008","-","17-Jul-2008","18-Jul-2008"
"BAJAJELEC","Bajaj Electricals Limited","EQ","Agm/Dividend - 80%","2","15-Jul-2008","-","17-Jul-2008","24-Jul-2008"
"TITAN","Titan Company Limited","EQ","Agm/Dividend - 80%","1","15-Jul-2008","-","17-Jul-2008","31-Jul-2008"
"TTKPRESTIG","TTK Prestige Limited","EQ","Agm/Div-Rs.3.50 Per Share","1","15-Jul-2008","-","17-Jul-2008","25-Jul-2008"
"EUROCERA","Euro Ceramics Limited","EQ","Interim Dividend - 7.5%  Purpose Revised","10","15-Jul-2008","16-Jul-2008","-","-"
"TRICOM","Tricom India Limited","EQ","Fv Split Rs.10/- To Rs.2/","2","15-Jul-2008","22-Jul-2008","-","-"
"UNOMINDA","UNO Minda Limited","EQ","Agm/Dividend - 25%","2","15-Jul-2008","-","17-Jul-2008","24-Jul-2008"
"NAVA","NAVA LIMITED","EQ","Agm/Dividend - 300%","1","15-Jul-2008","-","17-Jul-2008","25-Jul-2008"
"DCM","DCM  Limited","EQ","Agm","10","15-Jul-2008","-","17-Jul-2008","23-Jul-2008"
"SESHAPAPER","Seshasayee Paper and Boards Limited","EQ","Dividend - 40%","2","15-Jul-2008","-","17-Jul-2008","26-Jul-2008"
"LOTTEINDIA","Lotte India Corporation Limited","EQ","Annual General Meeting","10","15-Jul-2008","-","17-Jul-2008","22-Jul-2008"
"GVPIL","GE Power India Limited","EQ","Agm/Div-Rs.8 Per Share","10","15-Jul-2008","-","17-Jul-2008","25-Jul-2008"
"HERCULES","HERCULES INVESTMENTS LIMITED","EQ","Agm/Div-Rs.20/- Per Shr","1","16-Jul-2008","-","18-Jul-2008","25-Jul-2008"
"JKCEMENT","JK Cement Limited","EQ","Agm/Dividend-Rs.5 Per Sh","10","16-Jul-2008","-","18-Jul-2008","26-Jul-2008"
"ITC","ITC Limited","EQ","Agm/Div-Re. 3.50/- Pr Shr","1","16-Jul-2008","-","18-Jul-2008","30-Jul-2008"
"JMFINANCIL","JM Financial Limited","EQ","Agm/Div-50%+Spl Div-200%","1","16-Jul-2008","-","18-Jul-2008","25-Jul-2008"
"EXIDEIND","Exide Industries Limited","EQ","Agm/Dividend - 40%","1","16-Jul-2008","-","18-Jul-2008","25-Jul-2008"
"AVTNPL","AVT Natural Products Limited","EQ","Agm/Dividend - 35%","1","16-Jul-2008","-","18-Jul-2008","29-Jul-2008"
"SOBHA","Sobha Limited","EQ","Agm/Dividend - 65%","10","16-Jul-2008","-","18-Jul-2008","24-Jul-2008"
"TRENT","Trent Limited","EQ","Dividend - 70%","1","16-Jul-2008","-","18-Jul-2008","29-Jul-2008"
"EVEREADY","Eveready Industries India Limited","EQ","Annual General Meeting","5","16-Jul-2008","-","18-Jul-2008","30-Jul-2008"
"PCBL","PCBL Chemical Limited","EQ","Agm/Dividend - 40%","1","16-Jul-2008","-","18-Jul-2008","30-Jul-2008"
"COSMOFIRST","COSMO FIRST LIMITED","EQ","Agm/Dividend - 50%","10","16-Jul-2008","-","18-Jul-2008","24-Jul-2008"
"MPHASIS","MphasiS Limited","EQ","Agm/Div-Rs.3.30 Per Share","10","16-Jul-2008","-","18-Jul-2008","25-Jul-2008"
"GEECEE","GeeCee Ventures Limited","EQ","Agm/Dividend - 12%","10","16-Jul-2008","-","18-Jul-2008","28-Jul-2008"
"NEXTMEDIA","Next Mediaworks Limited","EQ","Annual General Meeting","10","16-Jul-2008","-","18-Jul-2008","25-Jul-2008"
"RPGCABLES","RPG Cables Limited","EQ","Agm","10","16-Jul-2008","-","18-Jul-2008","25-Jul-2008"
"ASHOKLEY","Ashok Leyland Limited","EQ","Agm/Dividend - 150%","1","16-Jul-2008","-","18-Jul-2008","30-Jul-2008"
"IDBI","IDBI Bank Limited","EQ","Agm/Div-Rs.2 Per Share","10","16-Jul-2008","-","18-Jul-2008","22-Jul-2008"
"GICHSGFIN","GIC Housing Finance Limited","EQ","Agm/Dividend - 40%","10","16-Jul-2008","-","18-Jul-2008","29-Jul-2008"
"BERGEPAINT","Berger Paints (I) Limited","EQ","Agm/Dividend - 25%","1","16-Jul-2008","-","18-Jul-2008","30-Jul-2008"
"KARURVYSYA","Karur Vysya Bank Limited","EQ","Agm/Dividend - 120%","2","16-Jul-2008","-","18-Jul-2008","24-Jul-2008"
"ADOR","Ador Welding Limited","EQ","Dividend - 80%","10","17-Jul-2008","-","19-Jul-2008","29-Jul-2008"
"CIEINDIA","CIE Automotive India Limited","EQ","Annual General Meeting","10","17-Jul-2008","-","21-Jul-2008","29-Jul-2008"
"TITAGARH","TITAGARH RAIL SYSTEMS LIMITED","EQ","Dividend-Rs.5/- Per Share","2","17-Jul-2008","-","19-Jul-2008","28-Jul-2008"
"SUNDROP","Sundrop Brands Limited","EQ","Annual General Meeting","10","17-Jul-2008","-","21-Jul-2008","30-Jul-2008"
"SITINET","Siti Networks Limited","EQ","Annual General Meeting","1","17-Jul-2008","-","19-Jul-2008","24-Jul-2008"
"ZEEMEDIA","Zee Media Corporation Limited","EQ","Agm/Dividend - 40%","1","17-Jul-2008","-","19-Jul-2008","23-Jul-2008"
"ZEEL","Zee Entertainment Enterprises Limited","EQ","Agm/Dividend-200%","1","17-Jul-2008","-","19-Jul-2008","23-Jul-2008"
"CUMMINSIND","Cummins India Limited","EQ","Agm/Dividend-130%","2","17-Jul-2008","-","19-Jul-2008","24-Jul-2008"
"MALCO","The Madras Aluminium Company Limited","EQ","Fv Split Rs.10/- To Rs.2/","2","17-Jul-2008","24-Jul-2008","-","-"
"NCC","NCC Limited","EQ","Agm/Dividend - 65%","2","17-Jul-2008","-","19-Jul-2008","21-Jul-2008"
"SHASUNPHAR","Shasun Pharmaceuticals Limited","EQ","Agm/Div-Re.1 Per Share","2","17-Jul-2008","-","19-Jul-2008","26-Jul-2008"
"RML","Rane (Madras) Limited","EQ","Annual General Meeting","10","17-Jul-2008","-","19-Jul-2008","21-Jul-2008"
"REDINGTON","Redington Limited","EQ","Agm/Dividend - 35%","2","17-Jul-2008","-","21-Jul-2008","26-Jul-2008"
"PATSPINLTD","Patspin India Limited","EQ","Agm","10","17-Jul-2008","-","19-Jul-2008","25-Jul-2008"
"BALAJITELE","Balaji Telefilms Limited","EQ","Agm/Div-Rs.3.50 Per Share","2","17-Jul-2008","-","19-Jul-2008","29-Jul-2008"
"BANKBARODA","Bank of Baroda","EQ","Agm/Dividend - 80%","2","17-Jul-2008","-","19-Jul-2008","28-Jul-2008"
"AROGRANITE","Aro Granite Industries Limited","EQ","Agm/Dividend - 15%","10","17-Jul-2008","-","21-Jul-2008","26-Jul-2008"
"FINCABLES","Finolex Cables Limited","EQ","Agm/Dividend - 75%","2","17-Jul-2008","-","19-Jul-2008","30-Jul-2008"
"HINVDIR","HSBC InvestDirect (India) Limited","EQ","Agm/Dividend-Rs. 3 Per Sh","10","17-Jul-2008","-","19-Jul-2008","29-Jul-2008"
"TECHM","Tech Mahindra Limited","EQ","Agm/Dividend-55%","5","17-Jul-2008","-","19-Jul-2008","22-Jul-2008"
"KLGSYSTEL","KLG Systel Limited","EQ","Agm/Dividend - 27.50%","10","17-Jul-2008","-","21-Jul-2008","25-Jul-2008"
"RANEENGINE","Rane Engine Valve Limited","EQ","Final Dividend - 45%","10","17-Jul-2008","-","19-Jul-2008","23-Jul-2008"
"GTNTEX","GTN Textiles Limited","EQ","Agm/Dividend-6%","10","17-Jul-2008","-","19-Jul-2008","25-Jul-2008"
"JKLAKSHMI","JK Lakshmi Cement Limited","EQ","Agm/Dividend - 15%","5","17-Jul-2008","-","21-Jul-2008","26-Jul-2008"
"IVP","IVP Limited","EQ","Agm/Dividend - 10%","10","17-Jul-2008","-","21-Jul-2008","26-Jul-2008"
"MAHLIFE","Mahindra Lifespace Developers Limited","EQ","Dividend - 25%","10","17-Jul-2008","-","21-Jul-2008","28-Jul-2008"
"SANGHVIMOV","Sanghvi Movers Limited","EQ","Agm/Dividend - 150%","1","17-Jul-2008","-","19-Jul-2008","29-Jul-2008"
"SUZLON","Suzlon Energy Limited","EQ","Agm/Dividend-Re.1 Per Sh.","2","17-Jul-2008","-","21-Jul-2008","30-Jul-2008"
"XPROINDIA","Xpro India Limited","EQ","Agm/Div-Rs.1.50 Per Share","10","17-Jul-2008","-","19-Jul-2008","29-Jul-2008"
"BVCL","Barak Valley Cements Limited","EQ","Agm/Dividend - 20%","10","17-Jul-2008","-","21-Jul-2008","25-Jul-2008"
"ETC","ETC Networks Limited","EQ","Agm/Dividend - 25%","10","17-Jul-2008","-","19-Jul-2008","24-Jul-2008"
"DHFL","Dewan Housing Finance Corporation Limited","EQ","Agm/Dividend - 10%","10","17-Jul-2008","-","21-Jul-2008","28-Jul-2008"
"ARVIND","Arvind Limited","EQ","Annual General Meeting","10","17-Jul-2008","-","21-Jul-2008","31-Jul-2008"
"SHALPAINTS","Shalimar Paints Limited","EQ","Agm/Div-Rs.7 Per Share","2","17-Jul-2008","-","19-Jul-2008","25-Jul-2008"
"NICCO","Nicco Corporation Limited","EQ","Annual General Meeting","2","17-Jul-2008","-","21-Jul-2008","30-Jul-2008"
"PAEL","PAE Limited","EQ","Agm/Dividend - 15%","10","17-Jul-2008","-","19-Jul-2008","29-Jul-2008"
"MEGH","Meghmani Organics Limited","EQ","Agm/Dividend - 30%","1","17-Jul-2008","-","19-Jul-2008","30-Jul-2008"
"MUNJALSHOW","Munjal Showa Limited","EQ","Agm/Dividend - 100%","2","17-Jul-2008","-","19-Jul-2008","07-Aug-2008"
"RBL","Rane Brake Lining Limited","EQ","Dividend - 40%","10","17-Jul-2008","-","19-Jul-2008","22-Jul-2008"
"DISHMAN","Dishman Pharmaceuticals and Chemicals Limited","EQ","Agm/Dividend-50%","2","17-Jul-2008","-","19-Jul-2008","31-Jul-2008"
"CESC","CESC Limited","EQ","Agm/Dividend - 40%","1","17-Jul-2008","-","21-Jul-2008","30-Jul-2008"
"EVERESTIND","Everest Industries Limited","EQ","Agm/Dividend - 40%","10","17-Jul-2008","-","19-Jul-2008","25-Jul-2008"
"ALEMBICLTD","Alembic Limited","EQ","Dividend - 75%","2","17-Jul-2008","-","21-Jul-2008","28-Jul-2008"
"PUNJLLOYD","Punj Lloyd Limited","EQ","Agm/Dividend - 20%","2","17-Jul-2008","-","19-Jul-2008","28-Jul-2008"
"HINDUJAFO","Hinduja Foundries Limited","EQ","Agm/Div-Rs.2 Per Share","10","18-Jul-2008","-","22-Jul-2008","31-Jul-2008"
"KOLTEPATIL","Kolte - Patil Developers Limited","EQ","Dividend - 17.5%","10","18-Jul-2008","-","22-Jul-2008","30-Jul-2008"
"GOACARBON","Goa Carbon Limited","EQ","Agm/Dividend - 30%","10","18-Jul-2008","-","22-Jul-2008","29-Jul-2008"
"KKCL","Kewal Kiran Clothing Limited","EQ","Agm/Dividend - 20%","10","18-Jul-2008","-","22-Jul-2008","04-Aug-2008"
"NAUKRI","Info Edge (India) Limited","EQ","Dividend-7.5%","2","18-Jul-2008","-","22-Jul-2008","24-Jul-2008"
"NELCO","NELCO Limited","EQ","Annual General Meeting","10","18-Jul-2008","-","22-Jul-2008","08-Aug-2008"
"MCLEODRUSS","Mcleod Russel India Limited","EQ","Agm/Dividend - 20%","5","18-Jul-2008","-","22-Jul-2008","29-Jul-2008"
"COFORGE","Coforge Limited","EQ","Agm/Div-Rs.6.50 Per Share","2","18-Jul-2008","-","22-Jul-2008","28-Jul-2008"
"TATACHEM","Tata Chemicals Limited","EQ","Agm/Div-Rs.9 Per Share","10","18-Jul-2008","-","22-Jul-2008","04-Aug-2008"
"GODREJIND","Godrej Industries Limited","EQ","Agm/Dividend-125%","1","18-Jul-2008","-","22-Jul-2008","29-Jul-2008"
"ATUL","Atul Limited","EQ","Agm/Div-Rs.3 Per Share","10","18-Jul-2008","-","22-Jul-2008","24-Jul-2008"
"TATASTEEL","Tata Steel Limited","EQ","Agm/Dividend - 160%","1","18-Jul-2008","-","22-Jul-2008","31-Jul-2008"
"TECHNOELEC","Techno Electric and Engineering Company Limited","EQ","Agm/Dividend-50%","2","18-Jul-2008","-","22-Jul-2008","26-Jul-2008"
"NIITLTD","NIIT Limited","EQ","Agm/Dividend - 65%","2","18-Jul-2008","-","22-Jul-2008","28-Jul-2008"
"TIL","TIL Limited","EQ","Agm/Dividend - 40%","10","21-Jul-2008","-","23-Jul-2008","29-Jul-2008"
"VISACHROME","VISA Chrome Limited","EQ","Agm/Dividend - 10%","10","21-Jul-2008","-","23-Jul-2008","29-Jul-2008"
"BHARATGEAR","Bharat Gears Limited","EQ","Agm/Dividend - 10%","10","21-Jul-2008","-","23-Jul-2008","31-Jul-2008"
"INDIANHUME","Indian Hume Pipe Company Limited","EQ","Agm/Dividend-70%","2","21-Jul-2008","-","23-Jul-2008","30-Jul-2008"
"GANDHITUBE","Gandhi Special Tubes Limited","EQ","Annual General Meeting","5","21-Jul-2008","-","23-Jul-2008","24-Jul-2008"
"GEOJITFSL","Geojit Financial Services Limited","EQ","Agm/Dividend-70%","1","21-Jul-2008","-","23-Jul-2008","26-Jul-2008"
"ORIENTHOT","Oriental Hotels Limited","EQ","Agm/Dividend - 105%","1","22-Jul-2008","-","24-Jul-2008","31-Jul-2008"
"SHOPERSTOP","Shoppers Stop Limited","EQ","Agm/Dividend - 15%","5","22-Jul-2008","-","24-Jul-2008","29-Jul-2008"
"GRASIM","Grasim Industries Limited","EQ","Dividend-Rs.30/- Pr Share","2","22-Jul-2008","-","24-Jul-2008","02-Aug-2008"
"BLUESTINFO","Blue Star Infotech Limited","EQ","Agm/Div-Rs.2.50 Per Share","10","22-Jul-2008","-","24-Jul-2008","31-Jul-2008"
"CENTRALBK","Central Bank of India","EQ","Agm/Div-Rs.2 Per Share","10","22-Jul-2008","-","24-Jul-2008","30-Jul-2008"
"ALKYLAMINE","Alkyl Amines Chemicals Limited","EQ","Agm/Dividend - 25%","2","22-Jul-2008","-","24-Jul-2008","31-Jul-2008"
"FSL","Firstsource Solutions Limited","EQ","Annual General Meeting","10","22-Jul-2008","-","24-Jul-2008","31-Jul-2008"
"HTMEDIA","HT Media Limited","EQ","Agm/Dividend-20%","2","22-Jul-2008","-","24-Jul-2008","01-Aug-2008"
"ROHLTD","Royal Orchid Hotels Limited","EQ","Agm/Dividend - 60%","10","23-Jul-2008","-","25-Jul-2008","28-Jul-2008"
"NATNLSTEEL","National Steel And Agro Industries Limited","EQ","Annual General Meeting","10","23-Jul-2008","-","25-Jul-2008","30-Jul-2008"
"STLTECH","Sterlite Technologies Limited","EQ","Dividend - 20%","2","23-Jul-2008","-","25-Jul-2008","28-Jul-2008"
"NAVNETEDUL","Navneet Education Limited","EQ","Annual General Meeting","2","23-Jul-2008","-","25-Jul-2008","31-Jul-2008"
"VISAKAIND","Visaka Industries Limited","EQ","Agm/Dividend - 30%","2","23-Jul-2008","-","25-Jul-2008","25-Jul-2008"
"ELECTCAST","Electrosteel Castings Limited","EQ","Agm/Dividend - 25%","1","23-Jul-2008","-","25-Jul-2008","01-Aug-2008"
"RSSOFTWARE","R. S. Software (India) Limited","EQ","Annual Closure","5","23-Jul-2008","-","25-Jul-2008","31-Jul-2008"
"CHOLAFIN","Cholamandalam Investment and Finance Company Limited","EQ","Agm/Dividend - 40%","2","23-Jul-2008","-","25-Jul-2008","30-Jul-2008"
"AZTECSOFT","Aztecsoft Limited","EQ","Agm/Dividend - 10%","3","23-Jul-2008","-","25-Jul-2008","29-Jul-2008"
"GINNIFILA","Ginni Filaments Limited","EQ","Agm","10","23-Jul-2008","-","25-Jul-2008","31-Jul-2008"
"GVKPIL","GVK Power & Infrastructure Limited","EQ","Agm","1","23-Jul-2008","-","25-Jul-2008","29-Jul-2008"
"BHARTIARTL","Bharti Airtel Limited","EQ","Annual General Meeting","5","24-Jul-2008","-","26-Jul-2008","01-Aug-2008"
"TATACOMM","Tata Communications Limited","EQ","Agm/Div-Rs.4.50 Per Share","10","24-Jul-2008","-","26-Jul-2008","02-Aug-2008"
"ASAHIINDIA","Asahi India Glass Limited","EQ","Annual General Meeting","1","24-Jul-2008","-","26-Jul-2008","30-Jul-2008"
"SHREEASHTA","Shree Ashtavinayak Cine Vision Limited","EQ","Agm/Dividend-12%","1","24-Jul-2008","-","28-Jul-2008","30-Jul-2008"
"ESSDEE","Ess Dee Aluminium Limited","EQ","Agm/Dividend - 20%","10","24-Jul-2008","-","26-Jul-2008","31-Jul-2008"
"PRICOL","Pricol Limited","EQ","Agm/Dividend - 60%","1","24-Jul-2008","-","26-Jul-2008","08-Aug-2008"
"MUKANDENGG","Mukand Engineers Limited","EQ","Annual General Meeting","10","24-Jul-2008","-","28-Jul-2008","30-Jul-2008"
"TAJGVK","Taj GVK Hotels & Resorts Limited","EQ","Agm/Dividend - 160%","2","24-Jul-2008","-","28-Jul-2008","30-Jul-2008"
"TCI","Transport Corporation of India Limited","EQ","Dividend - 15%","2","24-Jul-2008","-","28-Jul-2008","29-Jul-2008"
"ICRA","ICRA Limited","EQ","Agm/Dividend-Rs.10 Per Sh","10","24-Jul-2008","-","26-Jul-2008","28-Jul-2008"
"NRBBEARING","NRB Bearing Limited","EQ","Fin Div-Rs.2.40 Per Sharebc End Date Revised","2","24-Jul-2008","-","28-Jul-2008","05-Aug-2008"
"PTC","PTC India Limited","EQ","Agm/Dividend - 10%","10","24-Jul-2008","-","26-Jul-2008","06-Aug-2008"
"BOSCH-HCIL","BOSCH HOME COMFORT INDIA LIMITED","EQ","Agm","10","24-Jul-2008","-","28-Jul-2008","30-Jul-2008"
"SHRIRAMFIN","Shriram Finance Limited","EQ","Agm/Div- Rs 4/- Per Share","2","24-Jul-2008","-","26-Jul-2008","31-Jul-2008"
"GTNIND","GTN Industries Limited","EQ","Annual General Meeting","10","24-Jul-2008","-","26-Jul-2008","29-Jul-2008"
"BILPOWER","Bilpower  Limited","EQ","Agm/Dividend - 18%","10","24-Jul-2008","-","28-Jul-2008","30-Jul-2008"
"BANKRAJAS","The Bank of Rajasthan Limited","EQ","Agm/Dividend - 5%","10","24-Jul-2008","-","26-Jul-2008","02-Aug-2008"
"EKC","Everest Kanto Cylinder Limited","EQ","Agm/Dividend - 60%","2","24-Jul-2008","-","26-Jul-2008","30-Jul-2008"
"COREEDUTEC","CORE Education & Technologies Limited","EQ","Agm/Dividend - 10%","2","24-Jul-2008","-","28-Jul-2008","31-Jul-2008"
"CENTEXT","Century Extrusions Limited","EQ","Annual General Meeting","1","24-Jul-2008","-","26-Jul-2008","30-Jul-2008"
"FOSECOIND","Foseco India Limited","EQ","2nd Int Div-Rs3.50 Per Shpurpose Revised","10","24-Jul-2008","25-Jul-2008","-","-"
"RANEHOLDIN","Rane Holdings Limited","EQ","Annual General Meeting","10","24-Jul-2008","-","26-Jul-2008","30-Jul-2008"
"GEOMETRIC","Geometric Limited","EQ","Agm/Div-Re0.80 Per Share","2","25-Jul-2008","-","29-Jul-2008","04-Aug-2008"
"HINDMOTOR","Hindustan Motors Limited","EQ","Annual General Meeting","10","25-Jul-2008","-","29-Jul-2008","05-Aug-2008"
"ONMOBILE","OnMobile Global Limited","EQ","Agm","10","25-Jul-2008","-","29-Jul-2008","01-Aug-2008"
"ALLDIGI","Alldigi Tech Limited","EQ","Annual General Meeting","10","25-Jul-2008","-","29-Jul-2008","31-Jul-2008"
"ONWARDTEC","Onward Technologies Limited","EQ","Annual General Meeting","10","25-Jul-2008","-","29-Jul-2008","31-Jul-2008"
"EIHOTEL","EIH Limited","EQ","Agm/Dividend - 90%","2","25-Jul-2008","-","29-Jul-2008","14-Aug-2008"
"TTML","Tata Teleservices (Maharashtra) Limited","EQ","Annual General Meeting","10","25-Jul-2008","-","29-Jul-2008","12-Aug-2008"
"RNRL","Reliance Natural Resources Limited","EQ","Annual General Meeting","5","25-Jul-2008","-","29-Jul-2008","05-Aug-2008"
"MOTILALOFS","Motilal Oswal Financial Services Limited","EQ","Fv Split Rs.5/- To Re.1/-","1","25-Jul-2008","01-Aug-2008","-","-"
"PRSMJOHNSN","Prism Johnson Limited","EQ","Agm","10","25-Jul-2008","-","29-Jul-2008","05-Aug-2008"
"IVC","IL&FS Investment Managers Limited","EQ","Bonus - 1:2","2","28-Jul-2008","29-Jul-2008","-","-"
"PIRGLASS","Piramal Glass Limited","EQ","Agm/Div-Rs.1.50 Per Share","10","28-Jul-2008","-","30-Jul-2008","07-Aug-2008"
"VOLTAMP","Voltamp Transformers Limited","EQ","Dividend - 125%","10","28-Jul-2008","-","30-Jul-2008","08-Aug-2008"
"PATELENG","Patel Engineering Limited","EQ","Agm/Div Fin 20% + Int 80%Purpose Revised","1","28-Jul-2008","-","30-Jul-2008","08-Aug-2008"
"TFL","Transwarranty Finance Limited","EQ","Agm/Dividend - 10%","10","28-Jul-2008","-","30-Jul-2008","07-Aug-2008"
"MOSERBAER","Moser-Baer (I) Limited","EQ","Agm/Dividend - 10%","10","29-Jul-2008","-","31-Jul-2008","01-Aug-2008"
"ACE","Action Construction Equipment Limited","EQ","Agm/Dividend - 20%","2","29-Jul-2008","-","31-Jul-2008","01-Aug-2008"
"SANOFI","Sanofi India Limited","EQ","Int Div-Rs.3.50 Per Sharepurpose Revised","10","29-Jul-2008","30-Jul-2008","-","-"
"PIRPHYTO","Piramal Phytocare Limited","EQ","Annual General Meeting","10","29-Jul-2008","-","31-Jul-2008","07-Aug-2008"
"GLORY","Glory Polyfilms Limited","EQ","Annual General Meeting","10","29-Jul-2008","-","31-Jul-2008","07-Aug-2008"
"WELCORP","Welspun Corp Limited","EQ","Agm/Dividend - 30%","5","29-Jul-2008","-","31-Jul-2008","07-Aug-2008"
"SHRIRAMCIT","Shriram City Union Finance Limited","EQ","Agm/Dividend - 30%","10","29-Jul-2008","-","31-Jul-2008","01-Aug-2008"
"POLARIND","Polar Industries Limited","EQ","Agm","10","29-Jul-2008","-","31-Jul-2008","05-Aug-2008"
"INGERRAND","Ingersoll Rand (India) Limited","EQ","Dividend - 30%","10","30-Jul-2008","-","01-Aug-2008","08-Aug-2008"
"TAKE","TAKE Limited","EQ","Agm/Dividend - 20%","1","30-Jul-2008","-","01-Aug-2008","22-Aug-2008"
"RELMEDIA","Reliance MediaWorks Limited","EQ","Agm/Div-Rs.2.50 Per Share","5","30-Jul-2008","-","01-Aug-2008","07-Aug-2008"
"INDIAGLYCO","India Glycols Limited","EQ","Agm/Dividend - 40%","5","30-Jul-2008","-","01-Aug-2008","14-Aug-2008"
"TATACOFFEE","Tata Coffee Limited","EQ","Agm/Div-Rs.7 Per Share","1","30-Jul-2008","-","01-Aug-2008","18-Aug-2008"
"STERTOOLS","Sterling Tools Limited","EQ","Agm/Dividend - 30%","2","30-Jul-2008","-","01-Aug-2008","07-Aug-2008"
"SMARTLINK","Smartlink Holdings Limited","EQ","Dividend - 100%","2","30-Jul-2008","-","01-Aug-2008","07-Aug-2008"
"PRECOT","Precot Limited","EQ","Agm/Dividend - 20%","10","30-Jul-2008","-","01-Aug-2008","22-Aug-2008"
"CHAMBLFERT","Chambal Fertilizers & Chemicals Limited","EQ","Dividend - 18%","10","30-Jul-2008","-","01-Aug-2008","06-Aug-2008"
"TCS","Tata Consultancy Services Limited","EQ","Int Div - Rs.3 Per Share Purpose Revised","1","31-Jul-2008","01-Aug-2008","-","-"
"BASF","BASF India Limited","EQ","Agm/Dividend - 70%","10","31-Jul-2008","-","04-Aug-2008","12-Aug-2008"
"ESABINDIA","Esab India Limited","EQ","Interim Dividend - 130%  Purpose Revised","10","31-Jul-2008","01-Aug-2008","-","-"
"JPPOWER","Jaiprakash Power Ventures Limited","EQ","Agm/Dividend- 7.5%","10","31-Jul-2008","-","02-Aug-2008","06-Aug-2008"
"DECOLIGHT","Decolight Ceramics Limited","EQ","Annual General Meeting","10","31-Jul-2008","-","02-Aug-2008","05-Aug-2008"
"TEXINFRA","Texmaco Infrastructure & Holdings Limited","EQ","Agm/Dividend -  75%","1","31-Jul-2008","-","04-Aug-2008","11-Aug-2008"
"IFBIND","IFB Industries Limited","EQ","Annual General Meeting","10","31-Jul-2008","-","04-Aug-2008","06-Aug-2008"
"NILKAMAL","Nilkamal Limited","EQ","Agm/Dividend - 30%","10","31-Jul-2008","-","02-Aug-2008","09-Aug-2008"
"PARAL","Parekh Aluminex Limited","EQ","Agm/Dividend - 20%","10","31-Jul-2008","-","02-Aug-2008","09-Aug-2008"
"CRISIL","Crisil Limited","EQ","Int Div - Rs.10 Per Sharepurpose Revised","1","31-Jul-2008","01-Aug-2008","-","-"
"BHARATFORG","Bharat Forge Limited","EQ","Dividend - 175%","2","31-Jul-2008","-","02-Aug-2008","06-Aug-2008"
"INDIANCARD","Indian Card Clothing Company Limited","EQ","Agm/Dividend - 60%","10","31-Jul-2008","-","04-Aug-2008","12-Aug-2008"
"SAIL","Steel Authority of India Limited","EQ","Agm/Dividend - 18%","10","31-Jul-2008","-","02-Aug-2008","20-Aug-2008"
"ACC","ACC Limited","EQ","Int Div - Rs.10 Per Sharepurpose Revised","10","31-Jul-2008","01-Aug-2008","-","-"
"ORBITCORP","Orbit Corporation Limited","EQ","Ann Bc/ Agm/ Fin Div-25%","10","31-Jul-2008","-","04-Aug-2008","07-Aug-2008"
"UTVSOF","UTV Software Communications Limited","EQ","Agm/Dividend - 10%","10","31-Jul-2008","-","04-Aug-2008","12-Aug-2008"
"BIRLANU","BirlaNu Limited","EQ","Agm/Dividend - 50%","10","01-Aug-2008","-","05-Aug-2008","12-Aug-2008"
"MORARJETEX","Morarjee Textiles Limited","EQ","Annual General Meeting","10","01-Aug-2008","-","05-Aug-2008","11-Aug-2008"
"LAKSHVILAS","Lakshmi Vilas Bank Limited","EQ","Agm/Dividend - 15%","10","01-Aug-2008","-","05-Aug-2008","14-Aug-2008"
"RAMCOIND","Ramco Industries Limited","EQ","Agm/Dividend - 50%","1","01-Aug-2008","-","05-Aug-2008","11-Aug-2008"
"GREENPLY","Greenply Industries Limited","EQ","Agm/Dividend - 30%","1","01-Aug-2008","-","05-Aug-2008","07-Aug-2008"
"RAMCOCEM","The Ramco Cements Limited","EQ","Agm/Div-Rs10+Gld Jub-Rs10","1","01-Aug-2008","-","05-Aug-2008","11-Aug-2008"
"THEMISMED","Themis Medicare Limited","EQ","Agm/Dividend - 25%","1","01-Aug-2008","-","05-Aug-2008","09-Aug-2008"
"GODREJCP","Godrej Consumer Products Limited","EQ","Fin Div-75% + Int Div-75%Purpose Revised","1","01-Aug-2008","04-Aug-2008","-","-"
"ALLCARGO","Allcargo Logistics Limited","EQ","Agm/Dividend - 30%","2","01-Aug-2008","-","05-Aug-2008","12-Aug-2008"
"DCMSHRIRAM","DCM Shriram Limited","EQ","Agm/Dividend - 20%","2","01-Aug-2008","-","05-Aug-2008","12-Aug-2008"
"EIHAHOTELS","EIH Associated Hotels Limited","EQ","Agm/Dividend - 25%       Bc End Date Revised","10","01-Aug-2008","-","05-Aug-2008","18-Aug-2008"
"TATACONSUM","TATA CONSUMER PRODUCTS LIMITED","EQ","Agm/Div-Rs.15 + Spl-Rs.20","1","01-Aug-2008","-","05-Aug-2008","22-Aug-2008"
"MOTHERSON","Samvardhana Motherson International Limited","EQ","Agm/Dividend - 135%","1","01-Aug-2008","-","05-Aug-2008","11-Aug-2008"
"HINDUNILVR","Hindustan Unilever Limited","EQ","Int Div-Rs.3.50 Per Sharepurpose Revised","1","04-Aug-2008","05-Aug-2008","-","-"
"PENINLAND","Peninsula Land Limited","EQ","Agm/Dividend - 40%","2","04-Aug-2008","-","06-Aug-2008","13-Aug-2008"
"NMDC","NMDC Limited","EQ","Agm/Final Dividend - 54%","1","04-Aug-2008","-","06-Aug-2008","08-Aug-2008"
"LLOYDFIN","Lloyds Finance Limited","EQ","Annual General Meeting","10","04-Aug-2008","-","06-Aug-2008","14-Aug-2008"
"ARE&M","Amara Raja Energy & Mobility Limited","EQ","Agm/Dividend - 35%","1","05-Aug-2008","-","07-Aug-2008","14-Aug-2008"
"WHEELS","Wheels India Limited","EQ","Annual General Meeting","10","05-Aug-2008","-","07-Aug-2008","14-Aug-2008"
"ASIL","Amit Spinning Industries Limited","EQ","Annual General Meeting","5","05-Aug-2008","-","07-Aug-2008","11-Aug-2008"
"INSECTICID","Insecticides (India) Limited","EQ","Agm/Dividend - 15%","10","05-Aug-2008","-","07-Aug-2008","14-Aug-2008"
"UNIVCABLES","Universal Cables Limited","EQ","Agm/Dividend - 24%","10","05-Aug-2008","-","07-Aug-2008","13-Aug-2008"
"BIRLACABLE","Birla Cable Limited","EQ","Agm","10","06-Aug-2008","-","08-Aug-2008","14-Aug-2008"
"CAPF","Capital First Limited","EQ","Annual Book Closure","10","06-Aug-2008","-","08-Aug-2008","14-Aug-2008"
"FINPIPE","Finolex Industries Limited","EQ","Agm/Dividend - 30%","2","06-Aug-2008","-","08-Aug-2008","18-Aug-2008"
"VINDHYATEL","Vindhya Telelinks Limited","EQ","Annual General Meeting","10","06-Aug-2008","-","08-Aug-2008","14-Aug-2008"
"TVSMOTOR","TVS Motor Company Limited","EQ","Agm/Div-Rs.0.70 Per Share","1","06-Aug-2008","-","08-Aug-2008","14-Aug-2008"
"SUNDRMFAST","Sundram Fasteners Limited","EQ","Agm","1","06-Aug-2008","-","08-Aug-2008","20-Aug-2008"
"LGBROS","LG Balakrishnan & Bros Limited","EQ","Dividend - 35%","1","06-Aug-2008","-","08-Aug-2008","18-Aug-2008"
"SOUTHBANK","The South Indian Bank Limited","EQ","Agm/Dividend - 30%","1","07-Aug-2008","-","11-Aug-2008","18-Aug-2008"
"PETRONENGG","Petron Engineering Construction Limited","EQ","Annual Book Closure","10","07-Aug-2008","-","11-Aug-2008","29-Aug-2008"
"CELESTIAL","Celestial Biolabs Limited","EQ","Agm/Dividend - 10%","10","07-Aug-2008","-","11-Aug-2008","14-Aug-2008"
"INDHOTEL","The Indian Hotels Company Limited","EQ","Annual General Meeting","1","07-Aug-2008","-","11-Aug-2008","14-Aug-2008"
"RAMCOSYS","Ramco Systems Limited","EQ","Annual General Meeting","10","07-Aug-2008","-","11-Aug-2008","11-Aug-2008"
"KCP","KCP Limited","EQ","Interim Dividend - 25%   Purpose Revised","1","07-Aug-2008","08-Aug-2008","-","-"
"ABCIL","Aditya Birla Chemicals (India) Limited","EQ","Agm/Dividend - 15%","10","07-Aug-2008","-","11-Aug-2008","21-Aug-2008"
"LUMAXTECH","Lumax Auto Technologies Limited","EQ","Agm/Dividend - 15%","2","07-Aug-2008","-","09-Aug-2008","13-Aug-2008"
"MRF","MRF Limited","EQ","Interim Dividend - 30%","10","08-Aug-2008","11-Aug-2008","-","-"
"BAGFILMS","B.A.G Films and Media Limited","EQ","Agm/Dividend - 10%","2","08-Aug-2008","-","12-Aug-2008","18-Aug-2008"
"GEODESIC","Geodesic Limited","EQ","Agm/Dividend - 20%","2","08-Aug-2008","-","12-Aug-2008","14-Aug-2008"
"TINPLATE","The Tinplate Company of India Limited","EQ","Annual General Meeting   Bc Dates Revised","10","08-Aug-2008","-","12-Aug-2008","29-Aug-2008"
"SWELECTES","Swelect Energy Systems Limited","EQ","Agm/Dividend - 50%","10","08-Aug-2008","-","12-Aug-2008","14-Aug-2008"
"BOMDYEING","Bombay Dyeing & Mfg Company Limited","EQ","Agm/Div-Rs.3.50 Per Sharebc End Date Revised","2","08-Aug-2008","-","12-Aug-2008","02-Sep-2008"
"VEDL","Vedanta Limited","EQ","Fv Spl-Rs10tore1/Bon-1:1","1","08-Aug-2008","18-Aug-2008","-","-"
"GEMINI","Gemini Communication Limited","EQ","Agm/Dividend - 15%","1","08-Aug-2008","-","12-Aug-2008","20-Aug-2008"
"IIFL","IIFL Finance Limited","EQ","Fv Split Rs.10/- To Rs.2/","2","08-Aug-2008","18-Aug-2008","-","-"
"GMRAIRPORT","GMR AIRPORTS LIMITED","EQ","Annual General Meeting","1","08-Aug-2008","-","12-Aug-2008","19-Aug-2008"
"AMBUJACEM","Ambuja Cements Limited","EQ","Interim Dividend - 60%","2","08-Aug-2008","11-Aug-2008","-","-"
"CASTROL","Castrol India Limited","EQ","Int Div - Rs.6 Per Share Purpose Revised","10","08-Aug-2008","11-Aug-2008","-","-"
"DISHTV","Dish TV India Limited","EQ","Annual General Meeting","1","08-Aug-2008","-","12-Aug-2008","14-Aug-2008"
"VTL","Vardhman Textiles Limited","EQ","Agm/Dividend-40%","2","11-Aug-2008","-","13-Aug-2008","30-Aug-2008"
"JINDRILL","Jindal Drilling And Industries Limited","EQ","Agm/Dividend - 25%","5","11-Aug-2008","-","13-Aug-2008","20-Aug-2008"
"ZODIACLOTH","Zodiac Clothing Company Limited","EQ","Agm/Div-Rs.6.50 Per Share","10","11-Aug-2008","-","13-Aug-2008","20-Aug-2008"
"PIDILITIND","Pidilite Industries Limited","EQ","Agm/Div-Rs.1.75 Per Share","1","11-Aug-2008","-","13-Aug-2008","27-Aug-2008"
"APOLLOHOSP","Apollo Hospitals Enterprise Limited","EQ","Agm/Dividend - 60%","5","11-Aug-2008","-","13-Aug-2008","28-Aug-2008"
"RPGLIFE","RPG Life Sciences Limited","EQ","Agm/Dividend - 15%","8","11-Aug-2008","-","13-Aug-2008","27-Aug-2008"
"VHL","Vardhman Holdings Limited","EQ","Agm/Dividend - 20%","10","11-Aug-2008","-","13-Aug-2008","30-Aug-2008"
"BSOFT","BIRLASOFT LIMITED","EQ","Agm/Dividend -35%","2","11-Aug-2008","-","13-Aug-2008","19-Aug-2008"
"AUROPHARMA","Aurobindo Pharma Limited","EQ","Agm/Dividend - 65%","1","11-Aug-2008","-","13-Aug-2008","20-Aug-2008"
"SUPREMETEX","Supreme Tex Mart Limited","EQ","Annual General Meeting","5","11-Aug-2008","-","13-Aug-2008","23-Aug-2008"
"HINDOILEXP","Hindustan Oil Exploration Company Limited","EQ","Agm/Div-Re.1 Per Share   Bc Dates Revised","10","11-Aug-2008","-","13-Aug-2008","18-Aug-2008"
"HIKAL","Hikal Limited","EQ","Agm/Dividend - 40%","2","11-Aug-2008","-","13-Aug-2008","21-Aug-2008"
"VARDHACRLC","Vardhman Acrylics Limited","EQ","Annual General Meeting","10","11-Aug-2008","-","13-Aug-2008","30-Aug-2008"
"SUNTV","Sun TV Network Limited","EQ","Agm/Dividend - 50%","5","12-Aug-2008","-","14-Aug-2008","27-Aug-2008"
"CIPLA","Cipla Limited","EQ","Dividend - Rs.2 Per Share","2","12-Aug-2008","-","14-Aug-2008","28-Aug-2008"
"MMFL","MM Forgings Limited","EQ","Agm/Dividend - 50%","10","12-Aug-2008","-","14-Aug-2008","18-Aug-2008"
"IFGLREFRAC","IFGL Refractories Limited","EQ","Agm/Dividend - 20%","10","12-Aug-2008","-","14-Aug-2008","22-Aug-2008"
"EMCO","Emco Limited","EQ","Dividnd-Rs.1.40/- Per Shr","2","12-Aug-2008","-","14-Aug-2008","22-Aug-2008"
"SBIHOMEFIN","SBI Home Finance Limited","EQ","Annual General Meeting","10","12-Aug-2008","-","14-Aug-2008","22-Aug-2008"
"ENERGYDEV","Energy Development Company Limited","EQ","Agm/Dividend - 10%","10","12-Aug-2008","-","14-Aug-2008","16-Aug-2008"
"CONCOR","Container Corporation of India Limited","EQ","Agm/Div-Rs. 7.50/- Per Sh","5","12-Aug-2008","-","14-Aug-2008","25-Aug-2008"
"WILLAMAGOR","Williamson Magor & Company Limited","EQ","Annual General Meeting","10","12-Aug-2008","-","14-Aug-2008","25-Aug-2008"
"COMSYS","Compulink Systems Limited","EQ","Agm/Dividend - 5%","10","12-Aug-2008","-","14-Aug-2008","21-Aug-2008"
"KPRMILL","K.P.R. Mill Limited","EQ","Agm/Dividend - 30%","1","12-Aug-2008","-","14-Aug-2008","19-Aug-2008"
"HINDZINC","Hindustan Zinc Limited","EQ","Agm/Dividend - 25%","2","12-Aug-2008","-","14-Aug-2008","20-Aug-2008"
"SEPC","SEPC Limited","EQ","Annual General Meeting","10","12-Aug-2008","-","14-Aug-2008","22-Aug-2008"
"AMJLAND","Amj Land Holdings Limited","EQ","Dividend-Rs1.20 Per Share","2","12-Aug-2008","-","14-Aug-2008","30-Aug-2008"
"SAKUMA","Sakuma Exports Limited","EQ","Agm/Dividend - 5%","1","12-Aug-2008","-","14-Aug-2008","20-Aug-2008"
"JKPAPER","JK Paper Limited","EQ","Agm/Dividend - 15%","10","13-Aug-2008","-","18-Aug-2008","29-Aug-2008"
"ORIENTBANK","Oriental Bank of Commerce","EQ","Egm","10","13-Aug-2008","14-Aug-2008","-","-"
"WSTCSTPAPR","West Coast Paper Mills Limited","EQ","Dividend - 150%","2","13-Aug-2008","-","16-Aug-2008","30-Aug-2008"
"UFLEX","UFLEX Limited","EQ","Agm/Div-Rs.4 Per Share","10","13-Aug-2008","-","18-Aug-2008","25-Aug-2008"
"NITINFIRE","Nitin Fire Protection Industries Limited","EQ","Agm/Dividend - 20%","2","13-Aug-2008","-","18-Aug-2008","22-Aug-2008"
"OFSS","Oracle Financial Services Software Limited","EQ","Annual General Meeting","5","13-Aug-2008","-","18-Aug-2008","22-Aug-2008"
"VIJSHAN","Vijay Shanthi Builders Limited","EQ","Dividend - 11%","10","13-Aug-2008","-","18-Aug-2008","22-Aug-2008"
"AARTIDRUGS","Aarti Drugs Limited","EQ","Agm/Dividend - 18%","10","13-Aug-2008","-","16-Aug-2008","23-Aug-2008"
"JSL","Jindal Stainless Limited","EQ","Agm/Dividend - 100%","2","13-Aug-2008","-","16-Aug-2008","23-Aug-2008"
"PHOENIXLL","Phoenix Lamps Limited","EQ","Agm/Dividend - 40%","10","13-Aug-2008","-","16-Aug-2008","25-Aug-2008"
"ENIL","Entertainment Network (India) Limited","EQ","Annual General Meeting","10","13-Aug-2008","-","18-Aug-2008","25-Aug-2008"
"HUBTOWN","Hubtown Limited","EQ","Agm/Dividend - 7%","10","13-Aug-2008","-","18-Aug-2008","25-Aug-2008"
"HEXAWARE","Hexaware Technologies Limited","EQ","Interim Dividend - 25%   Purpose Revised","2","13-Aug-2008","16-Aug-2008","-","-"
"INDNIPPON","India Nippon Electricals Limited","EQ","Annual General Meeting","5","14-Aug-2008","-","19-Aug-2008","21-Aug-2008"
"EVERONN","Everonn Education Limited","EQ","Annual Book Closure","10","14-Aug-2008","-","19-Aug-2008","20-Aug-2008"
"STER","Sterlite Industries ( India ) Limited","EQ","Agm/Dividend - 200%","1","14-Aug-2008","-","19-Aug-2008","21-Aug-2008"
"ELGIRUBBER","Elgi Rubber Company Limited","EQ","Agm/Dividend - 10%","1","14-Aug-2008","-","20-Aug-2008","30-Aug-2008"
"NARMADASUG","Girdharilal Sugar and Allied Industries Limited","EQ","Annual General Meeting","10","14-Aug-2008","-","20-Aug-2008","25-Aug-2008"
"INDIACEM","The India Cements Limited","EQ","Agm/Dividend - 20%","10","14-Aug-2008","-","20-Aug-2008","28-Aug-2008"
"TREADS","Treadsdirect Limited","EQ","Agm/Dividend - 10%","1","14-Aug-2008","-","20-Aug-2008","30-Aug-2008"
"SIYSIL","Siyaram Silk Mills Limited","EQ","Agm/Dividend - 50%","2","14-Aug-2008","-","20-Aug-2008","23-Aug-2008"
"MARUTI","Maruti Suzuki India Limited","EQ","Agm/Dividend - 100%","5","14-Aug-2008","-","20-Aug-2008","02-Sep-2008"
"VIPIND","VIP Industries Limited","EQ","Agm/Div-Rs.3.00/- Per Sh","2","14-Aug-2008","-","19-Aug-2008","29-Aug-2008"
"MANGTIMBER","Mangalam Timber Products Limited","EQ","Agm/Dividend - 6%","10","14-Aug-2008","-","19-Aug-2008","03-Sep-2008"
"BALKRISIND","Balkrishna Industries Limited","EQ","Agm/Final Dividend - 60%","2","14-Aug-2008","-","20-Aug-2008","23-Aug-2008"
"MANAKSIA","Manaksia Limited","EQ","Dividend - 100%","2","14-Aug-2008","18-Aug-2008","-","-"
"UNITY","Unity Infraprojects Limited","EQ","Agm/Dividend - 40%","2","14-Aug-2008","-","20-Aug-2008","27-Aug-2008"
"MANUGRAPH","Manugraph India Limited","EQ","Final Div- Rs.2 Per Share","2","14-Aug-2008","-","19-Aug-2008","28-Aug-2008"
"KAMATHOTEL","Kamat Hotels (I) Limited","EQ","Agm/Dividend - 30%","10","14-Aug-2008","-","19-Aug-2008","30-Aug-2008"
"KEI","KEI Industries Limited","EQ","Agm/Dividend - 25%","2","14-Aug-2008","-","20-Aug-2008","28-Aug-2008"
"LTFOODS","LT Foods Limited","EQ","Agm/Dividend - 15%","1","14-Aug-2008","-","20-Aug-2008","22-Aug-2008"
"NLCINDIA","NLC India Limited","EQ","Agm/Dividend - 10%","10","14-Aug-2008","-","19-Aug-2008","02-Sep-2008"
"TNPL","Tamil Nadu Newsprint & Papers Limited","EQ","Agm/Dividend - 25%","10","14-Aug-2008","-","20-Aug-2008","29-Aug-2008"
"VINYLINDIA","Vinyl Chemicals (India) Limited","EQ","Annual General Meeting","1","14-Aug-2008","-","20-Aug-2008","02-Sep-2008"
"SHRENUJ","Shrenuj & Company Limited","EQ","Agm/Dividend-40%","2","14-Aug-2008","-","19-Aug-2008","22-Aug-2008"
"TATAPOWER","Tata Power Company Limited","EQ","Agm/Dividend - 105%","1","18-Aug-2008","-","21-Aug-2008","10-Sep-2008"
"PENTSFWARE","Pentamedia Graphics Limited","EQ","Annual General Meeting","10","18-Aug-2008","-","21-Aug-2008","29-Aug-2008"
"FDC","FDC Limited","EQ","Agm/Dividend - 100%","1","18-Aug-2008","-","21-Aug-2008","30-Aug-2008"
"APARINDS","Apar Industries Limited","EQ","Agm/Div Fin- 20%+Spl- 20%","10","18-Aug-2008","-","21-Aug-2008","29-Aug-2008"
"VALECHAENG","Valecha Engineering Limited","EQ","Agm/Dividend - 10%","10","18-Aug-2008","-","21-Aug-2008","29-Aug-2008"
"ADVANIHOTR","Advani Hotels & Resorts (India) Limited","EQ","Agm/Dividend - 10%","2","18-Aug-2008","-","21-Aug-2008","28-Aug-2008"
"HIRECT","Hirect Limited","EQ","Agm/Dividend - 100%","2","18-Aug-2008","-","21-Aug-2008","25-Aug-2008"
"PENTACOMMU","Pentasoft Technologies Limited","EQ","Annual General Meeting","10","18-Aug-2008","-","21-Aug-2008","29-Aug-2008"
"IMPAL","India Motor Parts and Accessories Limited","EQ","Annual General Meeting","10","18-Aug-2008","-","21-Aug-2008","28-Aug-2008"
"JAYBARMARU","Jay Bharat Maruti Limited","EQ","Agm/Dividend - 25%","2","18-Aug-2008","-","21-Aug-2008","30-Aug-2008"
"ECEIND","ECE Industries Limited","EQ","Agm/Dividend - 25%","10","18-Aug-2008","-","21-Aug-2008","27-Aug-2008"
"JPASSOCIAT","Jaiprakash Associates Limited","EQ","Agm/Dividend - 20%","2","18-Aug-2008","-","21-Aug-2008","27-Aug-2008"
"SATYAMCOMP","Satyam Computer Services Limited","EQ","Agm/Dividend - 125%","2","18-Aug-2008","-","21-Aug-2008","26-Aug-2008"
"VIPCLOTHNG","VIP Clothing Limited","EQ","Agm/Dividend - 22.5%","2","18-Aug-2008","-","21-Aug-2008","29-Aug-2008"
"SRIPIPES","Srikalahasthi Pipes Limited","EQ","Dividend - 10%","10","18-Aug-2008","-","21-Aug-2008","27-Aug-2008"
"3PLAND","3P Land Holdings Limited","EQ","Annual General Meeting","2","18-Aug-2008","-","21-Aug-2008","01-Sep-2008"
"TVSELECT","TVS Electronics Limited","EQ","Agm/Div - Re.1 Per Share","10","18-Aug-2008","-","21-Aug-2008","05-Sep-2008"
"EMAMILTD","Emami Limited","EQ","Agm/Dividend - 225%","1","18-Aug-2008","-","21-Aug-2008","25-Aug-2008"
"PUNJABCHEM","Punjab Chemicals & Crop Protection Limited","EQ","Agm/Dividend - 40%","10","20-Aug-2008","-","22-Aug-2008","29-Aug-2008"
"LT","Larsen & Toubro Limited","EQ","Agm/Div - Rs.15 Per Share","2","20-Aug-2008","-","22-Aug-2008","29-Aug-2008"
"BONGAIREFN","Bongaigaon Refinery & Petrochemicals Limited","EQ","Dividend - 50%","10","20-Aug-2008","-","22-Aug-2008","10-Sep-2008"
"PEARLGLOBL","Pearl Global Limited","EQ","Annual General Meeting","10","20-Aug-2008","-","22-Aug-2008","29-Aug-2008"
"SUNDRMBRAK","Sundaram Brake Linings Limited","EQ","Annual General Meeting","10","20-Aug-2008","-","22-Aug-2008","27-Aug-2008"
"CALSOFT","California Software Company Limited","EQ","Agm/Dividend - 10%","10","20-Aug-2008","-","22-Aug-2008","29-Aug-2008"
"AXISCADES","AXISCADES Technologies Limited","EQ","Annual General Meeting","5","20-Aug-2008","-","22-Aug-2008","18-Sep-2008"
"PGIL","Pearl Global Industries Limited","EQ","Agm/Dividend - 15%","5","20-Aug-2008","-","22-Aug-2008","29-Aug-2008"
"IFBAGRO","IFB Agro Industries Limited","EQ","Annual General Meeting","10","20-Aug-2008","-","22-Aug-2008","29-Aug-2008"
"GNFC","Gujarat Narmada Valley Fertilizers and Chemicals Limited","EQ","Dividend - 42.50%","10","20-Aug-2008","-","22-Aug-2008","29-Aug-2008"
"BANCOINDIA","Banco Products (I) Limited","EQ","Agm/Dividend - 70%","2","21-Aug-2008","-","25-Aug-2008","02-Sep-2008"
"GAIL","GAIL (India) Limited","EQ","Agm/Dividend - 60%","10","21-Aug-2008","-","23-Aug-2008","04-Sep-2008"
"EXCELINDUS","Excel Industries Limited","EQ","Agm/Dividend - 20%","5","21-Aug-2008","-","23-Aug-2008","04-Sep-2008"
"ECLERX","eClerx Services Limited","EQ","Agm/Div-Rs.2 Per Share","10","21-Aug-2008","-","23-Aug-2008","01-Sep-2008"
"IRB","IRB Infrastructure Developers Limited","EQ","Annual General Meeting","1","21-Aug-2008","-","23-Aug-2008","30-Aug-2008"
"EMKAY","Emkay Global Financial Services Limited","EQ","Agm/Dividend - 17.50%","10","21-Aug-2008","-","25-Aug-2008","05-Sep-2008"
"HINDSYNTEX","Hind Syntex Limited","EQ","Agm","10","21-Aug-2008","-","25-Aug-2008","02-Sep-2008"
"MAGNUM","Magnum Ventures Limited","EQ","Annual General Meeting","10","21-Aug-2008","-","25-Aug-2008","27-Aug-2008"
"LUMAXIND","Lumax Industries Limited","EQ","Agm/Dividend - 40%","10","21-Aug-2008","-","23-Aug-2008","01-Sep-2008"
"BRABOURNE","Brabourne Enterprises Limited","EQ","Annual General Meeting","10","21-Aug-2008","-","25-Aug-2008","02-Sep-2008"
"INDIAFOILS","India Foils Limited","EQ","Annual General Meeting","10","21-Aug-2008","-","25-Aug-2008","29-Aug-2008"
"JSWISPAT","JSW ISPAT Steel Limited","EQ","Annual General Meeting","10","21-Aug-2008","-","23-Aug-2008","27-Aug-2008"
"JBMA","JBM Auto Limited","EQ","Agm/Div-Rs.1.50 Per Share","1","21-Aug-2008","-","25-Aug-2008","06-Sep-2008"
"ARIES","Aries Agro Limited","EQ","Annual General Meeting","10","21-Aug-2008","-","25-Aug-2008","28-Aug-2008"
"CENTURYPLY","Century Plyboards (India) Limited","EQ","Agm/Dividend - 50%","1","21-Aug-2008","-","23-Aug-2008","27-Aug-2008"
"BURNPUR","Burnpur Cement Limited","EQ","Annual General Meeting","10","21-Aug-2008","-","23-Aug-2008","27-Aug-2008"
"HDIL","Housing Development and Infrastructure Limited","EQ","Bonus - 2:7","10","21-Aug-2008","22-Aug-2008","-","-"
"RKFORGE","Ramkrishna Forgings Limited","EQ","Agm/Dividend - 10%","2","21-Aug-2008","-","23-Aug-2008","30-Aug-2008"
"AGI","AGI Greenpac Limited","EQ","Dividend-75%","2","21-Aug-2008","-","25-Aug-2008","04-Sep-2008"
"SKIL","SKIL Infrastructure Limited","EQ","Annual General Meeting","10","21-Aug-2008","-","25-Aug-2008","02-Sep-2008"
"CREST","Crest Ventures Limited","EQ","Agm/Dividend - 20%","10","21-Aug-2008","-","23-Aug-2008","01-Sep-2008"
"63MOONS","63 moons technologies limited","EQ","Agm/Div-Int-200%+Fin-200%","2","21-Aug-2008","-","25-Aug-2008","28-Aug-2008"
"JAICORPLTD","Jai Corp Limited","EQ","Agm/Dividend - 100%","1","21-Aug-2008","-","23-Aug-2008","30-Aug-2008"
"CINEMAX","Cinemax India Limited","EQ","Agm/Dividend - 15%","10","21-Aug-2008","-","23-Aug-2008","30-Aug-2008"
"GODFRYPHLP","Godfrey Phillips India Limited","EQ","Agm/Div-Rs.25 Per Share","2","21-Aug-2008","-","25-Aug-2008","28-Aug-2008"
"MOTOGENFIN","The Motor & General Finance Limited","EQ","Agm","5","21-Aug-2008","-","25-Aug-2008","29-Aug-2008"
"SIRPAPER","The Sirpur Paper Mills Limited","EQ","Agm/Div. - Rs.3.50 Per Sh","10","21-Aug-2008","-","23-Aug-2008","28-Aug-2008"
"SUNDARMFIN","Sundaram Finance Limited","EQ","Bonus 1:1","10","22-Aug-2008","25-Aug-2008","-","-"
"CYBERMEDIA","Cyber Media (India) Limited","EQ","Agm/Dividend - 5%","10","22-Aug-2008","-","26-Aug-2008","02-Sep-2008"
"DECCANCE","Deccan Cements Limited","EQ","Agm/Div-Rs.3 Per Share","5","22-Aug-2008","-","26-Aug-2008","02-Sep-2008"
"SANWARIA","Sanwaria Consumer Limited","EQ","Agm/Dividend - 30%","1","22-Aug-2008","-","26-Aug-2008","30-Aug-2008"
"WYETH","Wyeth Limited","EQ","Agm/Dividend - 300%","10","22-Aug-2008","-","26-Aug-2008","05-Sep-2008"
"KOKUYOCMLN","Kokuyo Camlin Limited","EQ","Fv Split Rs.10/- To Re.1/","1","22-Aug-2008","29-Aug-2008","-","-"
"CHENNPETRO","Chennai Petroleum Corporation Limited","EQ","Agm/Dividend - 120%","10","22-Aug-2008","-","26-Aug-2008","08-Sep-2008"
"HGM","HandsOn Global Management (HGM) Limited","EQ","Annual General Meeting","10","22-Aug-2008","-","26-Aug-2008","29-Aug-2008"
"PITTIENG","Pitti Engineering Limited","EQ","Agm/Dividend - 20%","5","22-Aug-2008","-","26-Aug-2008","01-Sep-2008"
"GLOBOFFS","Global Offshore Services Limited","EQ","Agm/Dividend - 18%","10","22-Aug-2008","-","26-Aug-2008","05-Sep-2008"
"SANDESH","The Sandesh Limited","EQ","Agm/Dividend-Rs.3 Per Sh.","10","25-Aug-2008","-","27-Aug-2008","01-Sep-2008"
"CELEBRITY","Celebrity Fashions Limited","EQ","Annual General Meeting","10","25-Aug-2008","-","27-Aug-2008","28-Aug-2008"
"SUNPHARMA","Sun Pharmaceutical Industries Limited","EQ","Dividend - 210%","1","25-Aug-2008","-","27-Aug-2008","06-Sep-2008"
"CURATECH","Cura Technologies Limited","EQ","Agm/Dividend - 10%","10","25-Aug-2008","-","27-Aug-2008","28-Aug-2008"
"SPARC","Sun Pharma Advanced Research Company Limited","EQ","Annual General Meeting","1","25-Aug-2008","-","27-Aug-2008","06-Sep-2008"
"UNITECH","Unitech Limited","EQ","Agm/Dividend - 12.5%","2","25-Aug-2008","-","27-Aug-2008","03-Sep-2008"
"GOKEX","Gokaldas Exports Limited","EQ","Agm/Dividend - 20%","5","26-Aug-2008","-","28-Aug-2008","04-Sep-2008"
"RGL","Renaissance Global Limited","EQ","Agm/Dividend - 15%","2","26-Aug-2008","-","28-Aug-2008","05-Sep-2008"
"LUMAXAUTO","Lumax Automotive Systems Limited","EQ","Annual General Meeting","10","26-Aug-2008","-","28-Aug-2008","26-Sep-2008"
"INDIABULLS","Indiabulls Financial Services Limited","EQ","Agm/Dividend - 425%","2","27-Aug-2008","-","29-Aug-2008","05-Sep-2008"
"RUCHIRA","Ruchira Papers Limited","EQ","Annual General Meeting","10","27-Aug-2008","-","29-Aug-2008","06-Sep-2008"
"ZENITHINFO","Zenith Infotech Limited","EQ","Agm/Dividend - 15%","10","27-Aug-2008","-","29-Aug-2008","06-Sep-2008"
"JAGRAN","Jagran Prakashan Limited","EQ","Agm/Dividend - 50%","2","27-Aug-2008","-","29-Aug-2008","04-Sep-2008"
"SORILINFRA","SORIL Infra Resources Limited","EQ","Annual General Meeting","10","27-Aug-2008","-","29-Aug-2008","05-Sep-2008"
"HINDDORROL","Hindustan Dorr-Oliver Limited","EQ","Agm/Dividend - 30%       Bc Dates Revised","2","27-Aug-2008","-","29-Aug-2008","01-Sep-2008"
"DHANI","Dhani Services Limited","EQ","Agm/Dividend - 375%","2","27-Aug-2008","-","29-Aug-2008","05-Sep-2008"
"EMBDL","Embassy Developments Limited","EQ","Agm/Dividend - 675%","2","27-Aug-2008","-","29-Aug-2008","05-Sep-2008"
"ZENITHCOMP","Zenith Computers Limited","EQ","Agm/Dividend - 12%","10","27-Aug-2008","-","29-Aug-2008","06-Sep-2008"
"INDRAMEDCO","Indraprastha Medical Corporation Limited","EQ","Agm/Dividend - 14%","10","28-Aug-2008","-","30-Aug-2008","10-Sep-2008"
"INDORAMA","Indo Rama Synthetics (India) Limited","EQ","Agm/Dividend - 10%","10","28-Aug-2008","-","30-Aug-2008","12-Sep-2008"
"SOMATEX","Soma Textiles & Industries Limited","EQ","Annual General Meeting","10","28-Aug-2008","-","01-Sep-2008","04-Sep-2008"
"KHAITANELE","Khaitan Electricals Limited","EQ","Agm/Dividend - 20%","10","28-Aug-2008","-","01-Sep-2008","16-Sep-2008"
"NTPC","NTPC Limited","EQ","Agm/Final Dividend - 8%","10","28-Aug-2008","-","30-Aug-2008","17-Sep-2008"
"HINDALCO","Hindalco Industries Limited","EQ","Rhs 3:7@Prem Rs95/Div185%","1","28-Aug-2008","-","05-Sep-2008","05-Sep-2008"
"SOTL","Savita Oil Technologies Limited","EQ","Agm/Dividend - 115%","2","28-Aug-2008","-","01-Sep-2008","09-Sep-2008"
"AIAENG","AIA Engineering Limited","EQ","Agm/Dividend - 40%","2","28-Aug-2008","-","01-Sep-2008","16-Sep-2008"
"KALYANIFRG","Kalyani Forge Limited","EQ","Agm/Dividend - 22%","10","28-Aug-2008","-","01-Sep-2008","20-Sep-2008"
"VIMTALABS","Vimta Labs Limited","EQ","Agm/Dividend - 40%","2","28-Aug-2008","-","01-Sep-2008","04-Sep-2008"
"CERA","Cera Sanitaryware Limited","EQ","Dividend-Rs.1.50 Pr Share","5","28-Aug-2008","-","01-Sep-2008","12-Sep-2008"
"SINTEX","Sintex Industries Limited","EQ","Agm/Dividend - 50%","1","28-Aug-2008","-","01-Sep-2008","15-Sep-2008"
"SKMEGGPROD","SKM Egg Products Export (India) Limited","EQ","Agm/Dividend - 5%","5","28-Aug-2008","-","01-Sep-2008","09-Sep-2008"
"KARUNACAB","Karuna Cables Limited","EQ","Annual General Meeting","2","28-Aug-2008","-","30-Aug-2008","06-Sep-2008"
"PSL","PSL Limited","EQ","Agm/Div-Rs.2.50 Per Share","10","28-Aug-2008","-","01-Sep-2008","04-Sep-2008"
"NESCO","Nesco Limited","EQ","Agm/Dividend - 12%       Bc Dates Revised","2","28-Aug-2008","-","01-Sep-2008","05-Sep-2008"
"NORBTEAEXP","Norben Tea & Exports Limited","EQ","Annual General Meeting","10","28-Aug-2008","-","01-Sep-2008","10-Sep-2008"
"HBLENGINE","HBL Engineering Limited","EQ","Agm/Dividend - 15%","1","28-Aug-2008","-","01-Sep-2008","04-Sep-2008"
"SAITELE","Sai Television Limited","EQ","Annual General Meeting","10","28-Aug-2008","-","01-Sep-2008","05-Sep-2008"
"GUJALKALI","Gujarat Alkalies and Chemicals Limited","EQ","Dividend - 35%","10","29-Aug-2008","-","02-Sep-2008","26-Sep-2008"
"NISSAN","Nissan Copper Limited","EQ","Agm/Dividend - 5%","1","29-Aug-2008","-","02-Sep-2008","08-Sep-2008"
"PEPL","Pearl Engineering Polymers Limited","EQ","Annual General Meeting","10","29-Aug-2008","-","02-Sep-2008","06-Sep-2008"
"SUNCLAYTON","Sundaram Clayton Limited","EQ","2nd Int Div-Rs1.75 Per Sh","5","29-Aug-2008","-","02-Sep-2008","04-Sep-2008"
"KCPSUGIND","KCP Sugar and Industries Corporation Limited","EQ","Agm/Dividend - 50%","1","29-Aug-2008","-","02-Sep-2008","11-Sep-2008"
"VARUNSHIP","Varun Shipping Company Limited","EQ","1st Interim Dividend - 5%","10","29-Aug-2008","01-Sep-2008","-","-"
"JMTAUTOLTD","JMT Auto Limited","EQ","Agm/Dividend - 10%","1","29-Aug-2008","-","02-Sep-2008","12-Sep-2008"
"HONDAPOWER","Honda India Power Products Limited","EQ","Agm/Dividend - 40%","10","01-Sep-2008","-","04-Sep-2008","10-Sep-2008"
"SICAGEN","Sicagen India Limited","EQ","Annual General Meeting","10","01-Sep-2008","-","04-Sep-2008","15-Sep-2008"
"IVRCLAH","IVRCL Assets & Holdings Limited","EQ","Agm/Dividend - 40%","10","01-Sep-2008","-","03-Sep-2008","08-Sep-2008"
"NATIONALUM","National Aluminium Company Limited","EQ","Agm/Dividend - 15%","5","01-Sep-2008","-","03-Sep-2008","05-Sep-2008"
"POWERGRID","Power Grid Corporation of India Limited","EQ","Agm/Dividend - 7%","10","01-Sep-2008","-","03-Sep-2008","18-Sep-2008"
"TARMAT","Tarmat Limited","EQ","Agm/Dividend - 10%","10","01-Sep-2008","-","03-Sep-2008","10-Sep-2008"
"V2RETAIL","V2 Retail Limited","EQ","Annual General Meeting","1","01-Sep-2008","-","03-Sep-2008","07-Sep-2008"
"BHEL","Bharat Heavy Electricals Limited","EQ","Agm/Final Dividend- 62.5%","2","01-Sep-2008","-","03-Sep-2008","17-Sep-2008"
"GMDCLTD","Gujarat Mineral Development Corporation Limited","EQ","Dividend - 100%","2","01-Sep-2008","-","03-Sep-2008","11-Sep-2008"
"VEEDOL","Veedol Corporation Limited","EQ","Agm/Final Dividend - 200%","2","01-Sep-2008","-","04-Sep-2008","10-Sep-2008"
"IFCI","IFCI Limited","EQ","Annual General Meeting","10","01-Sep-2008","-","03-Sep-2008","12-Sep-2008"
"HINDPETRO","Hindustan Petroleum Corporation Limited","EQ","Agm/Dividend - 30%","10","02-Sep-2008","-","05-Sep-2008","22-Sep-2008"
"JKIL","J.Kumar Infraprojects Limited","EQ","Agm/Dividend - 15%","5","02-Sep-2008","-","05-Sep-2008","09-Sep-2008"
"TFCILTD","Tourism Finance Corporation of India Limited","EQ","Agm/Dividend - 10%","2","02-Sep-2008","-","05-Sep-2008","12-Sep-2008"
"JTEKTINDIA","Jtekt India Limited","EQ","Fv Split Rs.2/- To Re.1/-","1","02-Sep-2008","10-Sep-2008","-","-"
"OISL","OCL Iron and Steel Limited","EQ","Annual General Meeting","1","02-Sep-2008","-","05-Sep-2008","09-Sep-2008"
"HARRMALAYA","Harrisons  Malayalam Limited","EQ","Agm/Dividend - 15%","10","02-Sep-2008","-","05-Sep-2008","18-Sep-2008"
"GHCL","GHCL Limited","EQ","Agm/Dividend - 24%","10","02-Sep-2008","-","05-Sep-2008","12-Sep-2008"
"UNIPLY","Uniply Industries Limited","EQ","Annual General Meeting","2","02-Sep-2008","-","05-Sep-2008","12-Sep-2008"
"NETWORK18","Network18 Media & Investments Limited","EQ","Annual General Meeting","5","04-Sep-2008","-","08-Sep-2008","15-Sep-2008"
"UPL","UPL Limited","EQ","Agm/Dividend - 100%","2","04-Sep-2008","-","06-Sep-2008","18-Sep-2008"
"TV-18","Television Eighteen India Limited","EQ","Annual General Meeting","5","04-Sep-2008","-","08-Sep-2008","15-Sep-2008"
"SUBROS","Subros Limited","EQ","Agm/Dividend - 40%","2","04-Sep-2008","-","06-Sep-2008","15-Sep-2008"
"GITANJALI","Gitanjali Gems Limited","EQ","Agm/Dividend - 18%","10","04-Sep-2008","-","06-Sep-2008","18-Sep-2008"
"SIMPLEXINF","Simplex Infrastructures Limited","EQ","Agm/Dividend - 100%","2","04-Sep-2008","-","06-Sep-2008","11-Sep-2008"
"SOMANYCERA","Somany Ceramics Limited","EQ","Dividend-10%","2","04-Sep-2008","-","08-Sep-2008","22-Sep-2008"
"MADRASFERT","Madras Fertilizers Limited","EQ","Annual General Meeting","10","04-Sep-2008","-","06-Sep-2008","09-Sep-2008"
"JAYAGROGN","Jayant Agro Organics Limited","EQ","Agm/Div-Rs.1.25 Per Share","5","04-Sep-2008","-","06-Sep-2008","15-Sep-2008"
"HBSTOCK","HB Stockholdings Limited","EQ","Annual General Meeting","10","04-Sep-2008","-","06-Sep-2008","11-Sep-2008"
"GSFC","Gujarat State Fertilizers & Chemicals Limited","EQ","Agm/Dividend - 45%","2","04-Sep-2008","-","06-Sep-2008","19-Sep-2008"
"INDUSINDBK","IndusInd Bank Limited","EQ","Agm/Dividend - 6%        Bc Dates Revised","10","04-Sep-2008","-","08-Sep-2008","22-Sep-2008"
"BSL","BSL Limited","EQ","Annual General Meeting","10","04-Sep-2008","-","08-Sep-2008","12-Sep-2008"
"GUJNRECOKE","Gujarat NRE Coke Limited","EQ","Agm/Dividend - 25%","10","04-Sep-2008","-","08-Sep-2008","17-Sep-2008"
"ZICOM","Zicom Electronic Security Systems Limited","EQ","Agm/Dividend - 10%","10","04-Sep-2008","-","06-Sep-2008","12-Sep-2008"
"UNIENTER","Uniphos Enterprises Limited","EQ","Annual General Meeting","2","04-Sep-2008","-","06-Sep-2008","18-Sep-2008"
"SUNFLAG","Sunflag Iron And Steel Company Limited","EQ","Agm/Dividend - 5%        Bc End Date Revised","10","04-Sep-2008","-","06-Sep-2008","23-Sep-2008"
"BANSWRAS","Banswara Syntex Limited","EQ","Agm/Dividend - 12%","5","04-Sep-2008","-","06-Sep-2008","13-Sep-2008"
"TV18BRDCST","TV18 Broadcast Limited","EQ","Annual General Meeting","2","04-Sep-2008","-","08-Sep-2008","15-Sep-2008"
"ANTELOPUS","Antelopus Selan Energy Limited","EQ","Agm/Dividend - 15%","10","04-Sep-2008","-","06-Sep-2008","17-Sep-2008"
"MFSL","Max Financial Services Limited","EQ","Annual General Meeting","2","04-Sep-2008","-","08-Sep-2008","16-Sep-2008"
"PROVOGUE","Provogue (India) Limited","EQ","Agm/Dividend - 17.50%","2","04-Sep-2008","-","08-Sep-2008","12-Sep-2008"
"MONSANTO","Monsanto India Limited","EQ","Agm/Div-Rs.15 Per Share","10","05-Sep-2008","-","09-Sep-2008","11-Sep-2008"
"ZENITHSTL","Zenith Steel Pipes & Industries Limited","EQ","Agm/Dividend - 2%","10","05-Sep-2008","-","09-Sep-2008","15-Sep-2008"
"BIRLAMONEY","Aditya Birla Money Limited","EQ","Agm/Dividend - 10%","1","05-Sep-2008","-","09-Sep-2008","15-Sep-2008"
"NAGREEKEXP","Nagreeka Exports Limited","EQ","Agm/Dividend - 15%","5","05-Sep-2008","-","09-Sep-2008","16-Sep-2008"
"NKIND","NK Industries Limited","EQ","Annual General Meeting","10","05-Sep-2008","-","09-Sep-2008","30-Sep-2008"
"NFL","National Fertilizers Limited","EQ","Agm/Dividend - 6.64%","10","05-Sep-2008","-","09-Sep-2008","23-Sep-2008"
"GOKUL","Gokul Refoils and Solvent Limited","EQ","Annual General Meeting","2","05-Sep-2008","-","09-Sep-2008","13-Sep-2008"
"GIPCL","Gujarat Industries Power Company Limited","EQ","Agm/Dividend - 25%","10","05-Sep-2008","-","09-Sep-2008","16-Sep-2008"
"UBL","United Breweries Limited","EQ","Annual General Meeting","1","05-Sep-2008","-","09-Sep-2008","10-Sep-2008"
"NAGREEKCAP","Nagreeka Capital & Infrastructure Limited","EQ","Annual General Meeting","5","05-Sep-2008","-","09-Sep-2008","16-Sep-2008"
"SURYAROSNI","Surya Roshni Limited","EQ","Dividend-15%","5","05-Sep-2008","-","09-Sep-2008","13-Sep-2008"
"DREDGECORP","Dredging Corporation of India Limited","EQ","Agm/Div-Rs.7.50 Per Share","10","05-Sep-2008","-","09-Sep-2008","29-Sep-2008"
"CHESLINTEX","Cheslind Textiles Limited","EQ","Annual General Meeting","10","05-Sep-2008","-","09-Sep-2008","19-Sep-2008"
"ORIENTBELL","Orient Bell Limited","EQ","Agm/Dividend - 5%","10","05-Sep-2008","-","09-Sep-2008","12-Sep-2008"
"VENKEYS","Venky's (India) Limited","EQ","Agm/Dividend - 35%","10","05-Sep-2008","-","09-Sep-2008","18-Sep-2008"
"RAMANEWS","Shree Rama Newsprint Limited","EQ","Annual General Meeting","10","08-Sep-2008","-","10-Sep-2008","19-Sep-2008"
"MANALIPETC","Manali Petrochemicals Limited","EQ","Agm/Dividend - 10%","5","08-Sep-2008","-","10-Sep-2008","20-Sep-2008"
"ONGC","Oil & Natural Gas Corporation Limited","EQ","Agm/Dividend - 140%","5","08-Sep-2008","-","10-Sep-2008","19-Sep-2008"
"MBECL","Mcnally Bharat Engineering Company Limited","EQ","Agm/Dividend - 10%","10","08-Sep-2008","-","10-Sep-2008","15-Sep-2008"
"SHAHALLOYS","Shah Alloys Limited","EQ","Annual General Meeting","10","08-Sep-2008","-","10-Sep-2008","24-Sep-2008"
"RECLTD","REC Limited","EQ","Agm/Dividend - 30%","10","08-Sep-2008","-","10-Sep-2008","24-Sep-2008"
"ABAN","Aban Offshore Limited","EQ","Dividend - 180%","2","08-Sep-2008","-","10-Sep-2008","17-Sep-2008"
"SUPERSPIN","Super Spinning Mills Limited","EQ","Agm/Dividend - 15%","1","08-Sep-2008","-","10-Sep-2008","24-Sep-2008"
"SALSTEEL","S.A.L. Steel Limited","EQ","Annual General Meeting","10","08-Sep-2008","-","10-Sep-2008","24-Sep-2008"
"TNPETRO","Tamilnadu PetroProducts Limited","EQ","Annual General Meeting","10","08-Sep-2008","-","10-Sep-2008","24-Sep-2008"
"TVSSRICHAK","TVS Srichakra Limited","EQ","Agm/Dividend - 35%","10","08-Sep-2008","-","10-Sep-2008","18-Sep-2008"
"SUPRAJIT","Suprajit Engineering Limited","EQ","Agm/Dividend - 20%","1","08-Sep-2008","-","10-Sep-2008","13-Sep-2008"
"ADSL","Allied Digital Services Limited","EQ","Annual General Meeting","5","08-Sep-2008","-","10-Sep-2008","12-Sep-2008"
"KIRIINDUS","Kiri Industries Limited","EQ","Agm/Dividend - 15%","10","08-Sep-2008","-","10-Sep-2008","15-Sep-2008"
"VICEROY","Viceroy Hotels Limited","EQ","Annual General Meeting","10","08-Sep-2008","-","10-Sep-2008","15-Sep-2008"
"JMFINANCIL","JM Financial Limited","EQ","Fv Spl-Rs10tore1/Bon-3:2","1","08-Sep-2008","15-Sep-2008","-","-"
"IOC","Indian Oil Corporation Limited","EQ","Agm/Dividend - 55%","10","09-Sep-2008","-","11-Sep-2008","19-Sep-2008"
"BALPHARMA","Bal Pharma Limited","EQ","Agm/Dividend - 10%","10","09-Sep-2008","-","11-Sep-2008","23-Sep-2008"
"RCF","Rashtriya Chemicals and Fertilizers Limited","EQ","Agm/Dividend - 10%","10","09-Sep-2008","-","11-Sep-2008","24-Sep-2008"
"SPIC","Southern Petrochemicals Industries Corporation  Limited","EQ","Annual General Meeting","10","09-Sep-2008","-","11-Sep-2008","25-Sep-2008"
"KOTHARIPRO","Kothari Products Limited","EQ","Agm/Dividend - 100%","10","09-Sep-2008","-","11-Sep-2008","18-Sep-2008"
"GALLANTT","Gallantt Ispat Limited","EQ","Annual General Meeting","10","09-Sep-2008","-","11-Sep-2008","18-Sep-2008"
"PEARLPOLY","Pearl Polymers Limited","EQ","Annual General Meeting   Bc Start Date Revised","10","09-Sep-2008","-","11-Sep-2008","19-Sep-2008"
"KOTHARIPET","Kothari Petrochemicals Limited","EQ","Annual General Meeting","10","09-Sep-2008","-","11-Sep-2008","18-Sep-2008"
"HEROMOTOCO","Hero MotoCorp Limited","EQ","Agm/Dividend - 950%","2","09-Sep-2008","-","11-Sep-2008","25-Sep-2008"
"GANGOTRI","Gangotri Textiles Limited","EQ","Annual General Meeting","5","09-Sep-2008","-","11-Sep-2008","18-Sep-2008"
"IVRCLINFRA","IVRCL Limited","EQ","Agm/Dividend - 70%","2","09-Sep-2008","-","11-Sep-2008","15-Sep-2008"
"MATRIXLABS","Matrix Laboratories Limited","EQ","Annual General Meeting","2","09-Sep-2008","-","11-Sep-2008","15-Sep-2008"
"TMPV","Tata Motors Passenger Vehicles Limited","EQ","Rights Eq 1:6/Dif Vot 1:6","2","09-Sep-2008","16-Sep-2008","-","-"
"DUNCANSIND","Duncans Industries Limited","EQ","Annual General Meeting","10","09-Sep-2008","-","11-Sep-2008","19-Sep-2008"
"ENGINERSIN","Engineers India Limited","EQ","Agm/Dividend - 70%","5","10-Sep-2008","-","12-Sep-2008","19-Sep-2008"
"TATAINVEST","Tata Investment Corporation Limited","EQ","Rhts 1 Zccb/War : 5 Eq","1","10-Sep-2008","17-Sep-2008","-","-"
"INOXLEISUR","INOX Leisure Limited","EQ","Agm/Dividend - 10%","10","10-Sep-2008","-","12-Sep-2008","19-Sep-2008"
"FORTIS","Fortis Healthcare Limited","EQ","Annual General Meeting","10","10-Sep-2008","-","12-Sep-2008","20-Sep-2008"
"INFOMEDIA","Infomedia Press Limited","EQ","Agm/Dividend - 10%","10","10-Sep-2008","-","12-Sep-2008","30-Sep-2008"
"RAJESHEXPO","Rajesh Exports Limited","EQ","Agm/Dividend - 35%","1","10-Sep-2008","-","12-Sep-2008","16-Sep-2008"
"KOTARISUG","Kothari Sugars And Chemicals Limited","EQ","Annual General Meeting","10","10-Sep-2008","-","12-Sep-2008","19-Sep-2008"
"BHAGYNAGAR","Bhagyanagar India Limited","EQ","Agm/Dividend - 30%","2","10-Sep-2008","-","12-Sep-2008","17-Sep-2008"
"ADHUNIK","Adhunik Metaliks Limited","EQ","Agm/Dividend - 12%","10","10-Sep-2008","-","12-Sep-2008","13-Sep-2008"
"BPCL","Bharat Petroleum Corporation Limited","EQ","Agm/Dividend - 40%","10","10-Sep-2008","-","12-Sep-2008","22-Sep-2008"
"UMESL","Usha Martin Education & Solutions Limited","EQ","Annual General Meeting","5","10-Sep-2008","-","12-Sep-2008","22-Sep-2008"
"NOVAIRNSTL","Nova Iron & Steel Limited","EQ","Annual General Meeting","10","10-Sep-2008","-","12-Sep-2008","23-Sep-2008"
"SREINFRA","SREI Infrastructure Finance Limited","EQ","Agm/Dividend - 12%","10","10-Sep-2008","-","12-Sep-2008","20-Sep-2008"
"CHI","CHI Investments Limited","EQ","Annual General Meeting","10","10-Sep-2008","-","12-Sep-2008","25-Sep-2008"
"SURANAT&P","Surana Telecom and Power Limited","EQ","Agm/Dividend - 20%","1","10-Sep-2008","-","12-Sep-2008","17-Sep-2008"
"SOLARINDS","Solar Industries India Limited","EQ","Agm/Dividend - 15%","2","10-Sep-2008","-","12-Sep-2008","24-Sep-2008"
"BLKASHYAP","B. L. Kashyap and Sons Limited","EQ","Agm/Dividend - 80%","1","10-Sep-2008","-","12-Sep-2008","19-Sep-2008"
"HITECHCORP","Hitech Corporation Limited","EQ","Agm/Div-Re.1/- Per Share","10","10-Sep-2008","-","12-Sep-2008","20-Sep-2008"
"GDL","Gateway Distriparks Limited","EQ","Agm/Dividend - 5%","10","10-Sep-2008","-","12-Sep-2008","22-Sep-2008"
"HITECHGEAR","The Hi-Tech Gears Limited","EQ","Agm/Dividend - 30%","10","10-Sep-2008","-","12-Sep-2008","22-Sep-2008"
"AMBIKCO","Ambika Cotton Mills Limited","EQ","Agm/Dividend - 20%","10","11-Sep-2008","-","15-Sep-2008","27-Sep-2008"
"PNC","PNC Media and Entertainment Limited","EQ","Agm/Dividend-10%","10","11-Sep-2008","-","13-Sep-2008","17-Sep-2008"
"DHANBANK","Dhanlaxmi Bank Limited","EQ","Agm/Dividend - 5%","10","11-Sep-2008","-","13-Sep-2008","27-Sep-2008"
"SURYAJYOTI","Suryajyoti Spinning Mills Limited","EQ","Agm/Dividend - 6%","10","11-Sep-2008","-","13-Sep-2008","20-Sep-2008"
"ABGSHIP","ABG Shipyard Limited","EQ","Agm/Dividend - 20%","10","11-Sep-2008","-","15-Sep-2008","22-Sep-2008"
"IMPEXFERRO","Impex Ferro Tech Limited","EQ","Annual General Meeting","10","11-Sep-2008","-","13-Sep-2008","20-Sep-2008"
"LITL","Lanco Infratech Limited","EQ","Annual General Meeting","1","11-Sep-2008","-","13-Sep-2008","26-Sep-2008"
"BGRENERGY","BGR Energy Systems Limited","EQ","Agm/Dividend - 20%","10","11-Sep-2008","-","15-Sep-2008","19-Sep-2008"
"SUDARSCHEM","Sudarshan Chemical Industries Limited","EQ","Agm/Dividend - 30%","2","11-Sep-2008","-","15-Sep-2008","29-Sep-2008"
"DCHL","Deccan Chronicle Holdings Limited","EQ","Agm/Dividend - 100%","2","11-Sep-2008","-","15-Sep-2008","22-Sep-2008"
"RATNAMANI","Ratnamani Metals & Tubes Limited","EQ","Agm/Dividend-70%","2","11-Sep-2008","-","13-Sep-2008","23-Sep-2008"
"SUVEN","Suven Life Sciences Limited","EQ","Agm/Dividend - 25%","1","11-Sep-2008","-","13-Sep-2008","15-Sep-2008"
"YESBANK","Yes Bank Limited","EQ","Annual General Meeting","2","11-Sep-2008","-","15-Sep-2008","18-Sep-2008"
"CREWBOS","Crew B.O.S. Products Limited","EQ","Annual General Meeting","10","11-Sep-2008","-","15-Sep-2008","22-Sep-2008"
"MUKTAARTS","Mukta Arts Limited","EQ","Annual General Meeting","5","11-Sep-2008","-","13-Sep-2008","20-Sep-2008"
"BIOCON","Biocon Limited","EQ","Bonus 1:1","5","11-Sep-2008","12-Sep-2008","-","-"
"HELIOSMATH","Helios And Matheson Information Technology Limited","EQ","Agm/Dividend - 15%","10","11-Sep-2008","-","15-Sep-2008","26-Sep-2008"
"BIL","Bhartiya International Limited","EQ","Agm/Dividend - 15%","10","11-Sep-2008","-","15-Sep-2008","22-Sep-2008"
"KERNEX","Kernex Microsystems (India) Limited","EQ","Agm/Dividend - 10%","10","11-Sep-2008","-","15-Sep-2008","19-Sep-2008"
"KHAITANLTD","Khaitan (India) Limited","EQ","Annual General Meeting","10","11-Sep-2008","-","15-Sep-2008","22-Sep-2008"
"KHANDSE","Khandwala Securities Limited","EQ","Annual General Meeting","10","11-Sep-2008","-","15-Sep-2008","17-Sep-2008"
"GAEL","Gujarat Ambuja Exports Limited","EQ","Agm/Dividend - 20%       Bc End Date Revised","1","11-Sep-2008","-","15-Sep-2008","29-Sep-2008"
"SHIVAMAUTO","Shivam Autotech Limited","EQ","Agm/Dividend - 15%","2","11-Sep-2008","-","15-Sep-2008","19-Sep-2008"
"SHREERAMA","Shree Rama Multi-Tech Limited","EQ","Annual General Meeting","5","11-Sep-2008","-","15-Sep-2008","20-Sep-2008"
"NITINSPIN","Nitin Spinners Limited","EQ","Annual General Meeting","10","11-Sep-2008","-","15-Sep-2008","22-Sep-2008"
"PURVA","Puravankara Limited","EQ","Agm/Dividend - 40%","5","11-Sep-2008","-","13-Sep-2008","15-Sep-2008"
"NEPCAGRO","NEPC  Agro Foods Limited","EQ","Annual General Meeting","10","11-Sep-2008","-","15-Sep-2008","19-Sep-2008"
"NSIL","Nalwa Sons Investments Limited","EQ","Annual General Meeting","10","11-Sep-2008","-","15-Sep-2008","19-Sep-2008"
"PARACABLES","Paramount Communications Limited","EQ","Agm/Dividend - 20%","2","11-Sep-2008","-","13-Sep-2008","17-Sep-2008"
"BEPL","Bhansali Engineering Polymers Limited","EQ","Agm/Dividend - 10%","1","11-Sep-2008","-","13-Sep-2008","20-Sep-2008"
"AICHAMP","AI Champdany Industries Limited","EQ","Fv Split Rs.10/- To Rs.5/","5","11-Sep-2008","18-Sep-2008","-","-"
"BLUEBIRD","Blue Bird (India) Limited","EQ","Agm/Dividend - 12%","10","11-Sep-2008","-","15-Sep-2008","17-Sep-2008"
"BPL","BPL Limited","EQ","Annual General Meeting","10","11-Sep-2008","-","15-Sep-2008","26-Sep-2008"
"NAGARFERT","Nagarjuna Fertilizer & Chemicals Limited","EQ","Annual General Meeting","10","11-Sep-2008","-","15-Sep-2008","26-Sep-2008"
"JISLJALEQS","Jain Irrigation Systems Limited","EQ","Agm/Dividend - 22%","2","11-Sep-2008","-","15-Sep-2008","30-Sep-2008"
"POCHIRAJU","Pochiraju Industries Limited","EQ","Annual General Meeting","10","11-Sep-2008","-","15-Sep-2008","22-Sep-2008"
"EASTSILK","Eastern Silk Industries Limited","EQ","Agm/Dividend - 45%","2","11-Sep-2008","-","15-Sep-2008","24-Sep-2008"
"JAIBALAJI","Jai Balaji Industries Limited","EQ","Agm/Dividend - 10%","2","11-Sep-2008","-","13-Sep-2008","18-Sep-2008"
"TCIFINANCE","TCI Finance Limited","EQ","Annual General Meeting","10","11-Sep-2008","-","15-Sep-2008","18-Sep-2008"
"SADBHAV","Sadbhav Engineering Limited","EQ","Agm/Dividend - 40%","1","11-Sep-2008","-","15-Sep-2008","27-Sep-2008"
"SEMAC","Semac Construction Limited","EQ","Agm/Dividend - 100%","10","11-Sep-2008","-","15-Sep-2008","29-Sep-2008"
"TRANSWORLD","TRANSWORLD SHIPPING LINES LIMITED","EQ","Agm/Dividend - 20%","10","11-Sep-2008","-","13-Sep-2008","27-Sep-2008"
"AJRINFRA","AJR INFRA AND TOLLING LIMITED","EQ","Annual General Meeting","2","11-Sep-2008","-","15-Sep-2008","15-Sep-2008"
"GFLLIMITED","GFL Limited","EQ","Agm/Dividend - 100%","1","11-Sep-2008","-","15-Sep-2008","20-Sep-2008"
"BANARBEADS","Banaras Beads Limited","EQ","Annual General Meeting","10","11-Sep-2008","-","15-Sep-2008","25-Sep-2008"
"ACCELYA","Accelya Solutions India Limited","EQ","Agm/Div- Rs.0.75 Per Sh","10","11-Sep-2008","-","15-Sep-2008","24-Sep-2008"
"KOHINOOR","Kohinoor Foods Limited","EQ","Annual General Meeting","10","12-Sep-2008","-","16-Sep-2008","19-Sep-2008"
"CLCIND","CLC Industries Limited","EQ","Annual General Meeting","10","12-Sep-2008","-","16-Sep-2008","18-Sep-2008"
"KSOILS","K S Oils Limited","EQ","Agm/Dividend - 18%","1","12-Sep-2008","-","16-Sep-2008","20-Sep-2008"
"MANGCHEFER","Mangalore Chemicals & Fertilizers Limited","EQ","Agm/Div-Re.0.60 Per Share","10","12-Sep-2008","-","16-Sep-2008","22-Sep-2008"
"NDTV","New Delhi Television Limited","EQ","Agm/Dividend - 20%","4","12-Sep-2008","-","16-Sep-2008","22-Sep-2008"
"RELIGARE","Religare Enterprises Limited","EQ","Agm/Dividend - 11%","10","12-Sep-2008","-","16-Sep-2008","20-Sep-2008"
"ANSALHSG","Ansal Housing Limited","EQ","Agm/Dividend - 20%","10","12-Sep-2008","-","16-Sep-2008","23-Sep-2008"
"FIRSTLEASE","First Leasing Company of India Limited","EQ","Agm/Dividend - 22.50%","10","12-Sep-2008","-","16-Sep-2008","29-Sep-2008"
"BALAMINES","Balaji Amines Limited","EQ","Agm/Dividend - 15%","2","12-Sep-2008","-","16-Sep-2008","24-Sep-2008"
"PHOENIXLTD","The Phoenix Mills Limited","EQ","Agm/Dividend - 50%","2","12-Sep-2008","-","16-Sep-2008","23-Sep-2008"
"KAJARIACER","Kajaria Ceramics Limited","EQ","Agm/Dividend - 10%","1","12-Sep-2008","-","16-Sep-2008","25-Sep-2008"
"PREMIERPOL","Premier Polyfilm Limited","EQ","Annual General Meeting","1","12-Sep-2008","-","16-Sep-2008","26-Sep-2008"
"BALMLAWRIE","Balmer Lawrie & Company Limited","EQ","Agm/Dividend - 170%","10","12-Sep-2008","-","16-Sep-2008","26-Sep-2008"
"BEL","Bharat Electronics Limited","EQ","Agm/Dividend - 147%","1","12-Sep-2008","-","16-Sep-2008","29-Sep-2008"
"GPIL","Godawari Power And Ispat limited","EQ","Agm/Dividend - 25%","1","12-Sep-2008","-","16-Sep-2008","23-Sep-2008"
"GULFOILCOR","Gulf Oil Corporation Limited","EQ","Agm/Div-Rs.1.50 Per Share","2","12-Sep-2008","-","16-Sep-2008","25-Sep-2008"
"ANDHRSUGAR","The Andhra Sugars Limited","EQ","Agm/Dividend - 50%","2","12-Sep-2008","-","16-Sep-2008","25-Sep-2008"
"CHETTINAD","Chettinad Cement Corporation Limited","EQ","Agm/Dividend - 100%","10","12-Sep-2008","-","16-Sep-2008","23-Sep-2008"
"OCL","OCL India Limited","EQ","Agm/Dividend - 125%","2","12-Sep-2008","-","16-Sep-2008","22-Sep-2008"
"VENUSREM","Venus Remedies Limited","EQ","Agm/Dividend - 40%","10","12-Sep-2008","-","16-Sep-2008","22-Sep-2008"
"ADANIPORTS","Adani Ports and Special Economic Zone Limited","EQ","Agm/Dividend - 15%","2","12-Sep-2008","-","16-Sep-2008","26-Sep-2008"
"JINDALSTEL","JINDAL STEEL LIMITED","EQ","Agm/Dividend - 250%","1","12-Sep-2008","-","16-Sep-2008","19-Sep-2008"
"TVTODAY","TV Today Network Limited","EQ","Agm/Dividend - 15%","5","12-Sep-2008","-","16-Sep-2008","25-Sep-2008"
"SATHAISPAT","Sathavahana Ispat Limited","EQ","Agm/Dividend - 15%","10","12-Sep-2008","-","16-Sep-2008","30-Sep-2008"
"LPDC","Landmark Property Development Company Limited","EQ","Annual General Meeting","1","12-Sep-2008","-","16-Sep-2008","22-Sep-2008"
"CREATIVEYE","Creative Eye Limited","EQ","Agm","5","12-Sep-2008","-","16-Sep-2008","23-Sep-2008"
"DIGJAM","Digjam Limited","EQ","Annual General Meeting","10","12-Sep-2008","-","16-Sep-2008","26-Sep-2008"
"MSPL","MSP Steel & Power Limited","EQ","Annual General Meeting","10","12-Sep-2008","-","16-Sep-2008","24-Sep-2008"
"AEGISLOG","Aegis Logistics Limited","EQ","Agm/Div - Rs. 2/- Per Shr","1","12-Sep-2008","-","16-Sep-2008","27-Sep-2008"
"UCAL","UCAL LIMITED","EQ","Agm/Dividend - 10%","10","12-Sep-2008","-","16-Sep-2008","26-Sep-2008"
"TIPSMUSIC","Tips Music Limited","EQ","Agm/Dividend - 20%","1","12-Sep-2008","-","16-Sep-2008","26-Sep-2008"
"SIMPLEX","Simplex Projects Limited","EQ","Agm/Dividend - 15%","10","12-Sep-2008","-","16-Sep-2008","22-Sep-2008"
"CANFINHOME","Can Fin Homes Limited","EQ","Dividend - 25%","2","15-Sep-2008","-","17-Sep-2008","24-Sep-2008"
"INSPIRISYS","Inspirisys Solutions Limited","EQ","Annual General Meeting","10","15-Sep-2008","-","17-Sep-2008","24-Sep-2008"
"TANTIACONS","Tantia Constructions Limited","EQ","Agm/Dividend - 15%","10","15-Sep-2008","-","17-Sep-2008","24-Sep-2008"
"STCINDIA","The State Trading Corporation of India Limited","EQ","Agm/Dividend - 30%","10","15-Sep-2008","-","17-Sep-2008","23-Sep-2008"
"CORALFINAC","Coral India Finance & Housing Limited","EQ","Annual General Meeting","2","15-Sep-2008","-","17-Sep-2008","25-Sep-2008"
"KCP","KCP Limited","EQ","Agm/Dividend - 25%","1","15-Sep-2008","-","17-Sep-2008","25-Sep-2008"
"NITCO","Nitco Limited","EQ","Agm/Div - Rs. 2/- Per Shr","10","15-Sep-2008","-","17-Sep-2008","23-Sep-2008"
"VARUN","Varun Industries Limited","EQ","Agm/Dividend - 15%","10","15-Sep-2008","-","17-Sep-2008","23-Sep-2008"
"KREBSBIO","Krebs Biochemicals and Industries Limited","EQ","Annual General Meeting","10","15-Sep-2008","-","17-Sep-2008","24-Sep-2008"
"ALMONDZ","Almondz Global Securities Limited","EQ","Agm/Dividend - 5%","1","15-Sep-2008","-","17-Sep-2008","24-Sep-2008"
"MIRZAINT","Mirza International Limited","EQ","Agm/Dividend - 15%","2","15-Sep-2008","-","17-Sep-2008","25-Sep-2008"
"CUB","City Union Bank Limited","EQ","Agm/Dividend - 20%","1","15-Sep-2008","-","17-Sep-2008","24-Sep-2008"
"ASHAPURMIN","Ashapura Minechem Limited","EQ","Agm/Dividend - 80%","2","15-Sep-2008","-","17-Sep-2008","24-Sep-2008"
"SUNILHITEC","Sunil Hitech Engineers Limited","EQ","Agm/Dividend - 12%","1","15-Sep-2008","-","17-Sep-2008","18-Sep-2008"
"SAGCEM","Sagar Cements Limited","EQ","Agm/Dividend - 10%","2","15-Sep-2008","-","17-Sep-2008","24-Sep-2008"
"PARSVNATH","Parsvnath Developers Limited","EQ","Agm/Dividend - 30%","5","15-Sep-2008","-","17-Sep-2008","24-Sep-2008"
"GSPL","Gujarat State Petronet Limited","EQ","Agm/Dividend - 5%","10","15-Sep-2008","-","17-Sep-2008","26-Sep-2008"
"REGENCERAM","Regency Ceramics Limited","EQ","Annual General Meeting","10","15-Sep-2008","-","17-Sep-2008","27-Sep-2008"
"CRESTANI","Crest Animation Studios Limited","EQ","Annual General Meeting","10","15-Sep-2008","-","17-Sep-2008","23-Sep-2008"
"OCTAV","Octav Investments Limited","EQ","Annual General Meeting","10","15-Sep-2008","-","17-Sep-2008","24-Sep-2008"
"TEAMGTY","Team India Guaranty Limited","EQ","Annual General Meeting","10","15-Sep-2008","-","17-Sep-2008","23-Sep-2008"
"SUTLEJTEX","Sutlej Textiles and Industries Limited","EQ","Dividend - 10%","1","15-Sep-2008","-","17-Sep-2008","26-Sep-2008"
"LCCINFOTEC","LCC Infotech Limited","EQ","Annual General Meeting","2","16-Sep-2008","-","18-Sep-2008","25-Sep-2008"
"VAKRANGEE","Vakrangee Limited","EQ","Agm/Dividend - 20%","1","16-Sep-2008","-","18-Sep-2008","23-Sep-2008"
"CONSOFINVT","Consolidated Finvest & Holdings Limited","EQ","Agm/Dividend - 5%","10","16-Sep-2008","-","18-Sep-2008","22-Sep-2008"
"SGFL","Shree Ganesh Forgings Limited","EQ","Annual General Meeting","10","16-Sep-2008","-","18-Sep-2008","25-Sep-2008"
"RUBYMILLS","The Ruby Mills Limited","EQ","Agm/Dividend - 30%","5","16-Sep-2008","-","18-Sep-2008","25-Sep-2008"
"EASUNREYRL","Easun Reyrolle Limited","EQ","Agm/Dividend - 125%","2","16-Sep-2008","-","18-Sep-2008","29-Sep-2008"
"LAOPALA","La Opala RG Limited","EQ","Agm/Dividend - 7.50%","2","16-Sep-2008","-","18-Sep-2008","27-Sep-2008"
"ROHITFERRO","Rohit Ferro-Tech Limited","EQ","Agm/Dividend - 15%","10","16-Sep-2008","-","18-Sep-2008","25-Sep-2008"
"SAKSOFT","Saksoft Limited","EQ","Agm/Dividend - 5%","1","16-Sep-2008","-","18-Sep-2008","25-Sep-2008"
"MCDHOLDING","McDowell Holdings Limited","EQ","Annual General Meeting","10","16-Sep-2008","-","18-Sep-2008","22-Sep-2008"
"BATLIBOI","Batliboi Limited","EQ","Div-20%/Annual Book Closr","5","16-Sep-2008","-","18-Sep-2008","25-Sep-2008"
"BLUECHIP","Blue Chip India Limited","EQ","Annual General Meeting","2","16-Sep-2008","-","18-Sep-2008","23-Sep-2008"
"SEZALGLASS","Sezal Glass Limited","EQ","Agm/Dividend- 5.5%","1","16-Sep-2008","-","18-Sep-2008","27-Sep-2008"
"ZODJRDMKJ","Zodiac JRD- MKJ Limited","EQ","Agm/Dividend - 5%","10","16-Sep-2008","-","18-Sep-2008","27-Sep-2008"
"SILINV","SIL Investments Limited","EQ","Dividend - 10%","10","16-Sep-2008","-","18-Sep-2008","27-Sep-2008"
"TTL","T T Limited","EQ","Agm/Dividend - 6%","1","16-Sep-2008","-","18-Sep-2008","24-Sep-2008"
"TRIDENT","Trident Limited","EQ","Annual General Meeting","1","16-Sep-2008","-","18-Sep-2008","24-Sep-2008"
"KAVDEFENCE","Kavveri Defence & Wireless Technologies Limited","EQ","Agm/Dividend - 10%","10","16-Sep-2008","-","18-Sep-2008","30-Sep-2008"
"GARFIBRES","Garware Technical Fibres Limited","EQ","Agm/Dividend - 25%","10","16-Sep-2008","-","18-Sep-2008","27-Sep-2008"
"TAINWALCHM","Tainwala Chemical and Plastic (I) Limited","EQ","Annual General Meeting","10","16-Sep-2008","-","18-Sep-2008","24-Sep-2008"
"WINSOMEDJ","Winsome Diamonds and Jewellery Limited","EQ","Agm/Dividend - 20%","10","16-Sep-2008","-","18-Sep-2008","26-Sep-2008"
"HIMATSEIDE","Himatsingka Seide Limited","EQ","Annual General Meeting","5","16-Sep-2008","-","18-Sep-2008","23-Sep-2008"
"ERAINFRA","Era Infra Engineering Limited","EQ","Agm/Div-20%/Fv Rs10tors2 Purpose Revised","2","17-Sep-2008","-","24-Sep-2008","29-Sep-2008"
"GAMMONIND","Gammon India Limited","EQ","Dividend - 25%","2","17-Sep-2008","-","19-Sep-2008","25-Sep-2008"
"WINSOMYARN","Winsome Yarns Limited","EQ","Agm/Dividend - 1%","1","17-Sep-2008","-","19-Sep-2008","23-Sep-2008"
"RSWM","RSWM Limited","EQ","Annual General Meeting","10","17-Sep-2008","-","19-Sep-2008","26-Sep-2008"
"SUPERFORGE","Super Forgings & Steels Limited","EQ","Annual General Meeting","10","17-Sep-2008","-","19-Sep-2008","25-Sep-2008"
"SPLIL","SPL Industries Limited","EQ","Annual General Meeting","10","17-Sep-2008","-","19-Sep-2008","29-Sep-2008"
"JENSONICOL","Jenson & Nicholson (India) Limited","EQ","Annual General Meeting","2","17-Sep-2008","-","19-Sep-2008","26-Sep-2008"
"GEMINI","Gemini Communication Limited","EQ","Fv Split Rs.5/- To Re.1/-","1","17-Sep-2008","24-Sep-2008","-","-"
"ZENITHEXPO","Zenith Exports Limited","EQ","Annual General Meeting","10","17-Sep-2008","-","19-Sep-2008","27-Sep-2008"
"AUSOMENT","Ausom Enterprise Limited","EQ","Annual General Meeting","10","17-Sep-2008","-","19-Sep-2008","22-Sep-2008"
"HERCULES","HERCULES INVESTMENTS LIMITED","EQ","Fv Split Rs.10/- To Re.1/","1","17-Sep-2008","24-Sep-2008","-","-"
"SURYAPHARM","Surya Pharmaceutical Limited","EQ","Agm/Dividend - 10%","1","17-Sep-2008","-","19-Sep-2008","19-Sep-2008"
"JINDALPHOT","Jindal Photo Limited","EQ","Agm/Dividend - 10%","10","17-Sep-2008","-","19-Sep-2008","24-Sep-2008"
"MURUDCERA","Murudeshwar Ceramics Limited","EQ","Agm/Dividend - 12%","10","17-Sep-2008","-","19-Sep-2008","27-Sep-2008"
"HMT","HMT Limited","EQ","Annual General Meeting","10","17-Sep-2008","-","19-Sep-2008","27-Sep-2008"
"HGS","Hinduja Global Solutions Limited","EQ","Agm/Dividend - 100%","10","17-Sep-2008","-","19-Sep-2008","27-Sep-2008"
"HOCL","Hindustan Organic Chemicals Limited","EQ","Annual General Meeting","10","17-Sep-2008","-","19-Sep-2008","26-Sep-2008"
"KAUSHALYA","Kaushalya Infrastructure Development Corporation Limited","EQ","Annual General Meeting","1000","17-Sep-2008","-","19-Sep-2008","26-Sep-2008"
"WEBELSOLAR","Websol Energy System Limited","EQ","Agm/Dividend - 10%","1","17-Sep-2008","-","19-Sep-2008","27-Sep-2008"
"IDEA","Vodafone Idea Limited","EQ","Annual General Meeting","10","17-Sep-2008","-","19-Sep-2008","29-Sep-2008"
"METKORE","Metkore Alloys & Industries Limited","EQ","Annual General Meeting","2","17-Sep-2008","-","19-Sep-2008","25-Sep-2008"
"PARRYSUGAR","Parrys Sugar Industries Limited","EQ","Agm/Dividend - 10%","10","17-Sep-2008","-","19-Sep-2008","25-Sep-2008"
"SUMMIT","Summit Securities Limited","EQ","Annual General Meeting","10","17-Sep-2008","-","19-Sep-2008","26-Sep-2008"
"JUBLPHARMA","Jubilant Pharmova Limited","EQ","Agm/Div-Rs.1.50 Per Share","1","17-Sep-2008","-","19-Sep-2008","27-Sep-2008"
"NDLVENTURE","NDL Ventures Limited","EQ","Annual General Meeting","10","17-Sep-2008","-","19-Sep-2008","27-Sep-2008"
"HEGAM","HEG Advanced Materials Limited","EQ","Agm/Dividend - 30%","2","17-Sep-2008","-","19-Sep-2008","27-Sep-2008"
"TATASTLBSL","Tata Steel Bsl Limited","EQ","Agm/Dividend - 25%","2","17-Sep-2008","-","19-Sep-2008","22-Sep-2008"
"KEYFINSERV","Keynote Financial Services Limited","EQ","Agm/Dividend - 10%","10","17-Sep-2008","-","19-Sep-2008","24-Sep-2008"
"BHARATIDIL","Bharati Defence and Infrastructure Limited","EQ","Agm/Div-Rs3 Per Share    Bc Dates And Purpose Revised","10","17-Sep-2008","-","19-Sep-2008","29-Sep-2008"
"SKUMARSYNF","S. Kumars Nationwide Limited","EQ","Annual General Meeting   Bc Dates Revised","10","17-Sep-2008","-","19-Sep-2008","26-Sep-2008"
"PVP","PVP Ventures Limited","EQ","Annual General Meeting","10","18-Sep-2008","-","22-Sep-2008","29-Sep-2008"
"IGARASHI","Igarashi Motors India Limited","EQ","Agm/Dividend - 15%","10","18-Sep-2008","-","20-Sep-2008","26-Sep-2008"
"DSKULKARNI","DS Kulkarni Developers Limited","EQ","Agm/Dividend - 20%       Bc End Date Revised","10","18-Sep-2008","-","22-Sep-2008","27-Sep-2008"
"ALPA","Alpa Laboratories Limited","EQ","Annual General Meeting","10","18-Sep-2008","-","22-Sep-2008","29-Sep-2008"
"ALPHAGEO","Alphageo (India) Limited","EQ","Agm/Dividend - 15%","10","18-Sep-2008","-","22-Sep-2008","26-Sep-2008"
"FCSSOFT","FCS Software Solutions Limited","EQ","Agm/Dividend - 11%       Purpose Revised","1","18-Sep-2008","-","22-Sep-2008","30-Sep-2008"
"VIKASHMET","Vikash Metal & Power Limited","EQ","Agm/Dividend - 5%","10","18-Sep-2008","-","20-Sep-2008","27-Sep-2008"
"BLUEBLENDS","Blue Blends (I) Limited","EQ","Annual General Meeting","10","18-Sep-2008","-","22-Sep-2008","23-Sep-2008"
"SHYAMTEL","Shyam Telecom Limited","EQ","Annual General Meeting","10","18-Sep-2008","-","22-Sep-2008","30-Sep-2008"
"MARALOVER","Maral Overseas Limited","EQ","Annual General Meeting","10","18-Sep-2008","-","22-Sep-2008","29-Sep-2008"
"GLENMARK","Glenmark Pharmaceuticals Limited","EQ","Annual General Meeting","1","18-Sep-2008","-","22-Sep-2008","26-Sep-2008"
"ASIANHOTEL","Asian Hotels Limited","EQ","Agm/Dividend - 10%","10","18-Sep-2008","-","20-Sep-2008","24-Sep-2008"
"GKW","GKW Limited","EQ","Annual General Meeting","10","18-Sep-2008","-","22-Sep-2008","30-Sep-2008"
"NECLIFE","Nectar Lifesciences Limited","EQ","Agm/Dividend - 40%","1","18-Sep-2008","-","20-Sep-2008","29-Sep-2008"
"NEPCMICON","NEPC India Limited","EQ","Annual General Meeting","10","18-Sep-2008","-","22-Sep-2008","26-Sep-2008"
"NIRMA","Nirma Limited","EQ","Agm/Dividend - 80%","5","18-Sep-2008","-","20-Sep-2008","29-Sep-2008"
"OMAXAUTO","Omax Autos Limited","EQ","Agm/Dividend - 15%","10","18-Sep-2008","-","22-Sep-2008","30-Sep-2008"
"JHS","JHS Svendgaard Laboratories Limited","EQ","Annual General Meeting","10","18-Sep-2008","-","22-Sep-2008","30-Sep-2008"
"PBAINFRA","PBA Infrastructure Limited","EQ","Agm/Div - Rs. 2/- Per Sh","10","18-Sep-2008","-","22-Sep-2008","26-Sep-2008"
"VARDMNPOLY","Vardhman Polytex Limited","EQ","Agm/Dividend - 20%","1","18-Sep-2008","-","20-Sep-2008","27-Sep-2008"
"AUTOIND","Autoline Industries Limited","EQ","Agm/Dividend - 50%","10","18-Sep-2008","-","20-Sep-2008","27-Sep-2008"
"PRESSMN","Pressman Advertising Limited","EQ","Annual General Meeting","2","18-Sep-2008","-","22-Sep-2008","27-Sep-2008"
"MANINDS","Man Industries (India) Limited","EQ","Agm/Dividend - 30%","5","18-Sep-2008","-","22-Sep-2008","26-Sep-2008"
"TULIP","Tulip Telecom Limited","EQ","Agm/Dividend - 20%","2","18-Sep-2008","-","22-Sep-2008","26-Sep-2008"
"CYBERTECH","Cybertech Systems And Software Limited","EQ","Agm/Dividend - 10%","10","18-Sep-2008","-","22-Sep-2008","30-Sep-2008"
"BANKRAJAS","The Bank of Rajasthan Limited","EQ","Bonus 1: 5","10","18-Sep-2008","20-Sep-2008","-","-"
"ADANIENT","Adani Enterprises Limited","EQ","Agm/Dividend - 60%","1","18-Sep-2008","-","20-Sep-2008","26-Sep-2008"
"ANGIND","ANG Industries Limited","EQ","Annual General Meeting","10","18-Sep-2008","-","21-Sep-2008","25-Sep-2008"
"PHILCORP","PHIL Corporation Limited","EQ","Annual General Meeting","10","18-Sep-2008","-","22-Sep-2008","29-Sep-2008"
"MAANALU","Maan Aluminium Limited","EQ","Agm/Dividend - 10%","5","18-Sep-2008","-","22-Sep-2008","26-Sep-2008"
"NAHARPOLY","Nahar Poly Films Limited","EQ","Dividend - 10%","5","18-Sep-2008","-","21-Sep-2008","29-Sep-2008"
"WELSPUNLIV","Welspun Living Limited","EQ","Annual General Meeting","1","18-Sep-2008","-","22-Sep-2008","27-Sep-2008"
"VGL","VARVEE GLOBAL LIMITED","EQ","Annual General Meeting","5","18-Sep-2008","-","20-Sep-2008","29-Sep-2008"
"GANESHHOU","GANESH HOUSING LIMITED","EQ","Agm/Dividend - 45%","10","18-Sep-2008","-","22-Sep-2008","27-Sep-2008"
"HSCL","Himadri Speciality Chemical Limited","EQ","Agm/Dividend - 20%","1","18-Sep-2008","-","20-Sep-2008","27-Sep-2008"
"OLECTRA","Olectra Greentech Limited","EQ","Agm/Dividend - 10%","4","18-Sep-2008","-","22-Sep-2008","30-Sep-2008"
"ATLANTAA","ATLANTAA LIMITED","EQ","Agm/Dividend - 10%","2","18-Sep-2008","-","22-Sep-2008","27-Sep-2008"
"WELENT","Welspun Enterprises Limited","EQ","Agm/Dividend - 10%","10","18-Sep-2008","-","22-Sep-2008","30-Sep-2008"
"KAMDHENU","Kamdhenu Limited","EQ","Agm/Dividend - 8%","1","18-Sep-2008","-","20-Sep-2008","29-Sep-2008"
"MOHOTAIND","Mohota Industries Limited","EQ","Annual General Meeting","10","18-Sep-2008","-","20-Sep-2008","27-Sep-2008"
"ORCHIDPHAR","Orchid Pharma Limited","EQ","Agm/Dividend - 30%","10","18-Sep-2008","-","20-Sep-2008","29-Sep-2008"
"PATINTLOG","Patel Integrated Logistics Limited","EQ","Agm/Dividend - 10%","10","18-Sep-2008","-","22-Sep-2008","30-Sep-2008"
"SUBEX","Subex Limited","EQ","Annual Book Closure","10","18-Sep-2008","-","22-Sep-2008","23-Sep-2008"
"SHIRPUR-G","Shirpur Gold Refinery Limited","EQ","Annual General Meeting","10","18-Sep-2008","-","20-Sep-2008","29-Sep-2008"
"TGBHOTELS","TGB Banquets And Hotels Limited","EQ","Agm/Dividend - 10%","10","18-Sep-2008","-","20-Sep-2008","29-Sep-2008"
"BRFL","Bombay Rayon Fashions Limited","EQ","Agm/Dividend - 15%","10","18-Sep-2008","-","20-Sep-2008","30-Sep-2008"
"FAME","Fame India Limited","EQ","Annual General Meeting","10","18-Sep-2008","-","22-Sep-2008","27-Sep-2008"
"ARCHIES","Archies Limited","EQ","Annual General Meeting","2","18-Sep-2008","-","20-Sep-2008","25-Sep-2008"
"CCL","CCL Products (India) Limited","EQ","Agm/Dividend - 50%","2","18-Sep-2008","-","22-Sep-2008","30-Sep-2008"
"CENTUM","Centum Electronics Limited","EQ","Agm/Dividend - 10%","10","18-Sep-2008","-","20-Sep-2008","27-Sep-2008"
"CINEVISTA","Cinevista Limited","EQ","Annual General Meeting","2","18-Sep-2008","-","20-Sep-2008","26-Sep-2008"
"ASTRAMICRO","Astra Microwave Products Limited","EQ","Agm/Div-Rs.0.25 Per Share","2","18-Sep-2008","-","22-Sep-2008","29-Sep-2008"
"PNBGILTS","PNB Gilts Limited","EQ","Agm/Dividend - 15%","10","18-Sep-2008","-","20-Sep-2008","27-Sep-2008"
"PRAENG","Prajay Engineers Syndicate Limited","EQ","Agm/Dividend - 25%       Bc Start Date Revised","10","18-Sep-2008","-","22-Sep-2008","29-Sep-2008"
"MURLIIND","Murli Industries Limited","EQ","Agm/Dividend - 20%","2","18-Sep-2008","-","22-Sep-2008","25-Sep-2008"
"RAJSREESUG","Rajshree Sugars & Chemicals Limited","EQ","Annual General Meeting","10","18-Sep-2008","-","22-Sep-2008","29-Sep-2008"
"SURYALAXMI","Suryalakshmi Cotton Mills Limited","EQ","Annual General Meeting","10","18-Sep-2008","-","22-Sep-2008","29-Sep-2008"
"TECILCHEM","TECIL Chemicals and Hydro Power Limited","EQ","Annual General Meeting","10","18-Sep-2008","-","22-Sep-2008","29-Sep-2008"
"SOLEMS","Solectron EMS India Limited","EQ","Agm/Dividend - 10%","10","18-Sep-2008","-","20-Sep-2008","27-Sep-2008"
"LOKESHMACH","Lokesh Machines Limited","EQ","Agm/Dividend - 25%","10","18-Sep-2008","-","20-Sep-2008","27-Sep-2008"
"ORIENTALTL","Oriental Trimex Limited","EQ","Annual Book Closure","10","18-Sep-2008","-","20-Sep-2008","29-Sep-2008"
"TULSI","Tulsi Extrusions Limited","EQ","Agm/Dividend - 5%        Purpose Revised","10","18-Sep-2008","-","22-Sep-2008","27-Sep-2008"
"HANUNG","Hanung Toys and Textiles Limited","EQ","Agm/Dividend - 15%","10","18-Sep-2008","-","20-Sep-2008","26-Sep-2008"
"ASIANTILES","Asian Granito India Limited","EQ","Agm/Dividend - 10%","10","18-Sep-2008","-","20-Sep-2008","27-Sep-2008"
"AUTORIDFIN","Autoriders Finance Limited","EQ","Annual General Meeting","10","18-Sep-2008","-","20-Sep-2008","29-Sep-2008"
"DOLPHINOFF","Dolphin Offshore Enterprises (India) Limited","EQ","Agm/Dividend - 25%       Bc Dates Revised","10","18-Sep-2008","-","20-Sep-2008","29-Sep-2008"
"KNDENGTECH","KND Engineering Technologies Limited","EQ","Annual General Meeting","10","18-Sep-2008","-","20-Sep-2008","25-Sep-2008"
"RMCL","Radha Madhav Corporation Limited","EQ","Annual General Meeting","10","18-Sep-2008","-","22-Sep-2008","27-Sep-2008"
"SSWL","Steel Strips Wheels Limited","EQ","Agm/Dividend - 16%","1","18-Sep-2008","-","20-Sep-2008","29-Sep-2008"
"INDSWFTLAB","Ind-Swift Laboratories Limited","EQ","Agm/Dividend - 10%","10","18-Sep-2008","-","22-Sep-2008","26-Sep-2008"
"ISMTLTD","ISMT Limited","EQ","Agm/Dividend -10%","5","18-Sep-2008","-","22-Sep-2008","29-Sep-2008"
"NAHARSPING","Nahar Spinning Mills Limited","EQ","Agm/Dividend - 30%","5","18-Sep-2008","-","21-Sep-2008","29-Sep-2008"
"ALOKTEXT","Alok Industries Limited","EQ","Agm/Dividend - 12%","10","18-Sep-2008","-","22-Sep-2008","29-Sep-2008"
"DONEAR","Donear Industries Limited","EQ","Agm/Div-Rs.0.50 Per Share","2","18-Sep-2008","-","20-Sep-2008","27-Sep-2008"
"ABHISHEK","Abhishek Corporation Limited","EQ","Annual General Meeting","10","18-Sep-2008","-","20-Sep-2008","27-Sep-2008"
"POLYPLEX","Polyplex Corporation Limited","EQ","Agm/Dividend - 60%","10","18-Sep-2008","-","20-Sep-2008","26-Sep-2008"
"SICAL","Sical Logistics Limited","EQ","Annual General Meeting","10","18-Sep-2008","-","20-Sep-2008","24-Sep-2008"
"AMBICAAGAR","Ambica Agarbathies & Aroma industries Limited","EQ","Annual General Meeting","10","18-Sep-2008","-","22-Sep-2008","25-Sep-2008"
"NCLIND","NCL Industries Limited","EQ","Agm/Dividend - 25%","10","18-Sep-2008","-","22-Sep-2008","29-Sep-2008"
"NOIDATOLL","Noida Toll Bridge Company Limited","EQ","Annual General Meeting","10","18-Sep-2008","-","20-Sep-2008","26-Sep-2008"
"MAHSEAMLES","Maharashtra Seamless Limited","EQ","Agm/Dividend - 100%","5","18-Sep-2008","-","20-Sep-2008","27-Sep-2008"
"GOLDTECH","AION-TECH SOLUTIONS LIMITED","EQ","Agm/Dividend - 6%","10","18-Sep-2008","-","22-Sep-2008","30-Sep-2008"
"DYNAMATECH","Dynamatic Technologies Limited","EQ","Agm/Dividend - 50%       Bc Dates Revised","10","18-Sep-2008","-","22-Sep-2008","27-Sep-2008"
"PRASGLOFIN","Silicon Valley Infotech Limited","EQ","Annual General Meeting","1","18-Sep-2008","-","20-Sep-2008","25-Sep-2008"
"BANARISUG","Bannari Amman Sugars Limited","EQ","Agm/Dividend - 70%","10","18-Sep-2008","-","20-Sep-2008","29-Sep-2008"
"GOLDIAM","Goldiam International Limited","EQ","Annual General Meeting","2","18-Sep-2008","-","20-Sep-2008","26-Sep-2008"
"MICROTECH","Micro Technologies (India) Limited","EQ","Agm/Dividend - 20%","10","18-Sep-2008","-","22-Sep-2008","29-Sep-2008"
"RUCHISOYA","Ruchi Soya Industries Limited","EQ","Dividend - 25%           Purpose Revised","2","18-Sep-2008","-","22-Sep-2008","26-Sep-2008"
"JAYNECOIND","Jayaswal Neco Industries Limited","EQ","Annual General Meeting","10","18-Sep-2008","-","22-Sep-2008","30-Sep-2008"
"JINDALPOLY","Jindal Poly Films Limited","EQ","Agm/Dividend - 20%","10","18-Sep-2008","-","22-Sep-2008","30-Sep-2008"
"TANLA","Tanla Platforms Limited","EQ","Agm/Dividend - 120%","1","18-Sep-2008","-","22-Sep-2008","29-Sep-2008"
"BLBLIMITED","BLB Limited","EQ","Annual General Meeting","1","18-Sep-2008","-","22-Sep-2008","22-Sep-2008"
"FACT","Fertilizers and Chemicals Travancore Limited","EQ","Annual General Meeting","10","18-Sep-2008","-","22-Sep-2008","27-Sep-2008"
"HERITGFOOD","Heritage Foods Limited","EQ","Agm/Dividend - 18%","5","18-Sep-2008","-","22-Sep-2008","26-Sep-2008"
"MALUPAPER","Malu Paper Mills Limited","EQ","Annual General Meeting","10","18-Sep-2008","-","22-Sep-2008","29-Sep-2008"
"MANGALAM","Mangalam Drugs And Organics Limited","EQ","Annual General Meeting","10","18-Sep-2008","-","22-Sep-2008","30-Sep-2008"
"CLASSIC","Classic Diamonds (India) Limited","EQ","Agm/Dividend - 25%","2","18-Sep-2008","-","22-Sep-2008","29-Sep-2008"
"NAHARINDUS","Nahar Industrial Enterprises Limited","EQ","Agm/Dividend - 10%","10","18-Sep-2008","-","20-Sep-2008","29-Sep-2008"
"LAKPRE","Lakshmi Precision Screws Limited","EQ","Agm/Dividend - 12%","10","18-Sep-2008","-","20-Sep-2008","29-Sep-2008"
"RICOAUTO","Rico Auto Industries Limited","EQ","Agm/Dividend - 60%","1","18-Sep-2008","-","20-Sep-2008","30-Sep-2008"
"RUCHINFRA","Ruchi Infrastructure Limited","EQ","Agm/Dividend - 10%","1","18-Sep-2008","-","22-Sep-2008","30-Sep-2008"
"MAFATLAFIN","Mafatlal Finance Limited","EQ","Annual General Meeting","10","18-Sep-2008","-","22-Sep-2008","26-Sep-2008"
"SABERORGAN","Sabero Organics Gujarat Limited","EQ","Annual General Meeting","10","18-Sep-2008","-","20-Sep-2008","26-Sep-2008"
"ELDERPHARM","Elder Pharmaceuticals Limited","EQ","Agm/Dividend - 25%","10","18-Sep-2008","-","22-Sep-2008","30-Sep-2008"
"CAROLINFO","Carol Info Services Limited","EQ","Agm/Dividend - 20%","10","18-Sep-2008","-","22-Sep-2008","26-Sep-2008"
"PAREKHPLAT","Parekh Platinum Limited","EQ","Annual General Meeting","10","18-Sep-2008","-","22-Sep-2008","29-Sep-2008"
"TAKE","TAKE Limited","EQ","Fv Split-Rs10/- To Re.1/-","1","18-Sep-2008","25-Sep-2008","-","-"
"WSI","W S Industries (I) Limited","EQ","Agm/Dividend - 5%","10","18-Sep-2008","-","22-Sep-2008","29-Sep-2008"
"PRECWIRE","Precision Wires India Limited","EQ","Agm/Div-Rs.3.60 Per Share","1","18-Sep-2008","-","20-Sep-2008","27-Sep-2008"
"EUROTEXIND","Eurotex Industries and Exports Limited","EQ","Annual General Meeting","10","19-Sep-2008","-","23-Sep-2008","27-Sep-2008"
"VAIBHAVGBL","Vaibhav Global Limited","EQ","Annual General Meeting","2","19-Sep-2008","-","23-Sep-2008","27-Sep-2008"
"MUNJALAU","Munjal Auto Industries Limited","EQ","Agm/Dividend - 15%","2","19-Sep-2008","-","23-Sep-2008","26-Sep-2008"
"FIEMIND","Fiem Industries Limited","EQ","Agm/Dividend - 25%","10","19-Sep-2008","-","23-Sep-2008","29-Sep-2008"
"ATNINTER","ATN International Limited","EQ","Annual General Meeting   Bc Start Date Revised","4","19-Sep-2008","-","23-Sep-2008","27-Sep-2008"
"DELTAMAGNT","Delta Manufacturing Limited","EQ","Annual General Meeting","10","19-Sep-2008","-","23-Sep-2008","29-Sep-2008"
"INDOCO","Indoco Remedies Limited","EQ","Agm/Dividend - 50%","2","19-Sep-2008","-","23-Sep-2008","26-Sep-2008"
"MALWACOTT","Malwa Cotton Spg. Mills Limited","EQ","Annual General Meeting","10","19-Sep-2008","-","23-Sep-2008","25-Sep-2008"
"SB&TINTL","SB&T International Limited","EQ","Agm/Dividend - 5%","10","19-Sep-2008","-","23-Sep-2008","30-Sep-2008"
"NORTHGATE","Northgate Technologies Limited","EQ","Agm/Dividend - 20%","10","19-Sep-2008","-","23-Sep-2008","30-Sep-2008"
"SGL","STL Global Limited","EQ","Annual General Meeting","10","19-Sep-2008","-","23-Sep-2008","29-Sep-2008"
"SHREYANIND","Shreyans Industries Limited","EQ","Annual General Meeting","10","19-Sep-2008","-","23-Sep-2008","27-Sep-2008"
"HANILERA","Hanil Era Textiles Limited","EQ","Annual General Meeting","10","19-Sep-2008","-","23-Sep-2008","30-Sep-2008"
"RCOM","Reliance Communications Limited","EQ","Agm/Dividend - 15%","5","19-Sep-2008","-","23-Sep-2008","30-Sep-2008"
"ATLASCYCLE","Atlas Cycles (Haryana) Limited","EQ","Agm/Dividend - 45%","5","19-Sep-2008","-","23-Sep-2008","30-Sep-2008"
"HIMACHLFUT","Himachal Futuristic Communications Limited","EQ","Annual General Meeting","10","19-Sep-2008","-","23-Sep-2008","29-Sep-2008"
"KAKATCEM","Kakatiya Cement Sugar & Industries Limited","EQ","Agm/Dividend - 24%","10","19-Sep-2008","-","23-Sep-2008","25-Sep-2008"
"ANKURDRUGS","Ankur Drugs And Pharma Limited","EQ","Agm/Dividend - 22.5%","10","19-Sep-2008","-","23-Sep-2008","27-Sep-2008"
"MODIRUBBER","Modi Rubber Limited","EQ","Annual General Meeting","10","19-Sep-2008","-","23-Sep-2008","30-Sep-2008"
"PPAP","PPAP Automotive Limited","EQ","Agm/Dividend - 30%","10","19-Sep-2008","-","23-Sep-2008","26-Sep-2008"
"ICDSLTD","ICDS Limited","EQ","Annual General Meeting","10","19-Sep-2008","-","23-Sep-2008","26-Sep-2008"
"SCI","Shipping Corporation Of India Limited","EQ","Agm/Dividend - 40%","10","19-Sep-2008","-","23-Sep-2008","30-Sep-2008"
"PRAKASH","Prakash Industries Limited","EQ","Annual General Meeting","10","19-Sep-2008","-","23-Sep-2008","27-Sep-2008"
"PSTL","Pyramid Saimira Theatre Limited","EQ","Annual Book Closure      Purpose Revised","10","19-Sep-2008","-","23-Sep-2008","27-Sep-2008"
"QUINTEGRA","Quintegra Solutions Limited","EQ","Agm/Dividend - 3%","10","19-Sep-2008","-","23-Sep-2008","29-Sep-2008"
"RAJTV","Raj Television Network Limited","EQ","Agm/Dividend - 15%","5","19-Sep-2008","-","23-Sep-2008","29-Sep-2008"
"KRBL","KRBL Limited","EQ","Agm/Div-Rs.2 Per Share","1","19-Sep-2008","-","23-Sep-2008","29-Sep-2008"
"RAJVIR","Rajvir Industries Limited","EQ","Agm/Dividend - 40%","10","19-Sep-2008","-","23-Sep-2008","30-Sep-2008"
"JCTEL","JCT Electronics Limited","EQ","Annual General Meeting","1","19-Sep-2008","-","23-Sep-2008","30-Sep-2008"
"VLSFINANCE","VLS Finance Limited","EQ","Annual General Meeting","10","19-Sep-2008","-","23-Sep-2008","30-Sep-2008"
"GUJAPOLLO","Gujarat Apollo Industries Limited","EQ","Agm/Div- Rs.3/- Per Share","10","19-Sep-2008","-","23-Sep-2008","30-Sep-2008"
"ETPCORP","ETP Corporation Limited","EQ","Annual General Meeting","10","19-Sep-2008","-","23-Sep-2008","25-Sep-2008"
"RADICO","Radico Khaitan Limited","EQ","Agm/Dividend - 25%","2","19-Sep-2008","-","23-Sep-2008","30-Sep-2008"
"AUTOLITIND","Autolite (India) Limited","EQ","Annual General Meeting","10","19-Sep-2008","-","23-Sep-2008","30-Sep-2008"
"BIOFILCHEM","Biofil Chemicals & Pharmaceuticals Limited","EQ","Annual General Meeting","10","19-Sep-2008","-","23-Sep-2008","30-Sep-2008"
"TRICOM","Tricom India Limited","EQ","Agm/Dividend - 23%","2","19-Sep-2008","-","23-Sep-2008","30-Sep-2008"
"ESSARSHIP","Essar Shipping Ports & Logistics Limited","EQ","Annual General Meeting","10","19-Sep-2008","-","23-Sep-2008","27-Sep-2008"
"ANTGRAPHIC","Antarctica Limited","EQ","Annual General Meeting","1","19-Sep-2008","-","23-Sep-2008","29-Sep-2008"
"LIBERTSHOE","Liberty Shoes Limited","EQ","Annual General Meeting","10","19-Sep-2008","-","23-Sep-2008","26-Sep-2008"
"IL&FSENGG","IL&FS Engineering and Construction Company Limited","EQ","Agm/Dividend - 15%","10","19-Sep-2008","-","23-Sep-2008","30-Sep-2008"
"INDSWFTLTD","Ind-Swift Limited","EQ","Agm/Dividend - 20%","2","19-Sep-2008","-","23-Sep-2008","26-Sep-2008"
"DLF","DLF Limited","EQ","Agm/Dividend - 100%","2","19-Sep-2008","-","23-Sep-2008","30-Sep-2008"
"WEIZMANIND","Weizmann Limited","EQ","Agm/Dividend - 5%","10","19-Sep-2008","-","23-Sep-2008","26-Sep-2008"
"GRABALALK","Grabal Alok Impex Limited","EQ","Agm/Dividend - 8%","10","19-Sep-2008","-","23-Sep-2008","30-Sep-2008"
"RAJRAYON","Raj Rayon Industries Limited","EQ","Annual General Meeting","1","19-Sep-2008","-","23-Sep-2008","30-Sep-2008"
"PANACEABIO","Panacea Biotec Limited","EQ","Agm/Dividend - 100%","1","19-Sep-2008","-","23-Sep-2008","27-Sep-2008"
"ANSALAPI","Ansal Properties & Infrastructure Limited","EQ","Agm/Dividend - 25%","5","19-Sep-2008","-","23-Sep-2008","30-Sep-2008"
"BLUECOAST","Blue Coast Hotels Limited","EQ","Annual General Meeting","10","19-Sep-2008","-","23-Sep-2008","29-Sep-2008"
"XCHANGING","Xchanging Solutions Limited","EQ","Annual General Meeting","10","19-Sep-2008","-","23-Sep-2008","29-Sep-2008"
"MELSTAR","Melstar Information Technologies Limited","EQ","Annual General Meeting","10","19-Sep-2008","-","23-Sep-2008","29-Sep-2008"
"EUROCERA","Euro Ceramics Limited","EQ","Annual General Meeting","10","22-Sep-2008","-","24-Sep-2008","30-Sep-2008"
"HAVISHA","Sri Havisha Hospitality and Infrastructure Limited","EQ","Annual General Meeting","2","22-Sep-2008","-","24-Sep-2008","25-Sep-2008"
"SANGHIIND","Sanghi Industries Limited","EQ","Annual General Meeting","10","22-Sep-2008","-","24-Sep-2008","27-Sep-2008"
"ALPSINDUS","Alps Industries Limited","EQ","Annual General Meeting   Purpose Revised","10","22-Sep-2008","-","24-Sep-2008","25-Sep-2008"
"SITASHREE","Sita Shree Food Products Limited","EQ","Annual General Meeting","10","22-Sep-2008","-","24-Sep-2008","29-Sep-2008"
"ICSA","ICSA (India) Limited","EQ","Agm/Dividend - 60%","2","22-Sep-2008","-","24-Sep-2008","25-Sep-2008"
"RAMGOPOLY","Ramgopal Polytex Limited","EQ","Annual General Meeting","10","22-Sep-2008","-","24-Sep-2008","30-Sep-2008"
"OMAXE","Omaxe Limited","EQ","Agm/Dividend - 25%","10","22-Sep-2008","-","24-Sep-2008","29-Sep-2008"
"VIVIMEDLAB","Vivimed Labs Limited","EQ","Agm/Dividend - 10%","2","22-Sep-2008","-","24-Sep-2008","27-Sep-2008"
"HINDCOMPOS","Hindustan Composites Limited","EQ","Annual General Meeting","5","22-Sep-2008","-","24-Sep-2008","30-Sep-2008"
"BHARATRAS","Bharat Rasayan Limited","EQ","Agm/Dividend - 10%","5","22-Sep-2008","-","24-Sep-2008","29-Sep-2008"
"DELTACORP","Delta Corp Limited","EQ","Dividend - 40%","1","22-Sep-2008","-","24-Sep-2008","30-Sep-2008"
"BARTRONICS","Bartronics India Limited","EQ","Annual General Meeting","10","22-Sep-2008","-","24-Sep-2008","25-Sep-2008"
"BELCERAMIC","Bell Ceramics Limited","EQ","Annual General Meeting","10","22-Sep-2008","-","24-Sep-2008","30-Sep-2008"
"MONNETISPA","Monnet Ispat and Energy Limited","EQ","Agm/Dividend - 25%","10","22-Sep-2008","-","24-Sep-2008","30-Sep-2008"
"NATCOPHARM","Natco Pharma Limited","EQ","Annual General Meeting","2","22-Sep-2008","-","24-Sep-2008","26-Sep-2008"
"KOUTONS","Koutons Retail India Limited","EQ","Annual General Meeting","10","22-Sep-2008","-","24-Sep-2008","30-Sep-2008"
"MADHAV","Madhav Marbles and Granites Limited","EQ","Agm/Dividend - 10%","10","22-Sep-2008","-","24-Sep-2008","30-Sep-2008"
"KOPRAN","Kopran Limited","EQ","Annual General Meeting","10","22-Sep-2008","-","24-Sep-2008","27-Sep-2008"
"MTNL","Mahanagar Telephone Nigam Limited","EQ","Agm/Dividend - 10%","10","22-Sep-2008","-","24-Sep-2008","26-Sep-2008"
"GENUSPOWER","Genus Power Infrastructures Limited","EQ","Agm/Dividend - 15%","1","22-Sep-2008","-","24-Sep-2008","30-Sep-2008"
"GLOBALVECT","Global Vectra Helicorp Limited","EQ","Annual General Meeting","10","22-Sep-2008","-","24-Sep-2008","25-Sep-2008"
"DPSCLTD","DPSC Limited","EQ","Agm/Dividend - 10%","1","22-Sep-2008","-","24-Sep-2008","26-Sep-2008"
"SHIVTEX","Shiva Texyarn Limited","EQ","Agm/Dividend - 15%","10","22-Sep-2008","-","24-Sep-2008","29-Sep-2008"
"AMDIND","AMD Industries Limited","EQ","Agm/Dividend - 8%","10","22-Sep-2008","-","24-Sep-2008","26-Sep-2008"
"ARENTERP","Rajdarshan Industries Limited","EQ","Annual General Meeting","10","22-Sep-2008","-","24-Sep-2008","30-Sep-2008"
"MANAKSIA","Manaksia Limited","EQ","Annual General Meeting","2","22-Sep-2008","-","24-Sep-2008","26-Sep-2008"
"CRANESSOFT","Cranes Software International Limited","EQ","Agm/Div-Fin- 20%+Spl- 40%","2","22-Sep-2008","-","24-Sep-2008","29-Sep-2008"
"SARLAPOLY","Sarla Performance Fibers Limited","EQ","Agm/Dividend - 35%","1","22-Sep-2008","-","24-Sep-2008","30-Sep-2008"
"TALBROAUTO","Talbros Automotive Components Limited","EQ","Dividend - 15%           Purpose Revised","2","22-Sep-2008","-","24-Sep-2008","29-Sep-2008"
"PRITHVI","Prithvi Information Solutions Limited","EQ","Agm/Dividend - 30%","10","22-Sep-2008","-","24-Sep-2008","29-Sep-2008"
"KALINDEE","Kalindee Rail Nirman (Engineers) Limited","EQ","Agm/Dividend - 10%","10","22-Sep-2008","-","24-Sep-2008","26-Sep-2008"
"SPSL","Shree Precoated Steels Limited","EQ","Agm/Dividend - 11%","10","22-Sep-2008","-","24-Sep-2008","30-Sep-2008"
"PVRINOX","PVR INOX Limited","EQ","Annual General Meeting","10","22-Sep-2008","-","24-Sep-2008","30-Sep-2008"
"OSWALGREEN","Oswal Greentech Limited","EQ","Annual General Meeting","10","22-Sep-2008","-","24-Sep-2008","29-Sep-2008"
"KGL","Karuturi Global Limited","EQ","Agm/Dividend - 20%","1","22-Sep-2008","-","24-Sep-2008","26-Sep-2008"
"ESSAROIL","Essar Oil Limited","EQ","Annual General Meeting","10","23-Sep-2008","-","25-Sep-2008","27-Sep-2008"
"TIMETECHNO","Time Technoplast Limited","EQ","Agm/Dividend - 30%","1","23-Sep-2008","-","25-Sep-2008","29-Sep-2008"
"TNTELE","Tamilnadu Telecommunication Limited","EQ","Annual Book Closure      Bc Purpose Revised","10","23-Sep-2008","-","25-Sep-2008","30-Sep-2008"
"STINDIA","STI India Limited","EQ","Annual General Meeting","10","23-Sep-2008","-","25-Sep-2008","30-Sep-2008"
"PANORAMUNI","Panoramic Universal Limited","EQ","Agm/Dividend - 25%","5","23-Sep-2008","-","25-Sep-2008","29-Sep-2008"
"SRHHYPOLTD","Sree Rayalaseema Hi-Strength Hypo Limited","EQ","Annual General Meeting","10","23-Sep-2008","-","25-Sep-2008","29-Sep-2008"
"JAINSTUDIO","Jain Studios Limited","EQ","Annual General Meeting","10","23-Sep-2008","-","25-Sep-2008","29-Sep-2008"
"MAHAPEXLTD","Maha Rashtra Apex Corporation Limited","EQ","Annual General Meeting","10","23-Sep-2008","-","25-Sep-2008","27-Sep-2008"
"JDORGOCHEM","JD Orgochem Limited","EQ","Annual General Meeting","1","23-Sep-2008","-","25-Sep-2008","30-Sep-2008"
"COMPUTECH","Computech International Limited","EQ","Annual General Meeting","5","23-Sep-2008","-","25-Sep-2008","29-Sep-2008"
"BASML","Bannari Amman Spinning Mills Limited","EQ","Agm/Dividend-20%","5","23-Sep-2008","-","25-Sep-2008","29-Sep-2008"
"DHARSUGAR","Dharani Sugars & Chemicals Limited","EQ","Annual General Meeting","10","23-Sep-2008","-","25-Sep-2008","29-Sep-2008"
"PRIMESECU","Prime Securities Limited","EQ","Agm/Dividend - 15%","5","23-Sep-2008","-","25-Sep-2008","30-Sep-2008"
"KNRCON","KNR Constructions Limited","EQ","Agm/Dividend - 10%","2","23-Sep-2008","-","25-Sep-2008","30-Sep-2008"
"KRISHNAENG","Krishna Engineering Works Limited","EQ","Annual General Meeting","10","23-Sep-2008","-","25-Sep-2008","29-Sep-2008"
"BROADCAST","Broadcast Initiatives Limited","EQ","Annual General Meeting","10","23-Sep-2008","-","25-Sep-2008","30-Sep-2008"
"21STCENMGM","21st Century Management Services Limited","EQ","Agm/Dividend - 9%","10","23-Sep-2008","-","25-Sep-2008","27-Sep-2008"
"AGRODUTCH","Agro Dutch Industries Limited","EQ","Annual General Meeting","10","23-Sep-2008","-","25-Sep-2008","30-Sep-2008"
"EVINIX","Evinix Accessories Limited","EQ","Annual General Meeting","1","23-Sep-2008","-","25-Sep-2008","29-Sep-2008"
"CORDSCABLE","Cords Cable Industries Limited","EQ","Agm/Dividend - 10%","10","23-Sep-2008","-","25-Sep-2008","30-Sep-2008"
"SABTN","Sri Adhikari Brothers Television Network Limited","EQ","Agm/Dividend - 6%","10","23-Sep-2008","-","25-Sep-2008","30-Sep-2008"
"TODAYS","Todays Writing Instruments Limited","EQ","Agm/Dividend - 5%","10","23-Sep-2008","-","25-Sep-2008","29-Sep-2008"
"SRHHLINDST","SRHHL Industries Limited","EQ","Annual General Meeting","10","23-Sep-2008","-","25-Sep-2008","29-Sep-2008"
"ALICON","Alicon Castalloy Limited","EQ","Agm/Dividend - 12.5%","5","23-Sep-2008","-","25-Sep-2008","27-Sep-2008"
"GSS","GSS Infotech Limited","EQ","Agm/Dividend - 25%","10","23-Sep-2008","-","25-Sep-2008","30-Sep-2008"
"REMSONSIND","Remsons Industries Limited","EQ","Annual General Meeting","2","23-Sep-2008","-","25-Sep-2008","30-Sep-2008"
"OSWALAGRO","Oswal Agro Mills Limited","EQ","Annual General Meeting","10","23-Sep-2008","-","25-Sep-2008","29-Sep-2008"
"MARKSANS","Marksans Pharma Limited","EQ","Annual General Meeting","1","23-Sep-2008","-","25-Sep-2008","29-Sep-2008"
"STEELTUBES","Steel Tubes of India Limited","EQ","Annual General Meeting","10","23-Sep-2008","-","25-Sep-2008","30-Sep-2008"
"ARAVALIIND","Aravali Industries Limited","EQ","Annual General Meeting","10","23-Sep-2008","-","25-Sep-2008","30-Sep-2008"
"BANG","Bang Overseas Limited","EQ","Annual General Meeting","10","23-Sep-2008","-","25-Sep-2008","29-Sep-2008"
"NEOCURTHER","Neocure Therapeutics Limited","EQ","Annual General Meeting","10","23-Sep-2008","-","25-Sep-2008","29-Sep-2008"
"LEEL","LEEL Electricals Limited","EQ","Agm/Dividend - 10%","10","23-Sep-2008","-","25-Sep-2008","29-Sep-2008"
"PALRED","Palred Technologies Limited","EQ","Annual General Meeting","5","23-Sep-2008","-","25-Sep-2008","29-Sep-2008"
"CLUTCHAUTO","Clutch Auto Limited","EQ","Annual General Meeting","10","23-Sep-2008","-","25-Sep-2008","27-Sep-2008"
"ARL","Arvind Remedies Limited","EQ","Agm/Dividend - 5%","1","23-Sep-2008","-","25-Sep-2008","29-Sep-2008"
"ANIKINDS","Anik Industries Limited","EQ","Agm/Dividend - 12%","10","24-Sep-2008","-","26-Sep-2008","29-Sep-2008"
"SVOGL","SVOGL Oil Gas And Energy Limited","EQ","Annual General Meeting","10","24-Sep-2008","-","26-Sep-2008","30-Sep-2008"
"OPTOCIRCUI","Opto Circuits (India) Limited","EQ","Agm/Dividend - 50%","10","24-Sep-2008","-","26-Sep-2008","30-Sep-2008"
"DYNACONS","Dynacons Systems & Solutions Limited","EQ","Annual General Meeting","2","24-Sep-2008","-","26-Sep-2008","30-Sep-2008"
"TOKYOPLAST","Tokyo Plast International Limited","EQ","Annual General Meeting","10","24-Sep-2008","-","26-Sep-2008","30-Sep-2008"
"PADMALAYAT","Padmalaya Telefilms Limited","EQ","Annual General Meeting","10","24-Sep-2008","-","26-Sep-2008","29-Sep-2008"
"DATAMATICS","Datamatics Global Services Limited","EQ","Agm/Dividend - 15%","5","24-Sep-2008","-","26-Sep-2008","30-Sep-2008"
"MADHUCON","Madhucon Projects Limited","EQ","Agm/Dividend - 30%","1","24-Sep-2008","-","26-Sep-2008","29-Sep-2008"
"LOTUSEYE","Lotus Eye Hospital and Institute Limited","EQ","Annual General Meeting","10","24-Sep-2008","-","26-Sep-2008","26-Sep-2008"
"ORGINFO","ORG Informatics Limited","EQ","Annual General Meeting","10","24-Sep-2008","-","26-Sep-2008","29-Sep-2008"
"JAGSNPHARM","Jagsonpal Pharmaceuticals Limited","EQ","Agm/Div-Re.0.10 Per Share","2","24-Sep-2008","-","26-Sep-2008","29-Sep-2008"
"GENESYS","Genesys International Corporation Limited","EQ","Agm/Dividend - 20%","5","24-Sep-2008","-","26-Sep-2008","29-Sep-2008"
"ALCHEM","Alchemist Limited","EQ","Agm/Dividend - 25%","10","24-Sep-2008","-","26-Sep-2008","30-Sep-2008"
"VISESHINFO","Visesh Infotecnics Limited","EQ","Annual General Meeting","1","24-Sep-2008","-","26-Sep-2008","30-Sep-2008"
"MAARSOFTW","Maars Software International Limited","EQ","Annual General Meeting","10","24-Sep-2008","-","26-Sep-2008","30-Sep-2008"
"KSERASERA","KSS Limited","EQ","Annual General Meeting","1","24-Sep-2008","-","26-Sep-2008","29-Sep-2008"
"ELAND","E-Land Apparel Limited","EQ","Agm/Dividend - 10%","10","24-Sep-2008","-","26-Sep-2008","30-Sep-2008"
"GULFPETRO","GP Petroleums Limited","EQ","Agm/Dividend - 5%","5","24-Sep-2008","-","26-Sep-2008","30-Sep-2008"
"PARASPETRO","Paras Petrofils Limited","EQ","Annual General Meeting","1","24-Sep-2008","-","26-Sep-2008","30-Sep-2008"
"VISUINTL","Visu International Limited","EQ","Annual General Meeting","10","25-Sep-2008","-","27-Sep-2008","30-Sep-2008"
"NUTEK","Nu Tek India Limited","EQ","Annual General Meeting","5","25-Sep-2008","-","27-Sep-2008","27-Sep-2008"
"PGHH","Procter & Gamble Hygiene and Health Care Limited","EQ","Agm/Div-Rs.20/- Per Sharepurpose Revised","10","25-Sep-2008","-","27-Sep-2008","10-Oct-2008"
"KSCL","Kaveri Seed Company Limited","EQ","Annual General Meeting","2","25-Sep-2008","-","27-Sep-2008","30-Sep-2008"
"IOLN","IOL Netcom Limited","EQ","Annual General Meeting","10","25-Sep-2008","-","29-Sep-2008","30-Sep-2008"
"GLODYNE","Glodyne Technoserve Limited","EQ","Agm/Dividend - 12%","6","25-Sep-2008","-","27-Sep-2008","29-Sep-2008"
"BEML","BEML Limited","EQ","Agm/Dividend - 65%","5","25-Sep-2008","-","27-Sep-2008","30-Sep-2008"
"NANDAN","Nandan Exim Limited","EQ","Annual Book Closure","1","25-Sep-2008","-","29-Sep-2008","30-Sep-2008"
"SELMCL","SEL Manufacturing Company Limited","EQ","Annual General Meeting","10","25-Sep-2008","-","29-Sep-2008","30-Sep-2008"
"CEPHAMILK","Cepham Milk Specialities Limited","EQ","Annual General Meeting","10","25-Sep-2008","-","27-Sep-2008","29-Sep-2008"
"MASTEK","Mastek Limited","EQ","Agm/Dividend-130%","5","25-Sep-2008","-","27-Sep-2008","06-Oct-2008"
"JETAIRWAYS","Jet Airways (India) Limited","EQ","Annual General Meeting","10","25-Sep-2008","-","27-Sep-2008","29-Sep-2008"
"PASUPATI","Pasupati Fabrics Limited","EQ","Annual General Meeting","10","25-Sep-2008","-","27-Sep-2008","30-Sep-2008"
"EMTEXIND","Emtex Industries ( India ) Limited","EQ","Annual General Meeting","10","25-Sep-2008","-","27-Sep-2008","29-Sep-2008"
"SRGINFOTEC","SRG Infotec (India) Limited","EQ","Annual General Meeting","10","25-Sep-2008","-","27-Sep-2008","30-Sep-2008"
"CUBEXTUB","Cubex Tubings Limited","EQ","Annual General Meeting","10","25-Sep-2008","-","27-Sep-2008","29-Sep-2008"
"SPMLINFRA","SPML Infra Limited","EQ","Agm/Dividend - 60%","2","25-Sep-2008","-","29-Sep-2008","30-Sep-2008"
"EONELECT","Eon Electric Limited","EQ","Annual General Meeting","10","25-Sep-2008","-","27-Sep-2008","30-Sep-2008"
"SANGAMIND","Sangam (India) Limited","EQ","Annual General Meeting","10","25-Sep-2008","-","29-Sep-2008","30-Sep-2008"
"KRISNAFILA","Krishna Filaments Limited","EQ","Annual General Meeting","10","25-Sep-2008","-","27-Sep-2008","30-Sep-2008"
"BSELINFRA","BSEL Infrastructure Realty Limited","EQ","Agm/Dividend - 5%","10","25-Sep-2008","-","27-Sep-2008","30-Sep-2008"
"MMFL","MM Forgings Limited","EQ","Bonus - 1:1","10","26-Sep-2008","30-Sep-2008","-","-"
"SANWARIA","Sanwaria Consumer Limited","EQ","Bonus 1:1","1","26-Sep-2008","30-Sep-2008","-","-"
"SUPPETRO","Supreme Petrochem Limited","EQ","Agm/Dividend - 10%","10","26-Sep-2008","-","01-Oct-2008","17-Oct-2008"
"IZMO","IZMO Limited","EQ","Annual General Meeting","10","26-Sep-2008","-","30-Sep-2008","30-Sep-2008"
"AROGRANITE","Aro Granite Industries Limited","EQ","Bonus 1:2","10","26-Sep-2008","30-Sep-2008","-","-"
"ICIL","Indo Count Industries Limited","EQ","Annual Book Closure","2","26-Sep-2008","-","01-Oct-2008","01-Oct-2008"
"AURIONPRO","Aurionpro Solutions Limited","EQ","Agm/Dividend - 17.50%","10","26-Sep-2008","-","30-Sep-2008","30-Sep-2008"
"NAMASTEXP","Namaste Exports Limited","EQ","Annual General Meeting","10","26-Sep-2008","-","30-Sep-2008","30-Sep-2008"
"NOVAPETRO","Nova Petrochemicals Limited","EQ","Annual Book Closure","10","29-Sep-2008","-","03-Oct-2008","03-Oct-2008"
"RADAAN","Radaan Mediaworks India Limited","EQ","Annual Book Closure","2","29-Sep-2008","-","03-Oct-2008","04-Oct-2008"
"MOTOGENFIN","The Motor & General Finance Limited","EQ","Interim Dividend - 20%   Purpose Revised","5","01-Oct-2008","03-Oct-2008","-","-"
"VALECHAENG","Valecha Engineering Limited","EQ","Bonus 1:2","10","01-Oct-2008","03-Oct-2008","-","-"
"RAMCOCEM","The Ramco Cements Limited","EQ","Fv Spl-Rs10tore1/Bon-1:1","1","01-Oct-2008","10-Oct-2008","-","-"
"LT","Larsen & Toubro Limited","EQ","Bonus 1:1","2","01-Oct-2008","03-Oct-2008","-","-"
"UBL","United Breweries Limited","EQ","Interim Dividend - 15%","1","01-Oct-2008","03-Oct-2008","-","-"
"PROVOGUE","Provogue (India) Limited","EQ","Fv Split Rs.10/- To Rs.2/","2","03-Oct-2008","13-Oct-2008","-","-"
"SUPREMEIND","Supreme Industries Limited","EQ","Dividend - 45%","2","03-Oct-2008","-","07-Oct-2008","14-Oct-2008"
"GAIL","GAIL (India) Limited","EQ","Bonus 1:2","10","06-Oct-2008","07-Oct-2008","-","-"
"HIRECT","Hirect Limited","EQ","Bonus - 1:1","2","06-Oct-2008","07-Oct-2008","-","-"
"LYKALABS","Lyka Labs Limited","EQ","Annual General Meeting","10","07-Oct-2008","-","10-Oct-2008","16-Oct-2008"
"GLFL","Gujarat Lease Financing Limited","EQ","Annual General Meeting","10","08-Oct-2008","-","13-Oct-2008","18-Oct-2008"
"EIDPARRY","EID Parry India Limited","EQ","Special Dividend - 200%","1","08-Oct-2008","10-Oct-2008","-","-"
"DISHTV","Dish TV India Limited","EQ","Rights-121:100 Prem@Rs.21","1","08-Oct-2008","16-Oct-2008","-","-"
"GILLETTE","Gillette India Limited","EQ","Agm/Div-Rs12.50 Per Share","10","08-Oct-2008","-","11-Oct-2008","22-Oct-2008"
"PRSMJOHNSN","Prism Johnson Limited","EQ","Interim Dividend - 10%   Purpose Revised","10","10-Oct-2008","13-Oct-2008","-","-"
"AIAENG","AIA Engineering Limited","EQ","Fv Split Rs.10/- To Rs.2/Rd Date Revised","2","13-Oct-2008","20-Oct-2008","-","-"
"ARE&M","Amara Raja Energy & Mobility Limited","EQ","Bonus 1:2","1","14-Oct-2008","15-Oct-2008","-","-"
"GREAVESCOT","Greaves Cotton Limited","EQ","Annual General Meeting   Bc End Date Revised","2","15-Oct-2008","-","17-Oct-2008","18-Oct-2008"
"BIRLACOT","Birla Cotsyn (India) Limited","EQ","Agm/Dividend - 0.58%","1","16-Oct-2008","-","20-Oct-2008","24-Oct-2008"
"CTE","Cambridge Technology Enterprises Limited","EQ","Agm/Dividend - 5%        Purpose Revised","10","16-Oct-2008","-","20-Oct-2008","23-Oct-2008"
"INFY","Infosys Limited","EQ","Interim Dividend - 200%  Purpose Revised","5","16-Oct-2008","17-Oct-2008","-","-"
"GMDCLTD","Gujarat Mineral Development Corporation Limited","EQ","Bonus 1:1","2","16-Oct-2008","17-Oct-2008","-","-"
"ANTELOPUS","Antelopus Selan Energy Limited","EQ","Interim Dividend - 15%","10","16-Oct-2008","18-Oct-2008","-","-"
"SIL","Standard Industries Limited","EQ","Interim Dividend - 10%","5","16-Oct-2008","17-Oct-2008","-","-"
"ACLGATI","Allcargo Gati Limited","EQ","Agm/Dividend - 40%","2","16-Oct-2008","-","18-Oct-2008","22-Oct-2008"
"SOUTHBANK","The South Indian Bank Limited","EQ","Bonus 1:4","1","16-Oct-2008","17-Oct-2008","-","-"
"IOB","Indian Overseas Bank","EQ","Egm","10","16-Oct-2008","17-Oct-2008","-","-"
"GUJNRECOKE","Gujarat NRE Coke Limited","EQ","Bonus 2:5","10","17-Oct-2008","20-Oct-2008","-","-"
"SONATSOFTW","Sonata Software Limited","EQ","Interim Dividend - 50%   Purpose Revised","1","17-Oct-2008","20-Oct-2008","-","-"
"GVT&D","GE Vernova T&D India Limited","EQ","Fv Split Rs.10/- To Rs.2/Rd Date Revised","2","22-Oct-2008","31-Oct-2008","-","-"
"HCLTECH","HCL Technologies Limited","EQ","Div Final 150%+Int 150%  Bc Start Date Revised","2","22-Oct-2008","-","24-Oct-2008","24-Oct-2008"
"FOSECOIND","Foseco India Limited","EQ","3rd Int Div-Rs.3/ Per Sh Purpose Revised","10","23-Oct-2008","24-Oct-2008","-","-"
"AFTEK","Aftek Limited","EQ","Agm/Dividend - 25%","2","23-Oct-2008","-","27-Oct-2008","31-Oct-2008"
"KESARENT","Kesar Enterprises Limited","EQ","Agm/Dividend - 5%","10","23-Oct-2008","-","27-Oct-2008","31-Oct-2008"
"MARICO","Marico Limited","EQ","1st Interim Dividend-30% Purpose Revised","1","24-Oct-2008","27-Oct-2008","-","-"
"CGPOWER","CG Power and Industrial Solutions Limited","EQ","Interim Dividend - 35%   Purpose Revised","2","27-Oct-2008","29-Oct-2008","-","-"
"TECHM","Tech Mahindra Limited","EQ","Interim Dividend - 40%   Purpose Revised","5","27-Oct-2008","29-Oct-2008","-","-"
"TCS","Tata Consultancy Services Limited","EQ","2nd Int. Div.-Rs.3 Per Sh","1","29-Oct-2008","31-Oct-2008","-","-"
"KCP","KCP Limited","EQ","Interim Dividend - 25%   Purpose Revised","1","29-Oct-2008","31-Oct-2008","-","-"
"UNICHEMLAB","Unichem Laboratories Limited","EQ","Interim Dividend - 60%   Purpose Revised","2","29-Oct-2008","31-Oct-2008","-","-"
"ASIANPAINT","Asian Paints Limited","EQ","Interim Dividend - 65%   Purpose Revised","1","29-Oct-2008","31-Oct-2008","-","-"
"SCI","Shipping Corporation Of India Limited","EQ","Bonus 1:2","10","29-Oct-2008","31-Oct-2008","-","-"
"JPPOWER","Jaiprakash Power Ventures Limited","EQ","Interim Dividend - 7.5%  Purpose Revised","10","29-Oct-2008","31-Oct-2008","-","-"
"DELTACORP","Delta Corp Limited","EQ","Scheme Of Arrangement    Rd Date Revised","1","29-Oct-2008","06-Nov-2008","-","-"
"JPASSOCIAT","Jaiprakash Associates Limited","EQ","1st Interim Dividend-15% Purpose Revised","2","29-Oct-2008","31-Oct-2008","-","-"
"SATYAMCOMP","Satyam Computer Services Limited","EQ","Interim Dividend - 50%","2","29-Oct-2008","01-Nov-2008","-","-"
"JYOTHYLAB","Jyothy Labs Limited","EQ","Agm/Div-F Rs7.5+Spl Rs2.5","1","29-Oct-2008","-","01-Nov-2008","11-Nov-2008"
"HCL-INSYS","HCL Infosystems Limited","EQ","Agm/Div-Fin 100%+Int 100%Purpose Revised","2","29-Oct-2008","-","03-Nov-2008","04-Nov-2008"
"GDL","Gateway Distriparks Limited","EQ","Interim Dividend - 15%   Purpose Revised","10","29-Oct-2008","31-Oct-2008","-","-"
"RAMCOIND","Ramco Industries Limited","EQ","Interim Dividend - 50%   Purpose Revised","1","29-Oct-2008","31-Oct-2008","-","-"
"GSKCONS","GlaxoSmithKline Consumer Healthcare Limited","EQ","Int Div - Rs. 10/- Per Shpurpose Revised","10","29-Oct-2008","31-Oct-2008","-","-"
"VARUNSHIP","Varun Shipping Company Limited","EQ","2nd Interim Dividend -15%Purpose Revised","10","29-Oct-2008","31-Oct-2008","-","-"
"UPL","UPL Limited","EQ","Bonus 1:1","2","29-Oct-2008","31-Oct-2008","-","-"
"TIMETECHNO","Time Technoplast Limited","EQ","Fv Split Rs.10/- To Re.1/Record Date Revised","1","29-Oct-2008","06-Nov-2008","-","-"
"AARTIIND","Aarti Industries Limited","EQ","Interim Dividend - 36%   Purpose Revised","5","31-Oct-2008","03-Nov-2008","-","-"
"SRF","SRF Limited","EQ","Interim Dividend - 50%   Purpose Revised","10","31-Oct-2008","03-Nov-2008","-","-"
"CRISIL","Crisil Limited","EQ","2nd Int Div-Rs. 25 Per Shpurpose Revised","1","31-Oct-2008","03-Nov-2008","-","-"
"GESHIP","The Great Eastern Shipping Company Limited","EQ","Int Div-Rs.2.50 Per Sharepurpose Revised","10","31-Oct-2008","03-Nov-2008","-","-"
"GODREJCP","Godrej Consumer Products Limited","EQ","2nd Interim Dividend -75%Purpose Revised","1","31-Oct-2008","03-Nov-2008","-","-"
"PAGEIND","Page Industries Limited","EQ","2nd Interim Dividend-40% Purpose Revised","10","03-Nov-2008","04-Nov-2008","-","-"
"FMGOETZE","Federal-Mogul Goetze (India) Limited.","EQ","Rights 71:100 Prem@Rs.46","10","03-Nov-2008","10-Nov-2008","-","-"
"OPTOCIRCUI","Opto Circuits (India) Limited","EQ","Bonus 7:10","10","03-Nov-2008","04-Nov-2008","-","-"
"ARCHIDPLY","Archidply Industries Limited","EQ","Interim Dividend - 20%","10","04-Nov-2008","05-Nov-2008","-","-"
"FEL","Future Enterprises Limited","EQ","Agm/Div-30%/Bon 1dvr:10eq","2","05-Nov-2008","-","07-Nov-2008","10-Nov-2008"
"MPSLTD","MPS Limited","EQ","Scheme Of Arrangement","10","05-Nov-2008","12-Nov-2008","-","-"
"NAVINFLUOR","Navin Fluorine International Limited","EQ","Interim Dividend - 50%","2","06-Nov-2008","07-Nov-2008","-","-"
"JINDRILL","Jindal Drilling And Industries Limited","EQ","Fv Split-Rs10/- To Rs5/-","5","06-Nov-2008","14-Nov-2008","-","-"
"RATNAMANI","Ratnamani Metals & Tubes Limited","EQ","Fv Split Rs.10/- To Rs.2/","2","06-Nov-2008","14-Nov-2008","-","-"
"INGERRAND","Ingersoll Rand (India) Limited","EQ","Int Div-Rs.3 Per Share","10","06-Nov-2008","07-Nov-2008","-","-"
"TIIL","Technocraft Industries (India) Limited","EQ","Agm/Dividend - 10%","10","06-Nov-2008","-","08-Nov-2008","14-Nov-2008"
"MINDTREE","MindTree Limited","EQ","Interim Dividend - 10%","10","06-Nov-2008","07-Nov-2008","-","-"
"BANKBARODA","Bank of Baroda","EQ","Egm-Election Of Directors","2","06-Nov-2008","07-Nov-2008","-","-"
"MRF","MRF Limited","EQ","2nd Interim Dividend-30%","10","06-Nov-2008","07-Nov-2008","-","-"
"NEPCTEX","Nepc Textiles Limited","EQ","Annual General Meeting","10","06-Nov-2008","-","10-Nov-2008","14-Nov-2008"
"SNOWCEMIND","Snowcem India Limited","EQ","Annual General Meeting","10","07-Nov-2008","-","11-Nov-2008","14-Nov-2008"
"IPCALAB","IPCA Laboratories Limited","EQ","Interim Dividend - 40%   Purpose Revised","1","07-Nov-2008","10-Nov-2008","-","-"
"KSB","Ksb Limited","EQ","Interim Dividend - 20%","2","10-Nov-2008","11-Nov-2008","-","-"
"SHRIRAMFIN","Shriram Finance Limited","EQ","Interim Dividend - 10%","2","10-Nov-2008","11-Nov-2008","-","-"
"MONSANTO","Monsanto India Limited","EQ","Int Div -Rs. 12 Per Share","10","10-Nov-2008","11-Nov-2008","-","-"
"ALFALAVAL","Alfa Laval (India) Limited","EQ","Interim Dividend - 100%","10","11-Nov-2008","12-Nov-2008","-","-"
"NECLIFE","Nectar Lifesciences Limited","EQ","Fv Split Rs.10/- To Re.1/","1","12-Nov-2008","20-Nov-2008","-","-"
"PNB","Punjab National Bank","EQ","Egm-Election Of Directors","2","12-Nov-2008","14-Nov-2008","-","-"
"ROLTA","Rolta India Limited","EQ","Agm/Div-Rs.3 Per Share","10","12-Nov-2008","-","17-Nov-2008","24-Nov-2008"
"ECLERX","eClerx Services Limited","EQ","Interim Dividend - 25%","10","14-Nov-2008","17-Nov-2008","-","-"
"63MOONS","63 moons technologies limited","EQ","2nd Interim Dividend-100%","2","14-Nov-2008","17-Nov-2008","-","-"
"KESORAMIND","Kesoram Industries Limited","EQ","Int Div-Rs.2.25 Per Share","10","17-Nov-2008","18-Nov-2008","-","-"
"SHRIRAMCIT","Shriram City Union Finance Limited","EQ","Interim Dividend - 10%","10","17-Nov-2008","18-Nov-2008","-","-"
"GREAVESCOT","Greaves Cotton Limited","EQ","1st Interim Dividend- 15%","2","17-Nov-2008","18-Nov-2008","-","-"
"INSPIRISYS","Inspirisys Solutions Limited","EQ","Interim Dividend - 10%","10","18-Nov-2008","19-Nov-2008","-","-"
"NAHARCAP","Nahar Capital and Financial Services Limited","EQ","Dividend - 30%","5","19-Nov-2008","-","21-Nov-2008","29-Nov-2008"
"RAMSARUP","Ramsarup Industries Limited","EQ","Agm/Dividend - 2.5%      Purpose Revised","10","19-Nov-2008","-","21-Nov-2008","29-Nov-2008"
"BALLARPUR","Ballarpur Industries Limited","EQ","Agm/Dividend - 35%","2","20-Nov-2008","-","22-Nov-2008","02-Dec-2008"
"VINCARDS","Vintage Cards & Creations Limited","EQ","Annual General Meeting","10","20-Nov-2008","-","24-Nov-2008","29-Nov-2008"
"ORIENTPRES","Orient Press Limited","EQ","Annual General Meeting","10","20-Nov-2008","-","24-Nov-2008","29-Nov-2008"
"ASIANELEC","Asian Electronics Limited","EQ","Annual General Meeting","5","20-Nov-2008","-","24-Nov-2008","29-Nov-2008"
"DVL","Dhunseri Ventures Limited","EQ","Agm/Dividend - 20%","10","21-Nov-2008","-","25-Nov-2008","28-Nov-2008"
"PHOENIXLL","Phoenix Lamps Limited","EQ","Egm","10","21-Nov-2008","24-Nov-2008","-","-"
"PRUDMOULI","Prudential Sugar Corporation Limited","EQ","Annual General Meeting","10","24-Nov-2008","-","26-Nov-2008","29-Nov-2008"
"BIRLAPOWER","Birla Power Solutions Limited","EQ","Agm/Dividend - 3%","1","24-Nov-2008","-","26-Nov-2008","28-Nov-2008"
"AMAR","Amar Remedies Limited","EQ","Annual General Meeting","10","26-Nov-2008","-","28-Nov-2008","05-Dec-2008"
"AIAENG","AIA Engineering Limited","EQ","Interim Dividend - 30%","2","28-Nov-2008","28-Nov-2008","-","-"
"EDL","Empee Distilleries Limited","EQ","Agm/Div-Rs.2/- Per Share","10","28-Nov-2008","-","01-Dec-2008","08-Dec-2008"
"INDLMETER","IMP Powers Limited","EQ","Annual General Meeting","10","28-Nov-2008","-","29-Nov-2008","05-Dec-2008"
"DCMFINSERV","DCM Financial Services Limited","EQ","Annual General Meeting","10","02-Dec-2008","-","04-Dec-2008","16-Dec-2008"
"APTECHT","Aptech Limited","EQ","Annual Book Closure","10","02-Dec-2008","-","04-Dec-2008","12-Dec-2008"
"KOTHARIPRO","Kothari Products Limited","EQ","Scheme Of Arrangement","10","03-Dec-2008","11-Dec-2008","-","-"
"WINDSOR","Windsor Machines Limited","EQ","Annual General Meeting","10","04-Dec-2008","-","08-Dec-2008","17-Dec-2008"
"NRC","NRC Limited","EQ","Annual General Meeting","10","04-Dec-2008","-","06-Dec-2008","18-Dec-2008"
"UPERGANGES","Upper Ganges Sugar & Industries Limited","EQ","Annual General Meeting","10","11-Dec-2008","-","15-Dec-2008","19-Dec-2008"
"OUDHSUG","The Oudh Sugar Mills Limited","EQ","Annual General Meeting","10","11-Dec-2008","-","15-Dec-2008","18-Dec-2008"
"INDOCO","Indoco Remedies Limited","EQ","Interim Dividend - 32.5%","2","11-Dec-2008","12-Dec-2008","-","-"
"TRIGYN","Trigyn Technologies Limited","EQ","Annual General Meeting","10","11-Dec-2008","-","15-Dec-2008","23-Dec-2008"
"NOVASTEEL","Nova Steel India Limited","EQ","Annual General Meeting","10","11-Dec-2008","-","18-Dec-2008","27-Dec-2008"
"SAMTEL","Samtel Color Limited","EQ","Annual General Meeting","10","11-Dec-2008","-","15-Dec-2008","22-Dec-2008"
"GUFICBIO","Gufic Biosciences Limited","EQ","Agm/Dividend - 5%","1","11-Dec-2008","-","15-Dec-2008","20-Dec-2008"
"COLPAL","Colgate Palmolive (India) Limited","EQ","1st Int Div-Rs.9 Per Sh  Purpose Revised","1","12-Dec-2008","15-Dec-2008","-","-"
"JYOTHYLAB","Jyothy Labs Limited","EQ","Fv Split Rs.5/- To Re.1/-","1","12-Dec-2008","19-Dec-2008","-","-"
"ZFCVINDIA","ZF Commercial Vehicle Control Systems India Limited","EQ","Int Div-Rs.2.50 Per Sharepurpose Revised","5","12-Dec-2008","15-Dec-2008","-","-"
"SUNCLAYTON","Sundaram Clayton Limited","EQ","Int Div-Re.1/- Per Share Purpose Revised","5","12-Dec-2008","15-Dec-2008","-","-"
"GARDENSILK","Garden Silk Mills Limited","EQ","Agm/Dividend - 15%","10","12-Dec-2008","-","16-Dec-2008","23-Dec-2008"
"CUMMINSIND","Cummins India Limited","EQ","Special Dividend - 120%  Purpose Revised","2","15-Dec-2008","16-Dec-2008","-","-"
"GRANULES","Granules India Limited","EQ","Agm/Dividend - 12.5%","1","15-Dec-2008","-","17-Dec-2008","19-Dec-2008"
"INDOTECH","Indo Tech Transformers Limited","EQ","Interim Dividend - 85%","10","15-Dec-2008","16-Dec-2008","-","-"
"ENTEGRA","Entegra Limited","EQ","Annual General Meeting","10","15-Dec-2008","-","17-Dec-2008","19-Dec-2008"
"THIRUSUGAR","Thiru Arooran Sugars Limited","EQ","Annual General Meeting","10","15-Dec-2008","-","17-Dec-2008","24-Dec-2008"
"NOVAELEMAG","Nova Electro Magnetics Limited","EQ","Annual General Meeting","10","17-Dec-2008","-","19-Dec-2008","26-Dec-2008"
"NOESISIND","Noesis Industries Limited","EQ","Annual General Meeting","10","17-Dec-2008","-","19-Dec-2008","23-Dec-2008"
"JBFIND","JBF Industries Limited","EQ","Agm/Dividend - 15%","10","18-Dec-2008","-","22-Dec-2008","30-Dec-2008"
"NOVOPANIND","Novopan Industries Limited","EQ","Annual General Meeting","10","18-Dec-2008","-","22-Dec-2008","27-Dec-2008"
"INDOWIND","Indowind Energy Limited","EQ","Annual General Meeting","10","18-Dec-2008","-","22-Dec-2008","29-Dec-2008"
"XLENERGY","XL Energy Limited","EQ","Agm/Dividend - 15%","10","18-Dec-2008","-","20-Dec-2008","24-Dec-2008"
"CANDC","C & C Constructions Limited","EQ","Agm/Dividend - 27.5%","10","18-Dec-2008","-","22-Dec-2008","27-Dec-2008"
"TRIVENI","Triveni Engineering & Industries Limited","EQ","Dividend-60%","1","18-Dec-2008","-","20-Dec-2008","26-Dec-2008"
"INDUSFILA","Indus Fila Limited","EQ","Agm/Dividend - 5%        Purpose Revised","10","18-Dec-2008","-","20-Dec-2008","27-Dec-2008"
"UBHOLDINGS","United Breweries (Holdings) Limited","EQ","Agm/Dividend - 10%","10","19-Dec-2008","-","23-Dec-2008","26-Dec-2008"
"UNITDSPR","United Spirits Limited","EQ","Agm/Dividend - 15%","2","19-Dec-2008","-","23-Dec-2008","26-Dec-2008"
"THOMASCOOK","Thomas Cook  (India)  Limited","EQ","Rhgt 35:100@Prem Rs.34.50","1","19-Dec-2008","27-Dec-2008","-","-"
"DHANUS","Dhanus Technologies Limited","EQ","Annual General Meeting   Purpose Revised","10","19-Dec-2008","-","23-Dec-2008","24-Dec-2008"
"KFA","Kingfisher Airlines Limited","EQ","Annual General Meeting","10","19-Dec-2008","-","23-Dec-2008","26-Dec-2008"
"WELLWININD","Wellwin Industry Limited","EQ","Annual General Meeting","10","19-Dec-2008","-","23-Dec-2008","30-Dec-2008"
"GUJAPOLLO","Gujarat Apollo Industries Limited","EQ","Bonus 1:2","10","19-Dec-2008","22-Dec-2008","-","-"
"DCHL","Deccan Chronicle Holdings Limited","EQ","Interim Dividend - 100%  Purpose Revised","2","22-Dec-2008","23-Dec-2008","-","-"
"RENUKA","Shree Renuka Sugars Limited","EQ","Agm/Dividend - 20%","1","22-Dec-2008","-","24-Dec-2008","02-Jan-2009"
"FEDDERELEC","Fedders Electric and Engineering Limited","EQ","Annual General Meeting","10","22-Dec-2008","-","24-Dec-2008","26-Dec-2008"
"MIC","MIC Electronics Limited","EQ","Agm/Dividend - 20%","2","22-Dec-2008","-","24-Dec-2008","27-Dec-2008"
"PIONEEREMB","Pioneer Embroideries Limited","EQ","Annual General Meeting","10","22-Dec-2008","-","24-Dec-2008","27-Dec-2008"
"ESCORTS","Escorts Kubota Limited","EQ","Annual Book Closure","10","23-Dec-2008","-","26-Dec-2008","30-Dec-2008"
"KUNDANMM","Kundan Minerals and Metals Limited","EQ","Annual General Meeting","10","23-Dec-2008","-","26-Dec-2008","29-Dec-2008"
"RANASUG","Rana Sugars Limited","EQ","Annual General Meeting","10","23-Dec-2008","-","26-Dec-2008","30-Dec-2008"
"ONGC","Oil & Natural Gas Corporation Limited","EQ","Interim Dividend - 180%  Purpose Revised","5","23-Dec-2008","24-Dec-2008","-","-"
"SMSPHARMA","SMS Pharmaceuticals Limited","EQ","Agm/Dividend - 20%","1","23-Dec-2008","-","26-Dec-2008","29-Dec-2008"
"METALFORGE","Metalyst Forgings Limited","EQ","Agm/Dividend - 10%","10","24-Dec-2008","-","27-Dec-2008","31-Dec-2008"
"CASTEXTECH","Castex Technologies Limited","EQ","Agm/Dividend - 10%","2","24-Dec-2008","-","27-Dec-2008","31-Dec-2008"
"TELEDATAGL","Teledata Informatics Limited","EQ","Annual General Meeting   Purpose Revised","2","24-Dec-2008","-","29-Dec-2008","30-Dec-2008"
"PFOCUS","Prime Focus Limited","EQ","Annual General Meeting","1","24-Dec-2008","-","29-Dec-2008","31-Dec-2008"
"ASHCO","Ashco Niulab Industries Limited","EQ","Annual General Meeting","1","24-Dec-2008","-","29-Dec-2008","30-Dec-2008"
"SHLAKSHMI","Shri Lakshmi Cotsyn Limited","EQ","Agm/Dividend - 5%","10","24-Dec-2008","-","29-Dec-2008","31-Dec-2008"
"AMTEKAUTO","Amtek Auto Limited","EQ","Agm/Dividend - 25%","2","24-Dec-2008","-","27-Dec-2008","31-Dec-2008"
"SONATSOFTW","Sonata Software Limited","EQ","Special Int Div - 100%   Purpose Revised","1","26-Dec-2008","29-Dec-2008","-","-"
"ENGINERSIN","Engineers India Limited","EQ","Interim Dividend - 45%   Purpose Revised","5","29-Dec-2008","30-Dec-2008","-","-"
"ZYDUSLIFE","Zydus Lifesciences Limited","EQ","Scheme Of Arrangement","1","29-Dec-2008","05-Jan-2009","-","-"
"INDNIPPON","India Nippon Electricals Limited","EQ","Interim Dividend - 30%   Purpose Revised","5","30-Dec-2008","31-Dec-2008","-","-"
"TEXINFRA","Texmaco Infrastructure & Holdings Limited","EQ","Fv Split Rs.10/- To Re.1/","1","01-Jan-2009","09-Jan-2009","-","-"
"BBOX","Black Box Limited","EQ","Agm/Dividend - 35%","2","02-Jan-2009","-","06-Jan-2009","29-Jan-2009"
"KINETICMOT","Kinetic Motor Company Limited","EQ","Annual General Meeting","10","13-Jan-2009","-","15-Jan-2009","19-Jan-2009"
"GUJSTATFIN","Gujarat State Financial Corporation","EQ","Annual General Meeting","10","14-Jan-2009","-","21-Jan-2009","23-Jan-2009"
"SIEMENS","Siemens Limited","EQ","Agm/Dividend - 150%","2","14-Jan-2009","-","16-Jan-2009","30-Jan-2009"
"MASTEK","Mastek Limited","EQ","Int Div-Rs.2.50 Per Sharepurpose Revised","5","15-Jan-2009","16-Jan-2009","-","-"
"AUTOAXLES","Automotive Axles Limited","EQ","Fin Div-Rs.6.50 Per Share","10","15-Jan-2009","-","19-Jan-2009","21-Jan-2009"
"BALRAMCHIN","Balrampur Chini Mills Limited","EQ","Agm / Dividend - 50%","1","16-Jan-2009","-","20-Jan-2009","30-Jan-2009"
"WALCHANNAG","Walchandnagar Industries Limited","EQ","Agm/Dividend - 50%","2","21-Jan-2009","-","23-Jan-2009","29-Jan-2009"
"DENABANK","Dena Bank","EQ","Election Of Directors","10","22-Jan-2009","23-Jan-2009","-","-"
"MPHASIS","MphasiS Limited","EQ","Agm/Div-Rs.2 Per Share","10","22-Jan-2009","-","24-Jan-2009","28-Jan-2009"
"SIMBHSUGAR","Simbhaoli Sugars Limited","EQ","Annual General Meeting","10","22-Jan-2009","-","27-Jan-2009","31-Jan-2009"
"EXIDEIND","Exide Industries Limited","EQ","Interim Dividend - 40%","1","23-Jan-2009","27-Jan-2009","-","-"
"IPCALAB","IPCA Laboratories Limited","EQ","2nd Interim Dividend-30% Purpose Revised","1","27-Jan-2009","28-Jan-2009","-","-"
"TCS","Tata Consultancy Services Limited","EQ","3rd Int Div-Rs.3 Per Sh  Purpose Revised","1","28-Jan-2009","29-Jan-2009","-","-"
"BEL","Bharat Electronics Limited","EQ","Int Div-Rs.6 Per Share   Purpose Revised","1","28-Jan-2009","29-Jan-2009","-","-"
"HCLTECH","HCL Technologies Limited","EQ","2nd Interim Dividend-100%Purpose Revised","2","28-Jan-2009","29-Jan-2009","-","-"
"COROMANDEL","Coromandel International Limited","EQ","Interim Dividend - 300%  Purpose Revised","1","29-Jan-2009","30-Jan-2009","-","-"
"IIFL","IIFL Finance Limited","EQ","Int Div-Rs.2.80 Per Sharepurpose Revised","2","29-Jan-2009","30-Jan-2009","-","-"
"CGPOWER","CG Power and Industrial Solutions Limited","EQ","Interim Dividend - 40%   Purpose Revised","2","29-Jan-2009","30-Jan-2009","-","-"
"NTPC","NTPC Limited","EQ","Interim Dividend - 28%   Purpose Revised","10","29-Jan-2009","30-Jan-2009","-","-"
"GODREJCP","Godrej Consumer Products Limited","EQ","3rd Interim Dividend-100%Purpose Revised","1","29-Jan-2009","30-Jan-2009","-","-"
"ANDHRABANK","Andhra Bank","EQ","Election Of Director","10","30-Jan-2009","02-Feb-2009","-","-"
"SAIL","Steel Authority of India Limited","EQ","Interim Dividend - 13%   Purpose Revised","10","30-Jan-2009","02-Feb-2009","-","-"
"GAIL","GAIL (India) Limited","EQ","Interim Dividend - 40%   Purpose Revised","10","30-Jan-2009","02-Feb-2009","-","-"
"DABUR","Dabur India Limited","EQ","Interim Dividend - 75%   Purpose Revised","1","02-Feb-2009","03-Feb-2009","-","-"
"SUNTV","Sun TV Network Limited","EQ","Interim Dividend - 30%   Purpose Revised","5","02-Feb-2009","03-Feb-2009","-","-"
"VARUNSHIP","Varun Shipping Company Limited","EQ","3rd Interim Dividend-15% Purpose Revised","10","02-Feb-2009","03-Feb-2009","-","-"
"CUMMINSIND","Cummins India Limited","EQ","Interim Dividend - 200%  Purpose Revised","2","03-Feb-2009","04-Feb-2009","-","-"
"PAGEIND","Page Industries Limited","EQ","3rd Interim Dividend-40% Purpose Revised","10","04-Feb-2009","05-Feb-2009","-","-"
"GANDHITUBE","Gandhi Special Tubes Limited","EQ","Int Div-Rs.2.50 Per Sharepurpose Revised","5","04-Feb-2009","05-Feb-2009","-","-"
"RAMCOIND","Ramco Industries Limited","EQ","2nd Interim Dividend-50% Purpose Revised","1","04-Feb-2009","05-Feb-2009","-","-"
"MUKTAARTS","Mukta Arts Limited","EQ","Interim Dividend - 20%","5","04-Feb-2009","05-Feb-2009","-","-"
"RAMCOCEM","The Ramco Cements Limited","EQ","Int Div-Re.1 Per Share   Purpose Revised","1","04-Feb-2009","05-Feb-2009","-","-"
"POWERGRID","Power Grid Corporation of India Limited","EQ","Interim Dividend - 5%    Purpose Revised","10","04-Feb-2009","05-Feb-2009","-","-"
"HCL-INSYS","HCL Infosystems Limited","EQ","2nd Interim Dividend-75% Purpose Revised","2","04-Feb-2009","05-Feb-2009","-","-"
"POLARIS","POLARIS CONSULTING & SERVICES LIMITED","EQ","Interim Dividend - 30%","5","05-Feb-2009","06-Feb-2009","-","-"
"AUROPHARMA","Aurobindo Pharma Limited","EQ","Interim Dividend - 60%   Purpose Revised","1","05-Feb-2009","06-Feb-2009","-","-"
"PSL","PSL Limited","EQ","Int Div-Rs.2.50 Per Sharepurpose Revised","10","05-Feb-2009","06-Feb-2009","-","-"
"REIAGROLTD","Rei Agro Limited","EQ","Fv Split Rs.10/- To Re.1/","1","05-Feb-2009","12-Feb-2009","-","-"
"GLOBOFFS","Global Offshore Services Limited","EQ","Interim Dividend - 6%    Purpose Revised","10","06-Feb-2009","09-Feb-2009","-","-"
"KCP","KCP Limited","EQ","Interim Dividend-25%     Purpose Revised","1","06-Feb-2009","09-Feb-2009","-","-"
"PRAJIND","Praj Industries Limited","EQ","Int Div-65%+Spl Div-25%  Purpose Revised","2","06-Feb-2009","09-Feb-2009","-","-"
"CONCOR","Container Corporation of India Limited","EQ","Interim Dividend - 60%","5","09-Feb-2009","10-Feb-2009","-","-"
"GESHIP","The Great Eastern Shipping Company Limited","EQ","Int Div-Rs.2.50 Per Sharepurpose Revised","10","10-Feb-2009","11-Feb-2009","-","-"
"63MOONS","63 moons technologies limited","EQ","3rd Interim Dividend-100%","2","11-Feb-2009","12-Feb-2009","-","-"
"RANEHOLDIN","Rane Holdings Limited","EQ","Int Div-Rs.4 Per Share","10","12-Feb-2009","13-Feb-2009","-","-"
"STCINDIA","The State Trading Corporation of India Limited","EQ","Interim Dividend - 25%","10","12-Feb-2009","13-Feb-2009","-","-"
"IRB","IRB Infrastructure Developers Limited","EQ","Interim Dividend - 10%   Purpose Revised","1","12-Feb-2009","13-Feb-2009","-","-"
"NATIONALUM","National Aluminium Company Limited","EQ","Interim Dividend - 35%","5","12-Feb-2009","13-Feb-2009","-","-"
"DALMIASUG","Dalmia Bharat Sugar and Industries Limited","EQ","Interim Dividend - 50%","2","12-Feb-2009","14-Feb-2009","-","-"
"GEODESIC","Geodesic Limited","EQ","Interim Dividend - 40%","2","16-Feb-2009","17-Feb-2009","-","-"
"BHEL","Bharat Heavy Electricals Limited","EQ","Interim Dividend - 90%","2","17-Feb-2009","18-Feb-2009","-","-"
"SUPRAJIT","Suprajit Engineering Limited","EQ","Interim Dividend - 20%","1","18-Feb-2009","19-Feb-2009","-","-"
"NMDC","NMDC Limited","EQ","Interim Dividend -103%","1","18-Feb-2009","20-Feb-2009","-","-"
"ADANIPORTS","Adani Ports and Special Economic Zone Limited","EQ","Int Div-Rs.2/- Per Share Purpose Revised","2","18-Feb-2009","19-Feb-2009","-","-"
"AMBUJACEM","Ambuja Cements Limited","EQ","Final Dividend - 50%","2","18-Feb-2009","-","21-Feb-2009","02-Mar-2009"
"SUJANATOW","Sujana Tower Limited","EQ","Annual General Meeting","1","24-Feb-2009","-","26-Feb-2009","26-Feb-2009"
"SUJANAUNI","Sujana Universal Industries Limited","EQ","Annual General Meeting","10","24-Feb-2009","-","26-Feb-2009","26-Feb-2009"
"PFC","Power Finance Corporation Limited","EQ","Interim Dividend - 26.5% Purpose Revised","10","24-Feb-2009","25-Feb-2009","-","-"
"RECLTD","REC Limited","EQ","Int Div-Rs.2/- Per Share Purpose Revised","10","26-Feb-2009","27-Feb-2009","-","-"
"GUJSIDHCEM","Gujarat Sidhee Cements Limited","EQ","Annual General Meeting","10","27-Feb-2009","-","03-Mar-2009","05-Mar-2009"
"CORALHUB","Coral Hub Limited","EQ","Fv Split Rs.10/- To Re.1/","1","27-Feb-2009","06-Mar-2009","-","-"
"SUNDARMFIN","Sundaram Finance Limited","EQ","Interim Dividend - 40%   Purpose Revised","10","04-Mar-2009","05-Mar-2009","-","-"
"VISHALEXPO","Vishal Exports Overseas Limited","EQ","Annual General Meeting","1","05-Mar-2009","-","09-Mar-2009","13-Mar-2009"
"MRF","MRF Limited","EQ","Agm/Dividend - 140%","10","06-Mar-2009","-","10-Mar-2009","19-Mar-2009"
"DHAMPURSUG","Dhampur Sugar Mills Limited","EQ","Annual General Meeting   Bc Start Date Revised","10","06-Mar-2009","-","11-Mar-2009","17-Mar-2009"
"MICRO","Micro Inks Limited","EQ","Agm/Div-Rs. 6/- Per Share","10","06-Mar-2009","-","11-Mar-2009","14-Mar-2009"
"ARIHANT","Arihant Foundations & Housing Limited","EQ","Agm/Final Dividend - 10%","10","09-Mar-2009","-","13-Mar-2009","20-Mar-2009"
"INDIANB","Indian Bank","EQ","Interim Dividend - 20%","10","09-Mar-2009","12-Mar-2009","-","-"
"CORPBANK","Corporation Bank","EQ","Int Div-Rs.4.50 Per Share","2","12-Mar-2009","13-Mar-2009","-","-"
"LML","LML Limited","EQ","Annual General Meeting","10","12-Mar-2009","-","14-Mar-2009","21-Mar-2009"
"WANBURY","Wanbury Limited","EQ","Agm/Dividend - 5%","10","12-Mar-2009","-","16-Mar-2009","23-Mar-2009"
"BAJAJHIND","Bajaj Hindusthan Sugar Limited","EQ","Agm/Dividend - 60%","1","12-Mar-2009","-","14-Mar-2009","24-Mar-2009"
"VALUEIND","Value Industries Limited","EQ","Agm/Div - 0.50 Per Share","10","13-Mar-2009","-","17-Mar-2009","30-Mar-2009"
"INDOTECH","Indo Tech Transformers Limited","EQ","2nd Interim Dividend-39% Purpose Revised","10","13-Mar-2009","16-Mar-2009","-","-"
"VIDEOIND","Videocon Industries Limited","EQ","Agm/Div-Re.1/- Per Share","10","13-Mar-2009","-","17-Mar-2009","30-Mar-2009"
"BANKINDIA","Bank of India","EQ","Interim Dividend - 30%   Purpose Revised","10","13-Mar-2009","16-Mar-2009","-","-"
"GODREJCP","Godrej Consumer Products Limited","EQ","Annual Book Closure","1","13-Mar-2009","-","17-Mar-2009","17-Mar-2009"
"SAKHTISUG","Sakthi Sugars Limited","EQ","Annual General Meeting","10","13-Mar-2009","-","17-Mar-2009","31-Mar-2009"
"GUJRATGAS","Gujarat Gas Company Limited","EQ","Dividend - 150%","2","16-Mar-2009","-","18-Mar-2009","20-Mar-2009"
"CHEMPLAST","Chemplast Sanmar Limited","EQ","Rght 2:3@Prem Rs.4 Per Shpurpose Revised","1","17-Mar-2009","24-Mar-2009","-","-"
"DWARKESH","Dwarikesh Sugar Industries Limited","EQ","Annual General Meeting","1","17-Mar-2009","-","19-Mar-2009","26-Mar-2009"
"GLAXO","GlaxoSmithKline Pharmaceuticals Limited","EQ","Div Fin-Rs.22 + Spl-Rs.18","10","18-Mar-2009","-","20-Mar-2009","02-Apr-2009"
"ALOKTEXT","Alok Industries Limited","EQ","Rht 83:40@Prem Re1 Per Sh","10","18-Mar-2009","25-Mar-2009","-","-"
"KOPDRUGS","KDL Biotech Limited","EQ","Annual General Meeting","10","19-Mar-2009","-","21-Mar-2009","26-Mar-2009"
"KMSUGAR","K.M.Sugar Mills Limited","EQ","Annual General Meeting","2","19-Mar-2009","-","23-Mar-2009","26-Mar-2009"
"EIDPARRY","EID Parry India Limited","EQ","Interim Dividend - 500%  Purpose Revised","1","20-Mar-2009","23-Mar-2009","-","-"
"GRINDWELL","Grindwell Norton Limited","EQ","Agm/Div-Rs.4/- Per Share","5","20-Mar-2009","-","24-Mar-2009","26-Mar-2009"
"CRISIL","Crisil Limited","EQ","Agm/Div-Rs.35/- Per Share","1","20-Mar-2009","-","24-Mar-2009","25-Mar-2009"
"LAKSHMIEFL","Lakshmi Energy and Foods Limited","EQ","Agm/Dividend - 25%","2","23-Mar-2009","-","25-Mar-2009","27-Mar-2009"
"AMJLAND","Amj Land Holdings Limited","EQ","Fv Split Rs.10/- To Rs.2/","2","23-Mar-2009","31-Mar-2009","-","-"
"AUSTRAL","Austral Coke & Projects Limited","EQ","Interim Dividend - 10%","1","24-Mar-2009","25-Mar-2009","-","-"
"ACC","ACC Limited","EQ","Agm/Div-Rs.10/- Per Share","10","24-Mar-2009","-","26-Mar-2009","08-Apr-2009"
"BFUTILITIE","BF Utilities Limited","EQ","Annual General Meeting","5","25-Mar-2009","-","30-Mar-2009","30-Mar-2009"
"WENDT","Wendt (India) Limited","EQ","Interim Dividend-100%    Purpose Revised","10","25-Mar-2009","28-Mar-2009","-","-"
"HONAUT","Honeywell Automation India Limited","EQ","Annual General Meeting","10","30-Mar-2009","-","02-Apr-2009","09-Apr-2009"
"CGPOWER","CG Power and Industrial Solutions Limited","EQ","3rd Interim Dividend-25% Purpose Revised","2","30-Mar-2009","31-Mar-2009","-","-"
"SCHAEFFLER","Schaeffler India Limited","EQ","Dividend-Rs. 4.50 Per Shr","2","30-Mar-2009","-","01-Apr-2009","03-Apr-2009"
"SRF","SRF Limited","EQ","2nd Interim Dividend-50% Purpose Revised","10","31-Mar-2009","03-Apr-2009","-","-"
"PFIZER","Pfizer Limited","EQ","Dividend-Rs.12.50/ Per Sh","10","31-Mar-2009","-","06-Apr-2009","15-Apr-2009"
"FOSECOIND","Foseco India Limited","EQ","Agm/Fin Div-Rs.1.50 Pr Shpurpose Revised","10","31-Mar-2009","-","06-Apr-2009","15-Apr-2009"
"KSB","Ksb Limited","EQ","Agm/Dividend - 35%","2","02-Apr-2009","-","08-Apr-2009","21-Apr-2009"
"SKFINDIA","SKF India Limited","EQ","Agm/Dividend - 45%","10","02-Apr-2009","-","07-Apr-2009","23-Apr-2009"
"BLUEDART","Blue Dart Express Limited","EQ","Agm/Dividend - 10%","10","02-Apr-2009","-","08-Apr-2009","15-Apr-2009"
"PGHL","Procter & Gamble Health Limited","EQ","Agm/Div-Rs.17.50 Per Shre","10","06-Apr-2009","-","09-Apr-2009","20-Apr-2009"
"SANOFI","Sanofi India Limited","EQ","Agm/Div-Rs.12.50 Per Shre","10","06-Apr-2009","-","09-Apr-2009","28-Apr-2009"
"CASTROL","Castrol India Limited","EQ","Final Div-Rs.9 Per Share Purpose Revised","10","06-Apr-2009","-","09-Apr-2009","30-Apr-2009"
"ISMTLTD","ISMT Limited","EQ","Int Div-Re.0.50 Per Sharepurpose Revised","5","08-Apr-2009","10-Apr-2009","-","-"
"COLPAL","Colgate Palmolive (India) Limited","EQ","2nd Int Div-Rs.6/- Per Shpurpose Revised","1","08-Apr-2009","09-Apr-2009","-","-"
"STYRENIX","Styrenix Performance Materials Limited","EQ","Agm/Dividend - 25%","10","08-Apr-2009","-","13-Apr-2009","17-Apr-2009"
"ALFALAVAL","Alfa Laval (India) Limited","EQ","Agm/Dividend - 150%","10","09-Apr-2009","-","14-Apr-2009","28-Apr-2009"
"SUDARCOLOR","Sudarshan Colorants India Limited","EQ","Agm/Div-Rs19/- Per Share","10","09-Apr-2009","-","15-Apr-2009","29-Apr-2009"
"ESABINDIA","Esab India Limited","EQ","Agm/Dividend - 25%","10","09-Apr-2009","-","14-Apr-2009","22-Apr-2009"
"GSKCONS","GlaxoSmithKline Consumer Healthcare Limited","EQ","Agm/Div-Rs.5 Per Share","10","13-Apr-2009","-","16-Apr-2009","24-Apr-2009"
"SEAMECLTD","Seamec Limited","EQ","Annual General Meeting","10","13-Apr-2009","-","16-Apr-2009","21-Apr-2009"
"TIMKEN","Timken India Limited","EQ","Annual General Meeting   Bc Start Date Revised","10","15-Apr-2009","-","17-Apr-2009","24-Apr-2009"
"PAGEIND","Page Industries Limited","EQ","1st Interim Dividend-70% Purpose Revised","10","15-Apr-2009","16-Apr-2009","-","-"
"STAR","Strides Pharma Science Limited","EQ","Annual General Meeting","10","16-Apr-2009","-","18-Apr-2009","24-Apr-2009"
"RSYSTEMS","R Systems International Limited","EQ","Agm/Dividend - 24%","1","16-Apr-2009","-","18-Apr-2009","27-Apr-2009"
"VESUVIUS","Vesuvius India Limited","EQ","Agm/Dividend - 20%","1","17-Apr-2009","-","21-Apr-2009","28-Apr-2009"
"HUHTAMAKI","Huhtamaki India Limited","EQ","Agm/Dividend-90%","2","17-Apr-2009","-","21-Apr-2009","28-Apr-2009"
"RSWM","RSWM Limited","EQ","Scheme Of Arrangement","10","17-Apr-2009","24-Apr-2009","-","-"
"SYNDIBANK","Syndicate Bank","EQ","Interim Dividend - 15%","10","20-Apr-2009","21-Apr-2009","-","-"
"3MINDIA","3M India Limited","EQ","Annual General Meeting","10","21-Apr-2009","-","23-Apr-2009","29-Apr-2009"
"SBT","State Bank of Travancore","EQ","Dividend - 130%          Purpose Revised","10","22-Apr-2009","-","29-Apr-2009","05-May-2009"
"CEMPRO","Cemindia Projects Limited","EQ","Agm/Div-Re.1/- Per Share","1","22-Apr-2009","-","24-Apr-2009","29-Apr-2009"
"CHEMFALKAL","Chemfab Alkalis Limited","EQ","Annual General Meeting","5","23-Apr-2009","-","26-Apr-2009","30-Apr-2009"
"SBBJ","State Bank of Bikaner and Jaipur","EQ","Dividend - 120%          Purpose Revised","10","23-Apr-2009","-","30-Apr-2009","07-May-2009"
"DENORA","De Nora India Limited","EQ","Agm/Div-Rs.2.50/-Pershare","10","24-Apr-2009","-","28-Apr-2009","30-Apr-2009"
"BIRLAPOWER","Birla Power Solutions Limited","EQ","Fv Split Rs.10/- To Rs.1/","1","24-Apr-2009","05-May-2009","-","-"
"HCLTECH","HCL Technologies Limited","EQ","3rd Int Div-Re.1/- Per Shpurpose Revised","2","24-Apr-2009","27-Apr-2009","-","-"
"GMBREW","GM Breweries Limited","EQ","Dividend - 20%","10","27-Apr-2009","-","29-Apr-2009","05-May-2009"
"MARICO","Marico Limited","EQ","2nd Interim Div-35.5%    Purpose Revised","1","27-Apr-2009","28-Apr-2009","-","-"
"HEXAWARE","Hexaware Technologies Limited","EQ","Agm/Dividend - 25%","2","27-Apr-2009","-","29-Apr-2009","05-May-2009"
"ALOKTEXT","Alok Industries Limited","EQ","Int Div-Rs.0.75 Per Sharepurpose Revised","10","28-Apr-2009","02-May-2009","-","-"
"HCL-INSYS","HCL Infosystems Limited","EQ","3rd Interim Dividend-75% Purpose Revised","2","28-Apr-2009","01-May-2009","-","-"
"INDNIPPON","India Nippon Electricals Limited","EQ","2nd Int Div-Rs.3 Per Sh  Purpose Revised","5","28-Apr-2009","30-Apr-2009","-","-"
"DICIND","DIC India Limited","EQ","Agm/Div-Rs.3.50 Per Share","10","28-Apr-2009","-","01-May-2009","12-May-2009"
"PRSMJOHNSN","Prism Johnson Limited","EQ","Agm/Div-Rs.0.50 Per Share","10","29-Apr-2009","-","05-May-2009","12-May-2009"
"ASTRAZEN","AstraZeneca Pharma India Limited","EQ","Agm/Div-Rs.15/- Per Share","2","29-Apr-2009","-","05-May-2009","18-May-2009"
"GVT&D","GE Vernova T&D India Limited","EQ","Agm/Dividend - 90%       Bc Dates Revised","2","29-Apr-2009","-","05-May-2009","12-May-2009"
"EPL","EPL Limited","EQ","Dividend - 15%","2","04-May-2009","-","06-May-2009","12-May-2009"
"GLOBOFFS","Global Offshore Services Limited","EQ","2nd Interim Dividend-7%  Purpose Revised","10","04-May-2009","05-May-2009","-","-"
"SHREECEM","SHREE CEMENT LIMITED","EQ","Int Div-Rs.5/- Per Share Purpose Revised","10","04-May-2009","05-May-2009","-","-"
"CRISIL","Crisil Limited","EQ","Int Div-Rs.25/- Per Sharepurpose Revised","1","05-May-2009","06-May-2009","-","-"
"DYNAMATECH","Dynamatic Technologies Limited","EQ","Interim Dividend-25%     Purpose Revised","10","06-May-2009","07-May-2009","-","-"
"CURATECH","Cura Technologies Limited","EQ","Agm/Dividend-5%","10","06-May-2009","-","08-May-2009","12-May-2009"
"JPASSOCIAT","Jaiprakash Associates Limited","EQ","2nd Interim Dividend-15% Purpose Revised","2","07-May-2009","08-May-2009","-","-"
"BOSCHLTD","Bosch Limited","EQ","Agm/Div-Rs.25/- Per Share","10","07-May-2009","-","09-May-2009","22-May-2009"
"BATAINDIA","Bata India Limited","EQ","Agm/Dividend - 25%","5","07-May-2009","-","09-May-2009","26-May-2009"
"AEGISLOG","Aegis Logistics Limited","EQ","Interim Dividend - 25%","1","07-May-2009","08-May-2009","-","-"
"GDL","Gateway Distriparks Limited","EQ","2nd Int Div-Rs.1.50 Pr Shpurpose Revised","10","08-May-2009","11-May-2009","-","-"
"ABB","ABB India Limited","EQ","Agm/Div-Rs.2.20 Per Share","2","11-May-2009","-","13-May-2009","19-May-2009"
"GODREJCP","Godrej Consumer Products Limited","EQ","4th Int Div-Re.0.75 Pr Shpurpose Revised","1","11-May-2009","12-May-2009","-","-"
"TRIVENI","Triveni Engineering & Industries Limited","EQ","Interim Dividend - 30%","1","11-May-2009","12-May-2009","-","-"
"RALLIS","Rallis India Limited","EQ","Agm/Dividend - 160%","1","12-May-2009","-","14-May-2009","29-May-2009"
"GESHIP","The Great Eastern Shipping Company Limited","EQ","3rd Int Div-Rs.3/- Per Shpurpose Revised","10","13-May-2009","14-May-2009","-","-"
"SUNDRMBRAK","Sundaram Brake Linings Limited","EQ","Rht 9:20@Prem Rs112 Pr Sh","10","14-May-2009","21-May-2009","-","-"
"OILCOUNTUB","Oil Country Tubular Limited","EQ","Agm/Div-Rs.1.50 Per Share","10","14-May-2009","-","18-May-2009","25-May-2009"
"GAEL","Gujarat Ambuja Exports Limited","EQ","Int Div-Re.0.40 Per Share","1","14-May-2009","15-May-2009","-","-"
"AXISBANK","Axis Bank Limited","EQ","Agm/Dividend - 100%","2","14-May-2009","-","18-May-2009","01-Jun-2009"
"LINDEINDIA","Linde India Limited","EQ","Agm/Dividend - 15%","10","18-May-2009","-","20-May-2009","28-May-2009"
"ZUARIIND","ZUARI INDUSTRIES LIMITED","EQ","Dividend-Rs.3/- Per Sharepurpose Revised","10","19-May-2009","-","21-May-2009","28-May-2009"
"ALBK","Allahabad Bank","EQ","Agm/Div-Rs.2.50 Per Share","10","19-May-2009","-","21-May-2009","15-Jun-2009"
"RANBAXY","Ranbaxy Laboratories Limited","EQ","Annual General Meeting","5","20-May-2009","-","22-May-2009","29-May-2009"
"UTTAMSUGAR","Uttam Sugar Mills Limited","EQ","Annual General Meeting","10","20-May-2009","-","22-May-2009","25-May-2009"
"EICHERMOT","Eicher Motors Limited","EQ","Agm/Dividend - 50%","1","20-May-2009","-","22-May-2009","29-May-2009"
"IOB","Indian Overseas Bank","EQ","Agm/Div-Rs.4.50 Per Share","10","21-May-2009","-","23-May-2009","29-May-2009"
"HEIDELBERG","HeidelbergCement India Limited","EQ","Annual General Meeting","10","22-May-2009","-","26-May-2009","29-May-2009"
"THOMASCOOK","Thomas Cook  (India)  Limited","EQ","Agm/Dividend - 37.5%","1","22-May-2009","-","26-May-2009","28-May-2009"
"ALKALI","Alkali Metals Limited","EQ","Agm/Dividend - 40%","10","25-May-2009","-","27-May-2009","30-May-2009"
"RAYMOND","Raymond Limited","EQ","Annual General Meeting","10","25-May-2009","-","27-May-2009","10-Jun-2009"
"HCC","Hindustan Construction Company Limited","EQ","Agm/Div-Re0.80 Per Share","1","27-May-2009","-","29-May-2009","12-Jun-2009"
"MOTILALOFS","Motilal Oswal Financial Services Limited","EQ","Agm/Div-Re0.80 Per Share","1","28-May-2009","-","01-Jun-2009","15-Jun-2009"
"SONATSOFTW","Sonata Software Limited","EQ","Annual General Meeting","1","28-May-2009","-","01-Jun-2009","05-Jun-2009"
"SWARAJENG","Swaraj Engines Limited","EQ","Dividend-Rs.5/- Per Share","10","02-Jun-2009","-","04-Jun-2009","10-Jun-2009"
"ALLCARGO","Allcargo Logistics Limited","EQ","Agm/Div-Rs.2.50 Per Share","2","04-Jun-2009","-","08-Jun-2009","12-Jun-2009"
"INFY","Infosys Limited","EQ","Agm/Dividend - 270%","5","04-Jun-2009","-","06-Jun-2009","20-Jun-2009"
"NAVINFLUOR","Navin Fluorine International Limited","EQ","Agm/Div-Rs.5/- Per Share","2","04-Jun-2009","-","06-Jun-2009","15-Jun-2009"
"NATCOPHARM","Natco Pharma Limited","EQ","Int Div-Rs.1.25 Per Share","2","04-Jun-2009","05-Jun-2009","-","-"
"PNB","Punjab National Bank","EQ","Agm/Div-Rs.20/- Per Share","2","04-Jun-2009","-","06-Jun-2009","13-Jun-2009"
"PEL","Piramal Enterprises Limited","EQ","Agm/Div-Rs.4.20 Per Share","2","05-Jun-2009","-","09-Jun-2009","18-Jun-2009"
"RAIN","Rain Industries Limited","EQ","Agm/Div-Rs.3.70 Per Share","2","08-Jun-2009","-","10-Jun-2009","17-Jun-2009"
"WELCORP","Welspun Corp Limited","EQ","Dividend-Rs.1.50 Pr Share","5","08-Jun-2009","-","10-Jun-2009","12-Jun-2009"
"VISAKAIND","Visaka Industries Limited","EQ","Agm/Div-Fin Rs.3+Spl Re1","2","08-Jun-2009","-","10-Jun-2009","16-Jun-2009"
"TORNTPHARM","Torrent Pharmaceuticals Limited","EQ","Dividend-Rs.4/-Per Share","5","08-Jun-2009","-","10-Jun-2009","12-Jun-2009"
"ISPATPROF","Ispat Profile (I) Limited","EQ","Annual General Meeting","10","09-Jun-2009","-","11-Jun-2009","17-Jun-2009"
"UMIYA-MRO","UMIYA BUILDCON LIMITED","EQ","Agm/Div-Re.1/- Per Share Purpose Revised","5","09-Jun-2009","-","11-Jun-2009","24-Jun-2009"
"KESORAMIND","Kesoram Industries Limited","EQ","Agm/Div-Rs.3.25 Per Share","10","09-Jun-2009","-","11-Jun-2009","26-Jun-2009"
"XCHANGING","Xchanging Solutions Limited","EQ","Annual General Meeting","10","09-Jun-2009","-","11-Jun-2009","18-Jun-2009"
"BRITANNIA","Britannia Industries Limited","EQ","Int Div-Rs.40/- Per Share","1","09-Jun-2009","10-Jun-2009","-","-"
"SBIN","State Bank of India","EQ","Dividend-Rs.29/ Per Share","1","10-Jun-2009","-","12-Jun-2009","19-Jun-2009"
"FMGOETZE","Federal-Mogul Goetze (India) Limited.","EQ","Annual General Meeting","10","10-Jun-2009","-","12-Jun-2009","26-Jun-2009"
"SOBHA","Sobha Limited","EQ","Agm/Div-Re.1/- Per Share","10","11-Jun-2009","-","15-Jun-2009","19-Jun-2009"
"PETRONET","Petronet LNG Limited","EQ","Agm/Div-Rs.1.75 Per Share","10","11-Jun-2009","-","15-Jun-2009","25-Jun-2009"
"ADVANTA","Advanta Limited","EQ","Agm/Div-Re.1/- Per Share","2","11-Jun-2009","-","15-Jun-2009","22-Jun-2009"
"ICICIBANK","ICICI Bank Limited","EQ","Agm/Div-Rs.11/- Per Share","2","11-Jun-2009","-","15-Jun-2009","29-Jun-2009"
"HINDUNILVR","Hindustan Unilever Limited","EQ","Agm/Div-Rs.4/- Per Share","1","12-Jun-2009","-","16-Jun-2009","02-Jul-2009"
"ANDHRABANK","Andhra Bank","EQ","Agm/Div-Rs.4.50 Per Share","10","12-Jun-2009","-","16-Jun-2009","24-Jun-2009"
"CENTENKA","Century Enka Limited","EQ","Agm/Div-Rs.5/- Per Share","10","12-Jun-2009","-","16-Jun-2009","23-Jun-2009"
"VENKEYS","Venky's (India) Limited","EQ","Agm/Div-Rs.3.50 Per Share","10","12-Jun-2009","-","16-Jun-2009","25-Jun-2009"
"MPSLTD","MPS Limited","EQ","Annual General Meeting","10","15-Jun-2009","-","17-Jun-2009","23-Jun-2009"
"DIVISLAB","Divi's Laboratories Limited","EQ","Agm/Div-Rs.6/- Per Share","2","15-Jun-2009","-","17-Jun-2009","20-Jun-2009"
"JINDALSAW","Jindal Saw Limited","EQ","Agm/Div - Rs.5 Per Share","1","15-Jun-2009","-","17-Jun-2009","20-Jun-2009"
"GESHIP","The Great Eastern Shipping Company Limited","EQ","Annual Book Closure","10","16-Jun-2009","-","18-Jun-2009","26-Jun-2009"
"ORIENTBANK","Oriental Bank of Commerce","EQ","Agm/Dividend - 73%","10","16-Jun-2009","-","18-Jun-2009","23-Jun-2009"
"TCS","Tata Consultancy Services Limited","EQ","Bonus 1:1/Div-Rs.5 Per Sh","1","16-Jun-2009","17-Jun-2009","-","-"
"GRUH","Gruh Finance Limited","EQ","Agm/Div-Rs.4.80/-Pr Share","2","16-Jun-2009","-","18-Jun-2009","30-Jun-2009"
"CMC","CMC Limited","EQ","Agm/Div-Rs.15/- Per Share","10","16-Jun-2009","-","18-Jun-2009","26-Jun-2009"
"SUNDRMFAST","Sundram Fasteners Limited","EQ","Int Div-Re.0.50 Per Share","1","16-Jun-2009","17-Jun-2009","-","-"
"PATNI","Patni Computer Systems Limited","EQ","Agm/Div-Rs.3/- Per Share","2","16-Jun-2009","-","18-Jun-2009","25-Jun-2009"
"UCOBANK","UCO Bank","EQ","Agm/Div-Re.1/- Per Share","10","16-Jun-2009","-","18-Jun-2009","03-Jul-2009"
"CCCL","Consolidated Construction Consortium Limited","EQ","Agm/Div-Rs.2.50 Per Share","2","17-Jun-2009","-","19-Jun-2009","25-Jun-2009"
"BINANICEM","Binani Cement Limited","EQ","Agm/Dividend - 21%","10","17-Jun-2009","-","19-Jun-2009","26-Jun-2009"
"SYNDIBANK","Syndicate Bank","EQ","Agm/Dividend - 15%","10","17-Jun-2009","-","19-Jun-2009","26-Jun-2009"
"PREMIER","Premier Limited","EQ","Agm/Div-Rs.2.50 Per Share","10","17-Jun-2009","-","19-Jun-2009","26-Jun-2009"
"TATAINVEST","Tata Investment Corporation Limited","EQ","Agm/Div-Rs.15/- Per Share","1","17-Jun-2009","-","19-Jun-2009","26-Jun-2009"
"ASIANPAINT","Asian Paints Limited","EQ","Agm/Div-Rs.11/- Per Share","1","17-Jun-2009","-","19-Jun-2009","26-Jun-2009"
"BILVYAPAR","BIL VYAPAR LIMITED","EQ","Agm/Dividend - 30%","10","17-Jun-2009","-","19-Jun-2009","26-Jun-2009"
"INOXLEISUR","INOX Leisure Limited","EQ","Annual General Meeting","10","18-Jun-2009","-","22-Jun-2009","29-Jun-2009"
"INDIANB","Indian Bank","EQ","Agm/Div-Rs.3/- Per Share","10","18-Jun-2009","-","20-Jun-2009","24-Jun-2009"
"UNIONBANK","Union Bank of India","EQ","Agm/Div-Rs.5/- Per Share","10","18-Jun-2009","-","20-Jun-2009","22-Jun-2009"
"ABCIL","Aditya Birla Chemicals (India) Limited","EQ","Agm/Dividend - 15%","10","18-Jun-2009","-","20-Jun-2009","29-Jun-2009"
"PLETHICO","Plethico Pharmaceuticals Limited","EQ","Agm/Dividend-25%","10","18-Jun-2009","-","22-Jun-2009","26-Jun-2009"
"MVL","MVL Limited","EQ","Agm/Div-Re.0.50 Per Share","1","18-Jun-2009","-","20-Jun-2009","29-Jun-2009"
"GFLLIMITED","GFL Limited","EQ","Agm/Div-Rs.3.50 Per Share","1","18-Jun-2009","-","22-Jun-2009","29-Jun-2009"
"JSWHL","JSW Holdings Limited","EQ","Annual General Meeting","10","18-Jun-2009","-","20-Jun-2009","27-Jun-2009"
"TORNTPOWER","Torrent Power Limited","EQ","Dividend-Rs.2/- Per Share","10","18-Jun-2009","-","22-Jun-2009","24-Jun-2009"
"GREAVESCOT","Greaves Cotton Limited","EQ","2nd Int Div-Re.1.50 Pr Sh","2","18-Jun-2009","20-Jun-2009","-","-"
"KEC","KEC International Limited","EQ","Agm/Div-Rs.5/- Per Share","2","18-Jun-2009","-","22-Jun-2009","26-Jun-2009"
"KOKUYOCMLN","Kokuyo Camlin Limited","EQ","Agm/Div-Rs.0.30 Per Share","1","18-Jun-2009","-","22-Jun-2009","26-Jun-2009"
"BANKBARODA","Bank of Baroda","EQ","Agm/Div.Rs.9/- Per Share","2","18-Jun-2009","-","20-Jun-2009","02-Jul-2009"
"JIKIND","JIK Industries Limited","EQ","Annual General Meeting","10","18-Jun-2009","-","20-Jun-2009","23-Jun-2009"
"KITPLYIND","Kitply Industries Limited","EQ","Annual General Meeting","10","18-Jun-2009","-","20-Jun-2009","29-Jun-2009"
"SMARTLINK","Smartlink Holdings Limited","EQ","Scheme Of Arrangement","2","18-Jun-2009","25-Jun-2009","-","-"
"PAGEIND","Page Industries Limited","EQ","2nd Int Div-Rs.2/- Per Shpurpose Revised","10","19-Jun-2009","22-Jun-2009","-","-"
"ASHIMASYN","Ashima Limited","EQ","Annual General Meeting","10","19-Jun-2009","-","23-Jun-2009","29-Jun-2009"
"IGPL","IG Petrochemicals Limited","EQ","Annual General Meeting","10","19-Jun-2009","-","23-Jun-2009","27-Jun-2009"
"WOCKPHARMA","Wockhardt Limited","EQ","Annual General Meeting","5","19-Jun-2009","-","23-Jun-2009","29-Jun-2009"
"STERLINBIO","Sterling Biotech Limited","EQ","Agm/Div-Re.0.50 Per Share","1","19-Jun-2009","-","23-Jun-2009","30-Jun-2009"
"JAYSREETEA","Jayshree Tea & Industries Limited","EQ","Agm/Div-Rs.3/- Per Share","5","19-Jun-2009","-","23-Jun-2009","29-Jun-2009"
"PRATIBHA","Pratibha Industries Limited","EQ","Agm/Div-Rs.2/- Per Share","2","19-Jun-2009","-","23-Jun-2009","30-Jun-2009"
"WELSPUNLIV","Welspun Living Limited","EQ","Scheme Of Arrangement","1","19-Jun-2009","26-Jun-2009","-","-"
"KANSAINER","Kansai Nerolac Paints Limited","EQ","Agm/Div-Rs.12/- Per Share","1","22-Jun-2009","-","24-Jun-2009","29-Jun-2009"
"HDFCBANK","HDFC Bank Limited","EQ","Agm/Div-Rs.10/- Per Share","1","22-Jun-2009","-","24-Jun-2009","14-Jul-2009"
"INDUSINDBK","IndusInd Bank Limited","EQ","Agm/Div-Rs.1.20 Per Share","10","22-Jun-2009","-","24-Jun-2009","03-Jul-2009"
"CYIENT","Cyient Limited","EQ","Agm/Div-Rs.1.50 Per Share","5","22-Jun-2009","-","24-Jun-2009","01-Jul-2009"
"SIGMAADV","SIGMA ADVANCED SYSTEMS LIMITED","EQ","Annual General Meeting","10","22-Jun-2009","-","24-Jun-2009","30-Jun-2009"
"ESSAROIL","Essar Oil Limited","EQ","Annual General Meeting","10","23-Jun-2009","-","25-Jun-2009","27-Jun-2009"
"BBL","Bharat Bijlee Limited","EQ","Agm/Div-Rs.25/- Per Share","5","23-Jun-2009","-","25-Jun-2009","02-Jul-2009"
"SEINVEST","S.E. Investments Limited","EQ","Agm/Div-Re.1/- Per Share","1","25-Jun-2009","-","29-Jun-2009","04-Jul-2009"
"SURANACORP","Surana Corporation Limited","EQ","Agm/Div-Rs.1.20 Per Share","10","25-Jun-2009","-","29-Jun-2009","29-Jun-2009"
"MINDTREE","MindTree Limited","EQ","Annual General Meeting","10","25-Jun-2009","-","29-Jun-2009","03-Jul-2009"
"DISHTV","Dish TV India Limited","EQ","Annual General Meeting","1","26-Jun-2009","-","30-Jun-2009","30-Jun-2009"
"EIMCOELECO","Eimco Elecon (India) Limited","EQ","Agm/Div-Rs.4/- Per Share","10","29-Jun-2009","-","01-Jul-2009","07-Jul-2009"
"LICHSGFIN","LIC Housing Finance Limited","EQ","Agm/Div-Rs.13/- Per Share","2","29-Jun-2009","-","01-Jul-2009","21-Jul-2009"
"KALYANIFRG","Kalyani Forge Limited","EQ","Agm/Div-Rs.1.20 Per Share","10","29-Jun-2009","-","01-Jul-2009","18-Jul-2009"
"LGBFORGE","LGB Forge Limited","EQ","Annual General Meeting","1","29-Jun-2009","-","01-Jul-2009","10-Jul-2009"
"SURANAIND","Surana Industries Limited","EQ","Agm/Div-1.50 Per Share","10","29-Jun-2009","-","01-Jul-2009","04-Jul-2009"
"DOLPHINOFF","Dolphin Offshore Enterprises (India) Limited","EQ","Agm/ Div-Rs.3 / Bonus 2:5","10","29-Jun-2009","-","02-Jul-2009","02-Jul-2009"
"WIPRO","Wipro Limited","EQ","Agm/Div - Rs.4 Per Share","2","29-Jun-2009","-","01-Jul-2009","21-Jul-2009"
"JSWDULUX","JSW Dulux Limited","EQ","Dividend-Rs.16/ Per Share","10","29-Jun-2009","-","01-Jul-2009","16-Jul-2009"
"JUBLPHARMA","Jubilant Pharmova Limited","EQ","Dividend-Rs.1.50 Pr Share","1","29-Jun-2009","-","01-Jul-2009","11-Jul-2009"
"APOLLOTYRE","Apollo Tyres Limited","EQ","Agm/Div-Re0.45 Per Share","1","29-Jun-2009","-","01-Jul-2009","23-Jul-2009"
"BAJFINANCE","Bajaj Finance Limited","EQ","Agm/Div-Rs.2/- Per Share","1","29-Jun-2009","-","01-Jul-2009","15-Jul-2009"
"LGBROS","LG Balakrishnan & Bros Limited","EQ","Div-Fin Re0.25+Spl Re0.35","1","29-Jun-2009","-","01-Jul-2009","10-Jul-2009"
"SIGROUPIND","SI Group - India Limited","EQ","Annual General Meeting","10","29-Jun-2009","-","02-Jul-2009","16-Jul-2009"
"TVSMOTOR","TVS Motor Company Limited","EQ","Int Div-Re.0.70 Per Sharepurpose Revised","1","29-Jun-2009","-","02-Jul-2009","06-Jul-2009"
"SHANTIGEAR","Shanthi Gears Limited","EQ","Agm/Div.Rs.1.20/-Pershare","1","29-Jun-2009","-","01-Jul-2009","10-Jul-2009"
"MAHSCOOTER","Maharashtra Scooters Limited","EQ","Agm/Div-Rs.5.50 Per Share","10","29-Jun-2009","-","01-Jul-2009","14-Jul-2009"
"ATUL","Atul Limited","EQ","Agm/Div-Rs.3/- Per Share","10","29-Jun-2009","-","01-Jul-2009","04-Jul-2009"
"ELECON","Elecon Engineering Company Limited","EQ","Agm/Div-Rs.1.50 Per Share","1","29-Jun-2009","-","01-Jul-2009","07-Jul-2009"
"DABUR","Dabur India Limited","EQ","Agm/Div-Re.1/- Per Share","1","29-Jun-2009","-","01-Jul-2009","15-Jul-2009"
"NUCLEUS","Nucleus Software Exports Limited","EQ","Agm/Div-Rs.2.50 Per Share","10","29-Jun-2009","-","01-Jul-2009","08-Jul-2009"
"JSWSTEEL","JSW Steel Limited","EQ","Agm/Div-Re.1/- Per Share","1","29-Jun-2009","-","01-Jul-2009","03-Jul-2009"
"PTL","PTL Enterprises Limited","EQ","Agm/Div-Re.0.40 Per Share","1","29-Jun-2009","-","01-Jul-2009","22-Jul-2009"
"XPROINDIA","Xpro India Limited","EQ","Agm/Div-Re.1/- Per Share","10","29-Jun-2009","-","01-Jul-2009","23-Jul-2009"
"RELCAPITAL","Reliance Capital Limited","EQ","Dividend-Rs.6.50 Pr Share","10","30-Jun-2009","-","03-Jul-2009","10-Jul-2009"
"IVC","IL&FS Investment Managers Limited","EQ","Agm/Div-Rs.7/- Per Share","2","30-Jun-2009","-","03-Jul-2009","15-Jul-2009"
"AJANTPHARM","Ajanta Pharma Limited","EQ","Agm/Div-Rs.2.50 Per Share","2","30-Jun-2009","-","03-Jul-2009","09-Jul-2009"
"ORIENTCER","ORIENT CERATECH LIMITED","EQ","Agm/Div-Rs.1.30 Per Share","1","30-Jun-2009","-","03-Jul-2009","10-Jul-2009"
"BAJAJ-AUTO","Bajaj Auto Limited","EQ","Agm/Div.Rs.22/-Per Share","10","02-Jul-2009","-","04-Jul-2009","16-Jul-2009"
"BANKINDIA","Bank of India","EQ","Agm/Div-Rs.5/- Per Share","10","02-Jul-2009","-","04-Jul-2009","11-Jul-2009"
"ABIRLANUVO","Aditya Birla Nuvo Limited","EQ","Agm/Div-Rs.4/- Per Share","10","02-Jul-2009","-","04-Jul-2009","10-Jul-2009"
"EXCELCROP","Excel Crop Care Limited","EQ","Agm/Div-Rs.5/- Per Share","5","02-Jul-2009","-","04-Jul-2009","17-Jul-2009"
"BSOFT","BIRLASOFT LIMITED","EQ","Agm/Div-Re.0.60 Per Share","2","02-Jul-2009","-","04-Jul-2009","10-Jul-2009"
"SANDESH","The Sandesh Limited","EQ","Agm/Div-Rs.3/- Per Share","10","02-Jul-2009","-","04-Jul-2009","09-Jul-2009"
"BAJAJFINSV","Bajaj Finserv Limited","EQ","Agm/Div-Re.1/- Per Share","1","02-Jul-2009","-","04-Jul-2009","15-Jul-2009"
"BAJAJHLDNG","Bajaj Holdings & Investment Limited","EQ","Agm/Div.-Rs.10/-Per Share","10","02-Jul-2009","-","04-Jul-2009","16-Jul-2009"
"VIJAYABANK","Vijaya Bank","EQ","Agm/Div-Re.1/- Per Share","10","02-Jul-2009","-","06-Jul-2009","10-Jul-2009"
"KBL","Kirloskar Brothers Limited","EQ","Dividend-Rs.2/- Per Share","2","02-Jul-2009","-","04-Jul-2009","17-Jul-2009"
"RELINFRA","Reliance Infrastructure Limited","EQ","Dividend-Rs.7/- Per Share","10","02-Jul-2009","-","06-Jul-2009","10-Jul-2009"
"M&MFIN","Mahindra & Mahindra Financial Services Limited","EQ","Agm/Div-Rs.5.50 Per Share","2","02-Jul-2009","-","04-Jul-2009","27-Jul-2009"
"PRAJIND","Praj Industries Limited","EQ","Annual General Meeting","2","02-Jul-2009","-","06-Jul-2009","09-Jul-2009"
"MAFATLAFIN","Mafatlal Finance Limited","EQ","Annual General Meeting","10","02-Jul-2009","-","06-Jul-2009","10-Jul-2009"
"MAHABANK","Bank of Maharashtra","EQ","Agm/Div-Rs.1.50 Per Share","10","02-Jul-2009","-","04-Jul-2009","15-Jul-2009"
"JBCHEPHARM","JB Chemicals & Pharmaceuticals Limited","EQ","Agm/Div-Re.1/- Per Share","1","02-Jul-2009","-","04-Jul-2009","13-Jul-2009"
"DENABANK","Dena Bank","EQ","Agm/Div-Rs.1.20 Per Share","10","02-Jul-2009","-","04-Jul-2009","11-Jul-2009"
"SANWARIA","Sanwaria Consumer Limited","EQ","Int Div-Re.0.10 Per Share","1","02-Jul-2009","03-Jul-2009","-","-"
"DRREDDY","Dr. Reddy's Laboratories Limited","EQ","Agm/Div-Rs.6.25 Per Share","1","03-Jul-2009","-","07-Jul-2009","11-Jul-2009"
"CORPBANK","Corporation Bank","EQ","Agm/Div-Rs.8/- Per Share","2","03-Jul-2009","-","07-Jul-2009","25-Jul-2009"
"PIRPHYTO","Piramal Phytocare Limited","EQ","Annual General Meeting","10","03-Jul-2009","-","07-Jul-2009","14-Jul-2009"
"SRF","SRF Limited","EQ","Annual General Meeting","10","03-Jul-2009","-","07-Jul-2009","24-Jul-2009"
"GTL","GTL Limited","EQ","Dividend-Rs.3/- Per Share","10","03-Jul-2009","-","07-Jul-2009","10-Jul-2009"
"SUNDRMBRAK","Sundaram Brake Linings Limited","EQ","Int Div-Rs.4/- Per Share Purpose Revised","10","03-Jul-2009","06-Jul-2009","-","-"
"TATASTEEL","Tata Steel Limited","EQ","Agm/Div-Rs.16/- Per Share","1","06-Jul-2009","-","08-Jul-2009","14-Jul-2009"
"KIRLOSOIL","Kirloskar Oil Engines Limited","EQ","Agm/Div-Re.1/- Per Share","2","06-Jul-2009","-","08-Jul-2009","18-Jul-2009"
"HDFC","Housing Development Finance Corporation Limited","EQ","Agm/Div-Rs.30/- Per Share","2","06-Jul-2009","-","08-Jul-2009","22-Jul-2009"
"PEACOCKIND","Peacock Industries Limited","EQ","Annual General Meeting","10","06-Jul-2009","-","08-Jul-2009","15-Jul-2009"
"DEEPAKFERT","Deepak Fertilizers and Petrochemicals Corporation Limited","EQ","Agm/Div-Rs.4/- Per Share","10","07-Jul-2009","-","09-Jul-2009","23-Jul-2009"
"GTLINFRA","GTL Infrastructure Limited","EQ","Annual General Meeting","10","07-Jul-2009","-","09-Jul-2009","09-Jul-2009"
"NEXTMEDIA","Next Mediaworks Limited","EQ","Annual General Meeting","10","07-Jul-2009","-","09-Jul-2009","16-Jul-2009"
"IDFC","IDFC Limited","EQ","Agm/Div-Re.1.20 Per Share","10","07-Jul-2009","-","09-Jul-2009","20-Jul-2009"
"GEOJITFSL","Geojit Financial Services Limited","EQ","Agm/Div-Re0.50 Per Share","1","07-Jul-2009","-","09-Jul-2009","11-Jul-2009"
"COLPAL","Colgate Palmolive (India) Limited","EQ","Annual General Meeting","1","08-Jul-2009","-","10-Jul-2009","17-Jul-2009"
"IIFL","IIFL Finance Limited","EQ","Annual General Meeting","2","08-Jul-2009","-","10-Jul-2009","17-Jul-2009"
"BIOCON","Biocon Limited","EQ","Agm/Div-Rs.3/- Per Share Bc Start Date Revised","5","08-Jul-2009","-","10-Jul-2009","23-Jul-2009"
"NITINFIRE","Nitin Fire Protection Industries Limited","EQ","Agm/Div-Rs.3/- Per Share","2","08-Jul-2009","-","10-Jul-2009","16-Jul-2009"
"TATACOFFEE","Tata Coffee Limited","EQ","Agm/Div-Rs.6/- Per Share","1","08-Jul-2009","-","10-Jul-2009","24-Jul-2009"
"MANGLMCEM","Mangalam Cement Limited","EQ","Agm/Div-Rs.5.50 Per Share","10","08-Jul-2009","-","10-Jul-2009","17-Jul-2009"
"HINVDIR","HSBC InvestDirect (India) Limited","EQ","Annual General Meeting","10","08-Jul-2009","-","10-Jul-2009","17-Jul-2009"
"BIRLAMONEY","Aditya Birla Money Limited","EQ","Annual General Meeting","1","08-Jul-2009","-","10-Jul-2009","15-Jul-2009"
"EXIDEIND","Exide Industries Limited","EQ","Agm/Dividend - 20%","1","08-Jul-2009","-","10-Jul-2009","17-Jul-2009"
"EIDPARRY","EID Parry India Limited","EQ","Agm/Div-Rs.6/- Per Share","1","08-Jul-2009","-","10-Jul-2009","29-Jul-2009"
"CANBK","Canara Bank","EQ","Agm/Div-Rs.8/- Per Share","2","08-Jul-2009","-","10-Jul-2009","21-Jul-2009"
"M&M","Mahindra & Mahindra Limited","EQ","Agm/Div-Rs.10/- Per Sharepurpose Revised","5","09-Jul-2009","-","11-Jul-2009","30-Jul-2009"
"MUKANDLTD","Mukand Limited","EQ","Annual General Meeting","10","09-Jul-2009","-","11-Jul-2009","24-Jul-2009"
"ASAL","Automotive Stampings and Assemblies Limited","EQ","Agm/Div-Rs.0.50 Per Share","10","09-Jul-2009","-","11-Jul-2009","15-Jul-2009"
"REPRO","Repro India Limited","EQ","Agm/Div-Rs.2.50 Per Share","10","09-Jul-2009","-","11-Jul-2009","18-Jul-2009"
"TATAMETALI","Tata Metaliks Limited","EQ","Annual General Meeting","10","09-Jul-2009","-","11-Jul-2009","24-Jul-2009"
"ULTRACEMCO","UltraTech Cement Limited","EQ","Agm/Div-Rs.5/- Per Share","10","09-Jul-2009","-","11-Jul-2009","21-Jul-2009"
"VARDHACRLC","Vardhman Acrylics Limited","EQ","Annual General Meeting","10","09-Jul-2009","-","11-Jul-2009","24-Jul-2009"
"CESC","CESC Limited","EQ","Agm/Div-Rs.4/- Per Share","1","09-Jul-2009","-","11-Jul-2009","24-Jul-2009"
"POLARIS","POLARIS CONSULTING & SERVICES LIMITED","EQ","Agm/Div-Rs.1.25 Per Share","5","09-Jul-2009","-","11-Jul-2009","16-Jul-2009"
"KEI","KEI Industries Limited","EQ","Agm/Div-Re.0.20 Per Share","2","09-Jul-2009","-","13-Jul-2009","20-Jul-2009"
"THERMAX","Thermax Limited","EQ","Agm/Div-Rs.5/- Per Share","2","09-Jul-2009","-","13-Jul-2009","21-Jul-2009"
"3IINFOTECH","3i Infotech Limited","EQ","Agm/Div-Rs.1.50 Per Share","10","09-Jul-2009","-","11-Jul-2009","28-Jul-2009"
"IDBI","IDBI Bank Limited","EQ","Agm/Dividend - 25%","10","09-Jul-2009","-","11-Jul-2009","15-Jul-2009"
"UNICHEMLAB","Unichem Laboratories Limited","EQ","Agm/Div-Rs.5/- Per Share","2","09-Jul-2009","-","13-Jul-2009","17-Jul-2009"
"VHL","Vardhman Holdings Limited","EQ","Agm/Dividend - 20%","10","09-Jul-2009","-","11-Jul-2009","24-Jul-2009"
"TARIL","Transformers And Rectifiers (India) Limited","EQ","Agm/Div-Rs.4/- Per Share","1","09-Jul-2009","-","11-Jul-2009","15-Jul-2009"
"CGPOWER","CG Power and Industrial Solutions Limited","EQ","Annual General Meeting","2","09-Jul-2009","-","11-Jul-2009","17-Jul-2009"
"VTL","Vardhman Textiles Limited","EQ","Agm/Div-Rs.2/- Per Share","2","09-Jul-2009","-","11-Jul-2009","25-Jul-2009"
"TITAN","Titan Company Limited","EQ","Agm/Div-Rs.10/- Per Share","1","10-Jul-2009","-","14-Jul-2009","27-Jul-2009"
"EVEREADY","Eveready Industries India Limited","EQ","Annual General Meeting","5","10-Jul-2009","-","14-Jul-2009","24-Jul-2009"
"GOACARBON","Goa Carbon Limited","EQ","Agm/Dividend-30%","10","10-Jul-2009","-","14-Jul-2009","18-Jul-2009"
"BIRLACORPN","Birla Corporation Limited","EQ","Agm/Div-Rs.4.50 Per Share","10","10-Jul-2009","-","14-Jul-2009","27-Jul-2009"
"SUNDARMFIN","Sundaram Finance Limited","EQ","Agm/Div-Rs.2.50 Per Share","10","10-Jul-2009","-","14-Jul-2009","24-Jul-2009"
"VOLTAS","Voltas Limited","EQ","Agm/Div-Rs.1.60 Per Share","1","10-Jul-2009","-","14-Jul-2009","10-Aug-2009"
"VARUNSHIP","Varun Shipping Company Limited","EQ","Agm/Div-Rs.1.50 Per Share","10","10-Jul-2009","-","14-Jul-2009","28-Jul-2009"
"SAPL","South Asian Petrochem Limited","EQ","Agm/Div-Re.0.40/-Pershare","10","10-Jul-2009","-","14-Jul-2009","25-Jul-2009"
"PSL","PSL Limited","EQ","Agm/Div-Rs.2.50 Per Share","10","10-Jul-2009","-","14-Jul-2009","21-Jul-2009"
"ABREL","Aditya Birla Real Estate Limited","EQ","Agm/Div-Rs.4.50 Pr Share","10","10-Jul-2009","-","14-Jul-2009","28-Jul-2009"
"PRSMJOHNSN","Prism Johnson Limited","EQ","Int Div-Re.1/- Per Share Purpose Revised","10","10-Jul-2009","13-Jul-2009","-","-"
"MAHINDUGIN","Mahindra Ugine Steel Company Limited","EQ","Annual General Meeting","10","10-Jul-2009","-","14-Jul-2009","28-Jul-2009"
"BBTC","The Bombay Burmah Trading Corporation Limited","EQ","Agm/Div-Re.1/- Per Share","2","10-Jul-2009","-","14-Jul-2009","28-Jul-2009"
"VSTIND","VST Industries Limited","EQ","Agm/Div-Rs.30/- Per Share","10","10-Jul-2009","-","14-Jul-2009","16-Jul-2009"
"COROMANDEL","Coromandel International Limited","EQ","Agm/Div-Rs.4/- Per Share","1","13-Jul-2009","-","15-Jul-2009","21-Jul-2009"
"ELGIEQUIP","Elgi Equipments Limited","EQ","Dividend-Rs.1.30 Pr Share","1","13-Jul-2009","-","15-Jul-2009","31-Jul-2009"
"PONNIERODE","Ponni Sugars (Erode) Limited","EQ","Agm/Div-Rs.2.50 Per Share","10","13-Jul-2009","-","15-Jul-2009","22-Jul-2009"
"SALORAINTL","Salora International Limited","EQ","Agm/Div-Re.1/- Per Share","10","13-Jul-2009","-","15-Jul-2009","21-Jul-2009"
"BLUESTARCO","Blue Star Limited","EQ","Agm/Div-Rs.7/- Per Share","2","13-Jul-2009","-","15-Jul-2009","22-Jul-2009"
"INDIANHUME","Indian Hume Pipe Company Limited","EQ","Agm/Div-Rs.8.50 Per Share","2","13-Jul-2009","-","15-Jul-2009","27-Jul-2009"
"ITC","ITC Limited","EQ","Agm/Div-Rs.3.70 Per Share","1","13-Jul-2009","-","15-Jul-2009","24-Jul-2009"
"FKONCO","Fresenius Kabi Oncology Limited","EQ","Annual General Meeting","1","13-Jul-2009","-","15-Jul-2009","29-Jul-2009"
"NEULANDLAB","Neuland Laboratories Limited","EQ","Div. -Rs.3.50/-Per Share","10","13-Jul-2009","-","15-Jul-2009","18-Jul-2009"
"GVPIL","GE Power India Limited","EQ","Agm/Div-Rs.10/- Per Share","10","13-Jul-2009","-","15-Jul-2009","23-Jul-2009"
"PCBL","PCBL Chemical Limited","EQ","Annual General Meeting","1","13-Jul-2009","-","15-Jul-2009","24-Jul-2009"
"ORIENTHOT","Oriental Hotels Limited","EQ","Agm/Div-Rs.9/- Per Share","1","13-Jul-2009","-","15-Jul-2009","23-Jul-2009"
"KOTAKBANK","Kotak Mahindra Bank Limited","EQ","Agm/Div-Re.0.75 Per Share","1","14-Jul-2009","-","16-Jul-2009","28-Jul-2009"
"TATACHEM","Tata Chemicals Limited","EQ","Agm/Div-Rs.9/- Per Share","10","14-Jul-2009","-","16-Jul-2009","30-Jul-2009"
"DISHMAN","Dishman Pharmaceuticals and Chemicals Limited","EQ","Agm/Div-Rs.1.20 Per Share","2","14-Jul-2009","-","16-Jul-2009","31-Jul-2009"
"CEATFIN","CFL Capital Financial Services Limited","EQ","Annual General Meeting","10","14-Jul-2009","-","16-Jul-2009","24-Jul-2009"
"KARURVYSYA","Karur Vysya Bank Limited","EQ","Dividend-Rs.12/ Per Share","2","14-Jul-2009","-","16-Jul-2009","27-Jul-2009"
"NISSAN","Nissan Copper Limited","EQ","Agm/Div-Re.0.50 Per Share","1","14-Jul-2009","-","16-Jul-2009","20-Jul-2009"
"NCC","NCC Limited","EQ","Agm/Div-Rs.1.10 Per Share","2","14-Jul-2009","-","16-Jul-2009","21-Jul-2009"
"IMPAL","India Motor Parts and Accessories Limited","EQ","Int Div-Rs.12/- Per Sharepurpose Revised","10","14-Jul-2009","15-Jul-2009","-","-"
"AICHAMP","AI Champdany Industries Limited","EQ","Annual General Meeting","5","14-Jul-2009","-","16-Jul-2009","31-Jul-2009"
"ASHOKLEY","Ashok Leyland Limited","EQ","Agm/Div-Re.1/- Per Share","1","14-Jul-2009","-","16-Jul-2009","28-Jul-2009"
"WENDT","Wendt (India) Limited","EQ","Agm/Div-Rs.10/- Per Share","10","14-Jul-2009","-","16-Jul-2009","27-Jul-2009"
"LMW","LMW Limited","EQ","Agm/Div-Rs.15/- Per Share","10","14-Jul-2009","-","16-Jul-2009","27-Jul-2009"
"SESHAPAPER","Seshasayee Paper and Boards Limited","EQ","Dividend-Rs.3.50 Pr Share","2","14-Jul-2009","-","16-Jul-2009","25-Jul-2009"
"TEXINFRA","Texmaco Infrastructure & Holdings Limited","EQ","Agm/Div-Re.0.75 Per Share","1","14-Jul-2009","-","16-Jul-2009","23-Jul-2009"
"TATAPOWER","Tata Power Company Limited","EQ","Agm/Div-Rs.11.50 Pr Share","1","14-Jul-2009","-","16-Jul-2009","06-Aug-2009"
"HINDMOTOR","Hindustan Motors Limited","EQ","Annual General Meeting","10","15-Jul-2009","-","17-Jul-2009","24-Jul-2009"
"NAUKRI","Info Edge (India) Limited","EQ","Agm/Div-Re.0.75 Per Share","2","15-Jul-2009","-","17-Jul-2009","23-Jul-2009"
"KANORICHEM","Kanoria Chemicals & Industries Limited","EQ","Agm/Div-Rs.1.50 Per Share","5","15-Jul-2009","-","17-Jul-2009","31-Jul-2009"
"CARBORUNIV","Carborundum Universal Limited","EQ","Dividend-Rs.2/- Per Share","1","15-Jul-2009","-","17-Jul-2009","31-Jul-2009"
"SAREGAMA","Saregama India Limited","EQ","Annual General Meeting","1","15-Jul-2009","-","17-Jul-2009","24-Jul-2009"
"ZENSARTECH","Zensar Technologies Limited","EQ","Agm/Div-Rs.4.50 Per Share","2","15-Jul-2009","-","17-Jul-2009","24-Jul-2009"
"MARICO","Marico Limited","EQ","Annual General Meeting","1","15-Jul-2009","-","17-Jul-2009","23-Jul-2009"
"TUBEINVEST","Tube Investments of India Limited","EQ","Agm/Div-Re.1/- Per Share","2","15-Jul-2009","-","17-Jul-2009","29-Jul-2009"
"NDLVENTURE","NDL Ventures Limited","EQ","Agm/Div-Rs.10/- Per Share","10","15-Jul-2009","-","17-Jul-2009","27-Jul-2009"
"VGUARD","V-Guard Industries Limited","EQ","Agm/Div-Rs.2.50 Per Share","1","15-Jul-2009","-","17-Jul-2009","27-Jul-2009"
"MAHLIFE","Mahindra Lifespace Developers Limited","EQ","Agm/Dividend - 25%","10","15-Jul-2009","-","17-Jul-2009","24-Jul-2009"
"CHEMPLAST","Chemplast Sanmar Limited","EQ","Annual General Meeting","1","16-Jul-2009","-","20-Jul-2009","28-Jul-2009"
"ASTRAL","Astral Limited","EQ","Agm/Div-Re.1/- Per Share","1","16-Jul-2009","-","20-Jul-2009","27-Jul-2009"
"SHREECEM","SHREE CEMENT LIMITED","EQ","Agm/Div-R.5/- Per Share","10","16-Jul-2009","-","20-Jul-2009","24-Jul-2009"
"KCP","KCP Limited","EQ","Agm/Div-Rs.2.50 Per Share","1","16-Jul-2009","-","18-Jul-2009","27-Jul-2009"
"USHAMART","Usha Martin Limited","EQ","Agm/Div-Re.1/- Per Share","1","16-Jul-2009","-","20-Jul-2009","29-Jul-2009"
"CENTUM","Centum Electronics Limited","EQ","Agm/Div-Re.1/- Per Share","10","16-Jul-2009","-","18-Jul-2009","30-Jul-2009"
"NELCAST","Nelcast Limited","EQ","Agm/Div-Re.1/- Per Share","2","16-Jul-2009","-","20-Jul-2009","25-Jul-2009"
"SUDARSCHEM","Sudarshan Chemical Industries Limited","EQ","Agm/Div-Rs.8/- Per Share","2","16-Jul-2009","-","20-Jul-2009","31-Jul-2009"
"RBL","Rane Brake Lining Limited","EQ","Dividend-Rs.2/- Per Share","10","16-Jul-2009","-","18-Jul-2009","20-Jul-2009"
"BHARATFORG","Bharat Forge Limited","EQ","Dividend-Re.1/- Per Share","2","16-Jul-2009","-","18-Jul-2009","24-Jul-2009"
"MEGH","Meghmani Organics Limited","EQ","Agm/Divi-Re0.33 Per Share","1","16-Jul-2009","-","20-Jul-2009","31-Jul-2009"
"DHANBANK","Dhanlaxmi Bank Limited","EQ","Agm/Div-Re.1/- Per Share","10","16-Jul-2009","-","18-Jul-2009","31-Jul-2009"
"SUTLEJTEX","Sutlej Textiles and Industries Limited","EQ","Dividend-Re.1/- Per Share","1","16-Jul-2009","-","18-Jul-2009","24-Jul-2009"
"SOLEMS","Solectron EMS India Limited","EQ","Agm/Div-Re.1/- Per Share","10","16-Jul-2009","-","18-Jul-2009","31-Jul-2009"
"MUNJALSHOW","Munjal Showa Limited","EQ","Agm/Div-Rs.2/- Per Share","2","16-Jul-2009","-","18-Jul-2009","07-Aug-2009"
"APCOTEXIND","Apcotex Industries Limited","EQ","Dividend-Rs.4/- Per Share","2","16-Jul-2009","-","20-Jul-2009","27-Jul-2009"
"GICHSGFIN","GIC Housing Finance Limited","EQ","Agm/Div-Rs.4/- Per Share","10","16-Jul-2009","-","18-Jul-2009","29-Jul-2009"
"RANEENGINE","Rane Engine Valve Limited","EQ","Dividend-Rs.2/- Per Share","10","16-Jul-2009","-","18-Jul-2009","22-Jul-2009"
"VOLTAMP","Voltamp Transformers Limited","EQ","Dividend-Rs12.50 Pr Share","10","16-Jul-2009","-","18-Jul-2009","31-Jul-2009"
"BLUESTINFO","Blue Star Infotech Limited","EQ","Agm/Div-Rs.5/- Per Share","10","16-Jul-2009","-","20-Jul-2009","30-Jul-2009"
"NOCIL","NOCIL Limited","EQ","Agm/Div-Re.0.60 Per Share","10","16-Jul-2009","-","20-Jul-2009","29-Jul-2009"
"IVP","IVP Limited","EQ","Dividend-Re.1/- Per Share","10","16-Jul-2009","-","20-Jul-2009","25-Jul-2009"
"SANGHVIMOV","Sanghvi Movers Limited","EQ","Agm/Div-Rs.2/- Per Share","1","16-Jul-2009","-","18-Jul-2009","24-Jul-2009"
"AKSHOPTFBR","Aksh Optifibre Limited","EQ","Annual General Meeting","5","16-Jul-2009","-","20-Jul-2009","25-Jul-2009"
"DHFL","Dewan Housing Finance Corporation Limited","EQ","Agm/Div-Rs.2.50 Per Share","10","16-Jul-2009","-","20-Jul-2009","28-Jul-2009"
"EKC","Everest Kanto Cylinder Limited","EQ","Agm/Div-Rs.1.20 Per Share","2","16-Jul-2009","-","20-Jul-2009","28-Jul-2009"
"SILINV","SIL Investments Limited","EQ","Dividend-Re.1/- Per Share","10","16-Jul-2009","-","18-Jul-2009","24-Jul-2009"
"RML","Rane (Madras) Limited","EQ","Annual General Meeting","10","16-Jul-2009","-","18-Jul-2009","21-Jul-2009"
"REDINGTON","Redington Limited","EQ","Agm/Div-Rs.4/- Per Share","2","16-Jul-2009","-","20-Jul-2009","24-Jul-2009"
"CORDSCABLE","Cords Cable Industries Limited","EQ","Agm/Div-Re.1/- Per Share","10","16-Jul-2009","-","18-Jul-2009","24-Jul-2009"
"BALAJITELE","Balaji Telefilms Limited","EQ","Agm/Div-Re.0.30 Per Share","2","16-Jul-2009","-","20-Jul-2009","29-Jul-2009"
"BOSCH-HCIL","BOSCH HOME COMFORT INDIA LIMITED","EQ","Annual General Meeting","10","16-Jul-2009","-","20-Jul-2009","23-Jul-2009"
"BIRLANU","BirlaNu Limited","EQ","Agm/Div-Rs.10/- Per Share","10","16-Jul-2009","-","18-Jul-2009","23-Jul-2009"
"ADOR","Ador Welding Limited","EQ","Agm/Div-Rs.4/- Per Share","10","16-Jul-2009","-","18-Jul-2009","30-Jul-2009"
"STLTECH","Sterlite Technologies Limited","EQ","Dividend - 25%","2","16-Jul-2009","-","18-Jul-2009","24-Jul-2009"
"SHRIRAMFIN","Shriram Finance Limited","EQ","Agm/Div-Rs.4/- Per Share","2","16-Jul-2009","-","18-Jul-2009","24-Jul-2009"
"ZYDUSLIFE","Zydus Lifesciences Limited","EQ","Agm/Div-Rs.4.50 Per Share","1","16-Jul-2009","-","20-Jul-2009","29-Jul-2009"
"TATASTLLP","Tata Steel Long Products Limited","EQ","Agm/Div-Rs.8/- Per Share","10","16-Jul-2009","-","18-Jul-2009","22-Jul-2009"
"AXISCADES","AXISCADES Technologies Limited","EQ","Annual General Meeting","5","16-Jul-2009","-","20-Jul-2009","14-Aug-2009"
"JYOTHYLAB","Jyothy Labs Limited","EQ","Agm/Div-Rs.2/- Per Share","1","16-Jul-2009","-","18-Jul-2009","30-Jul-2009"
"JKPAPER","JK Paper Limited","EQ","Agm/Div-Rs.1.75 Per Share","10","17-Jul-2009","-","21-Jul-2009","03-Aug-2009"
"RNRL","Reliance Natural Resources Limited","EQ","Annual General Meeting","5","17-Jul-2009","-","21-Jul-2009","28-Jul-2009"
"ALEMBICLTD","Alembic Limited","EQ","Dividend-Rs.0.40 Pr Share","2","17-Jul-2009","-","21-Jul-2009","28-Jul-2009"
"NIITLTD","NIIT Limited","EQ","Agm/Div-Rs.1.30 Per Share","2","17-Jul-2009","-","21-Jul-2009","27-Jul-2009"
"TCI","Transport Corporation of India Limited","EQ","Dividend-Re.0.60 Pr Share","2","17-Jul-2009","-","21-Jul-2009","22-Jul-2009"
"PIDILITIND","Pidilite Industries Limited","EQ","Agm/Div-Rs.1.75 Per Share","1","17-Jul-2009","-","21-Jul-2009","04-Aug-2009"
"KKCL","Kewal Kiran Clothing Limited","EQ","Agm/Div-Rs.3/- Per Share","10","17-Jul-2009","-","21-Jul-2009","03-Aug-2009"
"RPOWER","Reliance Power Limited","EQ","Annual General Meeting","10","17-Jul-2009","-","21-Jul-2009","28-Jul-2009"
"MCLEODRUSS","Mcleod Russel India Limited","EQ","Agm/Div-Rs.2/- Per Share","5","17-Jul-2009","-","21-Jul-2009","28-Jul-2009"
"BELCERAMIC","Bell Ceramics Limited","EQ","Annual General Meeting","10","17-Jul-2009","-","21-Jul-2009","29-Jul-2009"
"JKLAKSHMI","JK Lakshmi Cement Limited","EQ","Agm/Div-Rs.4/- Per Share","5","17-Jul-2009","-","21-Jul-2009","25-Jul-2009"
"KSK","KSK Energy Ventures Limited","EQ","Annual General Meeting","10","17-Jul-2009","-","21-Jul-2009","27-Jul-2009"
"GABRIEL","Gabriel India Limited","EQ","Agm/Div-Re.0.70 Per Share","1","17-Jul-2009","-","21-Jul-2009","28-Jul-2009"
"SUNDROP","Sundrop Brands Limited","EQ","Ann Bk Clsr/Dv-Re.1 Pr Sh","10","17-Jul-2009","-","21-Jul-2009","29-Jul-2009"
"CIEINDIA","CIE Automotive India Limited","EQ","Annual General Meeting","10","17-Jul-2009","-","21-Jul-2009","29-Jul-2009"
"COFORGE","Coforge Limited","EQ","Agm/Div-Rs.6.50 Per Share","2","17-Jul-2009","-","21-Jul-2009","27-Jul-2009"
"JTEKTINDIA","Jtekt India Limited","EQ","Annual General Meeting","1","17-Jul-2009","-","21-Jul-2009","31-Jul-2009"
"INDHOTEL","The Indian Hotels Company Limited","EQ","Dividend-Re.1.20 Pr Share","1","17-Jul-2009","-","21-Jul-2009","03-Aug-2009"
"PUNJLLOYD","Punj Lloyd Limited","EQ","Agm/Div-Re.0.30 Per Share","2","20-Jul-2009","-","22-Jul-2009","28-Jul-2009"
"UTTAMVALUE","Uttam Value Steels Limited","EQ","Annual General Meeting","10","20-Jul-2009","-","22-Jul-2009","31-Jul-2009"
"LUPIN","Lupin Limited","EQ","Agm/Div-Rs.12.50 Pr Share","2","20-Jul-2009","-","22-Jul-2009","29-Jul-2009"
"SHALPAINTS","Shalimar Paints Limited","EQ","Agm/Div-Rs.3/- Per Share","2","20-Jul-2009","-","22-Jul-2009","30-Jul-2009"
"TAJGVK","Taj GVK Hotels & Resorts Limited","EQ","Agm/Div-Rs.2/- Per Share","2","20-Jul-2009","-","22-Jul-2009","25-Jul-2009"
"GLFL","Gujarat Lease Financing Limited","EQ","Annual General Meeting","10","20-Jul-2009","-","22-Jul-2009","27-Jul-2009"
"TIL","TIL Limited","EQ","Agm/Div.-Rs.4/- Pershare","10","20-Jul-2009","-","22-Jul-2009","28-Jul-2009"
"JKCEMENT","JK Cement Limited","EQ","Agm/Div-Rs.3.50 Per Share","10","20-Jul-2009","-","22-Jul-2009","31-Jul-2009"
"PATELENG","Patel Engineering Limited","EQ","Agm/Div-Re.0.95 Per Share","1","20-Jul-2009","-","22-Jul-2009","31-Jul-2009"
"IPCALAB","IPCA Laboratories Limited","EQ","Agm/Div-Rs.4/- Per Share","1","20-Jul-2009","-","22-Jul-2009","30-Jul-2009"
"HERCULES","HERCULES INVESTMENTS LIMITED","EQ","Agm/Div-Rs.2/- Per Share Bc Dates Revised","1","20-Jul-2009","-","22-Jul-2009","29-Jul-2009"
"MAARSOFTW","Maars Software International Limited","EQ","Annual General Meeting","10","20-Jul-2009","-","22-Jul-2009","24-Jul-2009"
"ALKYLAMINE","Alkyl Amines Chemicals Limited","EQ","Agm/Div-Rs.2/- Per Share","2","20-Jul-2009","-","22-Jul-2009","29-Jul-2009"
"HGS","Hinduja Global Solutions Limited","EQ","Agm/Div-Rs.15/- Per Share","10","20-Jul-2009","-","22-Jul-2009","29-Jul-2009"
"RSSOFTWARE","R. S. Software (India) Limited","EQ","Annual Book Closure","5","20-Jul-2009","-","22-Jul-2009","29-Jul-2009"
"FSL","Firstsource Solutions Limited","EQ","Annual General Meeting","10","20-Jul-2009","-","22-Jul-2009","29-Jul-2009"
"GANDHITUBE","Gandhi Special Tubes Limited","EQ","Annual General Meeting","5","20-Jul-2009","-","22-Jul-2009","23-Jul-2009"
"GODREJIND","Godrej Industries Limited","EQ","Agm/Div.Rs.1.25/-Pershare","1","20-Jul-2009","-","22-Jul-2009","29-Jul-2009"
"TECHM","Tech Mahindra Limited","EQ","Annual General Meeting","5","20-Jul-2009","-","22-Jul-2009","23-Jul-2009"
"AEGISLOG","Aegis Logistics Limited","EQ","Agm/Div-Rs.2/- Per Share","1","20-Jul-2009","-","22-Jul-2009","31-Jul-2009"
"UNOMINDA","UNO Minda Limited","EQ","Agm/Div-Rs.2.50 Per Share","2","20-Jul-2009","-","22-Jul-2009","29-Jul-2009"
"IGL","Indraprastha Gas Limited","EQ","Agm/Div-Rs.4/- Per Share","2","20-Jul-2009","-","22-Jul-2009","29-Jul-2009"
"TINPLATE","The Tinplate Company of India Limited","EQ","Agm/Div-Rs.1.25 Per Share","10","21-Jul-2009","-","23-Jul-2009","24-Jul-2009"
"KOLTEPATIL","Kolte - Patil Developers Limited","EQ","Agm/Div-Re.1/- Per Share","10","21-Jul-2009","-","23-Jul-2009","31-Jul-2009"
"MUKANDENGG","Mukand Engineers Limited","EQ","Annual General Meeting","10","21-Jul-2009","-","23-Jul-2009","28-Jul-2009"
"BATLIBOI","Batliboi Limited","EQ","Annual Book Closure","5","21-Jul-2009","-","23-Jul-2009","30-Jul-2009"
"HINDUJAFO","Hinduja Foundries Limited","EQ","Annual General Meeting","10","21-Jul-2009","-","23-Jul-2009","29-Jul-2009"
"GRAPHITE","Graphite India Limited","EQ","Agm/Div-Rs.3/- Per Share","2","21-Jul-2009","-","23-Jul-2009","31-Jul-2009"
"LPDC","Landmark Property Development Company Limited","EQ","Annual General Meeting","1","21-Jul-2009","-","23-Jul-2009","31-Jul-2009"
"BHARATGEAR","Bharat Gears Limited","EQ","Agm/Div-Re.1/- Per Share","10","21-Jul-2009","-","23-Jul-2009","31-Jul-2009"
"AROGRANITE","Aro Granite Industries Limited","EQ","Agm/Div-Re.1/- Per Share","10","21-Jul-2009","-","23-Jul-2009","30-Jul-2009"
"HGM","HandsOn Global Management (HGM) Limited","EQ","Annual General Meeting","10","21-Jul-2009","-","23-Jul-2009","25-Jul-2009"
"ARE&M","Amara Raja Energy & Mobility Limited","EQ","Agm/Div-Re.0.80 Per Share","1","21-Jul-2009","-","23-Jul-2009","30-Jul-2009"
"NAVA","NAVA LIMITED","EQ","Agm/Div-Rs.8/- Per Share","1","21-Jul-2009","-","23-Jul-2009","31-Jul-2009"
"CHOLAFIN","Cholamandalam Investment and Finance Company Limited","EQ","Annual General Meeting","2","21-Jul-2009","-","23-Jul-2009","28-Jul-2009"
"BAJAJELEC","Bajaj Electricals Limited","EQ","Agm/Div-Rs.10/- Per Share","2","22-Jul-2009","-","24-Jul-2009","30-Jul-2009"
"VINYLINDIA","Vinyl Chemicals (India) Limited","EQ","Annual General Meeting","1","22-Jul-2009","-","24-Jul-2009","07-Aug-2009"
"HTMEDIA","HT Media Limited","EQ","Agm/Div-Re.0.30 Per Share","2","22-Jul-2009","-","24-Jul-2009","31-Jul-2009"
"EDELWEISS","Edelweiss Financial Services Limited","EQ","Agm/Div-Rs.3/- Per Share","1","22-Jul-2009","-","24-Jul-2009","31-Jul-2009"
"ASTRAMICRO","Astra Microwave Products Limited","EQ","Agm/Div-Re0.50 Per Share","2","22-Jul-2009","-","24-Jul-2009","31-Jul-2009"
"PAGEIND","Page Industries Limited","EQ","Agm/Div-Rs.3/- Per Share","10","22-Jul-2009","-","24-Jul-2009","31-Jul-2009"
"SHOPERSTOP","Shoppers Stop Limited","EQ","Annual General Meeting","5","22-Jul-2009","-","24-Jul-2009","29-Jul-2009"
"SAKSOFT","Saksoft Limited","EQ","Agm/Div-Re.1/- Per Share","1","22-Jul-2009","-","24-Jul-2009","31-Jul-2009"
"CELEBRITY","Celebrity Fashions Limited","EQ","Annual General Meeting","10","22-Jul-2009","-","24-Jul-2009","27-Jul-2009"
"ASAHIINDIA","Asahi India Glass Limited","EQ","Annual General Meeting","1","22-Jul-2009","-","24-Jul-2009","28-Jul-2009"
"GVKPIL","GVK Power & Infrastructure Limited","EQ","Annual General Meeting","1","22-Jul-2009","-","24-Jul-2009","28-Jul-2009"
"BERGEPAINT","Berger Paints (I) Limited","EQ","Agm/Div-Re.0.60 Per Share","1","22-Jul-2009","-","24-Jul-2009","07-Aug-2009"
"GINNIFILA","Ginni Filaments Limited","EQ","Annual General Meeting","10","22-Jul-2009","-","24-Jul-2009","30-Jul-2009"
"TATACOMM","Tata Communications Limited","EQ","Dividend-Rs.4.50 Pr Share","10","22-Jul-2009","-","24-Jul-2009","07-Aug-2009"
"UMESL","Usha Martin Education & Solutions Limited","EQ","Annual General Meeting","5","22-Jul-2009","-","24-Jul-2009","07-Aug-2009"
"ALLDIGI","Alldigi Tech Limited","EQ","Annual General Meeting","10","22-Jul-2009","-","24-Jul-2009","31-Jul-2009"
"NAVNETEDUL","Navneet Education Limited","EQ","Agm/Div-Rs.2.60 Per Share","2","22-Jul-2009","-","24-Jul-2009","31-Jul-2009"
"BRIGADE","Brigade Enterprises Limited","EQ","Agm/Div-Rs.1.20 Per Share","10","22-Jul-2009","-","24-Jul-2009","30-Jul-2009"
"KTKBANK","The Karnataka Bank Limited","EQ","Agm/Div-Rs.6/- Per Share","10","23-Jul-2009","-","25-Jul-2009","08-Aug-2009"
"TCIFINANCE","TCI Finance Limited","EQ","Annual General Meeting","10","23-Jul-2009","-","27-Jul-2009","29-Jul-2009"
"PAEL","PAE Limited","EQ","Agm/Div-Rs.1.50 Per Share","10","23-Jul-2009","-","25-Jul-2009","06-Aug-2009"
"PRICOL","Pricol Limited","EQ","Annual General Meeting","1","23-Jul-2009","-","25-Jul-2009","07-Aug-2009"
"GTNTEX","GTN Textiles Limited","EQ","Annual General Meeting","10","23-Jul-2009","-","25-Jul-2009","31-Jul-2009"
"RANEHOLDIN","Rane Holdings Limited","EQ","Annual General Meeting","10","23-Jul-2009","-","25-Jul-2009","30-Jul-2009"
"CUMMINSIND","Cummins India Limited","EQ","Agm/Div-Rs.2.60/-Pershare","2","23-Jul-2009","-","25-Jul-2009","29-Jul-2009"
"KSERASERA","KSS Limited","EQ","Annual General Meeting","1","23-Jul-2009","-","25-Jul-2009","29-Jul-2009"
"PATSPINLTD","Patspin India Limited","EQ","Annual General Meeting","10","23-Jul-2009","-","25-Jul-2009","31-Jul-2009"
"AARTIDRUGS","Aarti Drugs Limited","EQ","Agm/Div-Rs.3/- Per Share","10","23-Jul-2009","-","25-Jul-2009","01-Aug-2009"
"GULFOILCOR","Gulf Oil Corporation Limited","EQ","Agm/Div-Rs.1.70 Per Share","2","23-Jul-2009","-","25-Jul-2009","31-Jul-2009"
"ALPA","Alpa Laboratories Limited","EQ","Annual General Meeting","10","23-Jul-2009","-","27-Jul-2009","30-Jul-2009"
"CENTEXT","Century Extrusions Limited","EQ","Agm/Div-Re.0.10 Per Share","1","23-Jul-2009","-","25-Jul-2009","31-Jul-2009"
"ESSARSHIP","Essar Shipping Ports & Logistics Limited","EQ","Annual General Meeting","10","23-Jul-2009","-","27-Jul-2009","31-Jul-2009"
"KPIL","Kalpataru Projects International Limited","EQ","Agm/Div-Rs.7.50 Per Share","2","23-Jul-2009","-","25-Jul-2009","29-Jul-2009"
"IFBAGRO","IFB Agro Industries Limited","EQ","Annual General Meeting","10","23-Jul-2009","-","27-Jul-2009","03-Aug-2009"
"GTNIND","GTN Industries Limited","EQ","Annual General Meeting","10","23-Jul-2009","-","25-Jul-2009","29-Jul-2009"
"EVERESTIND","Everest Industries Limited","EQ","Agm/Div-Rs.2.50/-Pr Share","10","23-Jul-2009","-","25-Jul-2009","29-Jul-2009"
"GRASIM","Grasim Industries Limited","EQ","Dividend-Rs.30/- Pr Share","2","24-Jul-2009","-","28-Jul-2009","08-Aug-2009"
"ONMOBILE","OnMobile Global Limited","EQ","Annual General Meeting","10","24-Jul-2009","-","28-Jul-2009","31-Jul-2009"
"PRAKASH","Prakash Industries Limited","EQ","Annual General Meeting","10","24-Jul-2009","-","28-Jul-2009","01-Aug-2009"
"BHARTIARTL","Bharti Airtel Limited","EQ","Agm/Div-Rs.2/Fv Rs10tors5","5","24-Jul-2009","-","31-Jul-2009","21-Aug-2009"
"GLOBOFFS","Global Offshore Services Limited","EQ","3rd Int Div-Rs.0.40 P Shrpurpose Revised","10","24-Jul-2009","27-Jul-2009","-","-"
"SUBEX","Subex Limited","EQ","Annual Book Closure","10","24-Jul-2009","-","28-Jul-2009","29-Jul-2009"
"TFL","Transwarranty Finance Limited","EQ","Agm/Div-Re.0.30 Per Share","10","24-Jul-2009","-","28-Jul-2009","05-Aug-2009"
"JMCPROJECT","JMC Projects (India)  Limited","EQ","Rht1:5@Prem-Rs100/Div-Rs2bc Dates And Purpose Revised","2","24-Jul-2009","-","31-Jul-2009","31-Jul-2009"
"DCMSHRIRAM","DCM Shriram Limited","EQ","Agm/Div-Re.0.80 Per Share","2","24-Jul-2009","-","28-Jul-2009","04-Aug-2009"
"BILPOWER","Bilpower  Limited","EQ","Agm/Div-Rs.1.80 Per Share","10","24-Jul-2009","-","28-Jul-2009","31-Jul-2009"
"ZENITHCOMP","Zenith Computers Limited","EQ","Agm/Div-Re.0.90 Per Share","10","24-Jul-2009","-","28-Jul-2009","08-Aug-2009"
"TCS","Tata Consultancy Services Limited","EQ","Int Div-Rs.2/- Per Share","1","27-Jul-2009","-","29-Jul-2009","30-Jul-2009"
"WINSOMYARN","Winsome Yarns Limited","EQ","Annual General Meeting","1","27-Jul-2009","-","29-Jul-2009","30-Jul-2009"
"CAPF","Capital First Limited","EQ","Annual Book Closure","10","27-Jul-2009","-","29-Jul-2009","04-Aug-2009"
"CENTRALBK","Central Bank of India","EQ","Agm/Div-Rs.2/- Per Share","10","27-Jul-2009","-","29-Jul-2009","04-Aug-2009"
"SHRIRAMCIT","Shriram City Union Finance Limited","EQ","Agm/Div-Rs.3/- Per Share","10","27-Jul-2009","-","29-Jul-2009","30-Jul-2009"
"BALKRISIND","Balkrishna Industries Limited","EQ","Agm/Div-Rs.6/- Per Share","2","27-Jul-2009","-","29-Jul-2009","31-Jul-2009"
"KABRAEXTRU","Kabra Extrusion Technik Limited","EQ","Agm/Div-Rs.6/- Per Share","5","28-Jul-2009","-","30-Jul-2009","06-Aug-2009"
"RAMCOCEM","The Ramco Cements Limited","EQ","Agm/Div-Re.1/- Per Share","1","28-Jul-2009","-","30-Jul-2009","05-Aug-2009"
"PLASTIBLEN","Plastiblends India Limited","EQ","Agm/Div-Rs.7/- Per Share","5","28-Jul-2009","-","30-Jul-2009","06-Aug-2009"
"RAMCOIND","Ramco Industries Limited","EQ","Agm/Div-Rs.5/- Per Share","1","28-Jul-2009","-","30-Jul-2009","05-Aug-2009"
"UNIVCABLES","Universal Cables Limited","EQ","Agm/Div-Re.1/- Per Share","10","29-Jul-2009","-","31-Jul-2009","06-Aug-2009"
"HINDZINC","Hindustan Zinc Limited","EQ","Agm/Dividend-40%","2","29-Jul-2009","-","31-Jul-2009","06-Aug-2009"
"VINDHYATEL","Vindhya Telelinks Limited","EQ","Annual General Meeting","10","29-Jul-2009","-","31-Jul-2009","06-Aug-2009"
"BIRLACABLE","Birla Cable Limited","EQ","Annual General Meeting","10","29-Jul-2009","-","31-Jul-2009","06-Aug-2009"
"EVERONN","Everonn Education Limited","EQ","Annual Book Closure","10","29-Jul-2009","-","31-Jul-2009","03-Aug-2009"
"SUDARCOLOR","Sudarshan Colorants India Limited","EQ","Int Div-Rs.10/- Per Sharepurpose Revised","10","29-Jul-2009","30-Jul-2009","-","-"
"GREENPLY","Greenply Industries Limited","EQ","Agm/Div-Rs.1.50 Per Share","1","30-Jul-2009","-","03-Aug-2009","07-Aug-2009"
"ICRA","ICRA Limited","EQ","Agm/Div-Fin Rs.7+Spl Rs.5","10","30-Jul-2009","-","01-Aug-2009","03-Aug-2009"
"ACE","Action Construction Equipment Limited","EQ","Div-Re.0.40 Per Share","2","30-Jul-2009","-","03-Aug-2009","06-Aug-2009"
"RPGLIFE","RPG Life Sciences Limited","EQ","Agm/Div-Rs.1.20 Per Share","8","30-Jul-2009","-","01-Aug-2009","26-Aug-2009"
"PENINLAND","Peninsula Land Limited","EQ","Agm/Div-Re.0.90 Per Share","2","30-Jul-2009","-","03-Aug-2009","10-Aug-2009"
"EIHAHOTELS","EIH Associated Hotels Limited","EQ","Agm/Div-Rs.1.50 Per Share","10","30-Jul-2009","-","03-Aug-2009","24-Aug-2009"
"EIHOTEL","EIH Limited","EQ","Agm/Div-Rs.1.20 Per Share","2","30-Jul-2009","-","03-Aug-2009","20-Aug-2009"
"TTML","Tata Teleservices (Maharashtra) Limited","EQ","Annual General Meeting","10","30-Jul-2009","-","03-Aug-2009","13-Aug-2009"
"VISAKAIND","Visaka Industries Limited","EQ","Int Div-Rs.1.50 Per Share","2","30-Jul-2009","31-Jul-2009","-","-"
"ACC","ACC Limited","EQ","Int Div-Rs.10/- Per Sharepurpose Revised","10","30-Jul-2009","31-Jul-2009","-","-"
"SAIL","Steel Authority of India Limited","EQ","Agm/Div-Rs.1.30 Per Share","10","30-Jul-2009","-","01-Aug-2009","21-Aug-2009"
"DIVISLAB","Divi's Laboratories Limited","EQ","Bonus-1:1","2","30-Jul-2009","01-Aug-2009","-","-"
"SANOFI","Sanofi India Limited","EQ","Int Div-Rs.3.50 Per Sharepurpose Revised","10","30-Jul-2009","31-Jul-2009","-","-"
"SUZLON","Suzlon Energy Limited","EQ","Annual General Meeting   Bc Dates Revised","2","30-Jul-2009","-","03-Aug-2009","13-Aug-2009"
"JOCIL","Jocil Limited","EQ","Agm/Div-Rs.8/- Per Share","10","31-Jul-2009","-","04-Aug-2009","08-Aug-2009"
"TTKPRESTIG","TTK Prestige Limited","EQ","Agm/Div-Rs.5/- Per Share","1","31-Jul-2009","-","04-Aug-2009","12-Aug-2009"
"ERAINFRA","Era Infra Engineering Limited","EQ","Agm/Div-Re.0.40 Per Share","2","31-Jul-2009","-","04-Aug-2009","08-Aug-2009"
"MMFL","MM Forgings Limited","EQ","Agm/Div-Rs.1.50 Per Share","10","31-Jul-2009","-","04-Aug-2009","07-Aug-2009"
"INDIACEM","The India Cements Limited","EQ","Agm/Div-Rs.2/- Per Share","10","31-Jul-2009","-","04-Aug-2009","07-Aug-2009"
"VEDL","Vedanta Limited","EQ","Agm/Div-Rs.2.25 Per Sharebc Dates Revised","1","31-Jul-2009","-","04-Aug-2009","06-Aug-2009"
"CRISIL","Crisil Limited","EQ","2nd Int Div-Rs.25/- P Shrpurpose Revised","1","31-Jul-2009","03-Aug-2009","-","-"
"TRENT","Trent Limited","EQ","Agm/Div-Rs.5.50 Per Share","1","31-Jul-2009","-","04-Aug-2009","06-Aug-2009"
"CASTROL","Castrol India Limited","EQ","Int Div-Rs.10/- Per Sharepurpose Revised","10","31-Jul-2009","03-Aug-2009","-","-"
"RELMEDIA","Reliance MediaWorks Limited","EQ","Scheme Of Arrangement","5","31-Jul-2009","07-Aug-2009","-","-"
"CHAMBLFERT","Chambal Fertilizers & Chemicals Limited","EQ","Dividend-Rs.1.80 Pr Share","10","31-Jul-2009","-","04-Aug-2009","06-Aug-2009"
"INDIANCARD","Indian Card Clothing Company Limited","EQ","Agm/Div-Rs.2.50 Per Share","10","31-Jul-2009","-","04-Aug-2009","14-Aug-2009"
"NRBBEARING","NRB Bearing Limited","EQ","Dividend-Rs.1.60 Pr Share","2","03-Aug-2009","-","05-Aug-2009","12-Aug-2009"
"GODREJCP","Godrej Consumer Products Limited","EQ","Div-Fin Re.0.75+Int Re.1/Purpose Revised","1","03-Aug-2009","04-Aug-2009","-","-"
"RAMCOSYS","Ramco Systems Limited","EQ","Annual Book Closure","10","03-Aug-2009","-","05-Aug-2009","05-Aug-2009"
"TMPV","Tata Motors Passenger Vehicles Limited","EQ","Dividend-Rs.6/- Per Share","2","03-Aug-2009","-","05-Aug-2009","25-Aug-2009"
"BIRLAPOWER","Birla Power Solutions Limited","EQ","Annual General Meeting","1","03-Aug-2009","-","05-Aug-2009","08-Aug-2009"
"ANTELOPUS","Antelopus Selan Energy Limited","EQ","Int Div-Rs. 1.50 Pr Sharepurpose Revised","10","03-Aug-2009","04-Aug-2009","-","-"
"TATAMTRDVR","Tata Motors Limited","EQ","Dividend-Rs.6.50 Pr Share","2","03-Aug-2009","-","05-Aug-2009","25-Aug-2009"
"NILKAMAL","Nilkamal Limited","EQ","Agm/Div-Rs.2/- Per Share","10","04-Aug-2009","-","06-Aug-2009","13-Aug-2009"
"RCOM","Reliance Communications Limited","EQ","Int Div-Re.0.80 Per Sharepurpose Revised","5","04-Aug-2009","05-Aug-2009","-","-"
"COUNCODOS","Country Condo's Limited","EQ","Annual General Meeting","1","04-Aug-2009","-","06-Aug-2009","07-Aug-2009"
"INSECTICID","Insecticides (India) Limited","EQ","Dividend-Rs.2/- Per Share","10","04-Aug-2009","-","06-Aug-2009","12-Aug-2009"
"JETAIRWAYS","Jet Airways (India) Limited","EQ","Annual General Meeting","10","04-Aug-2009","-","06-Aug-2009","17-Aug-2009"
"AMBUJACEM","Ambuja Cements Limited","EQ","Int Div-Rs.1.20 Per Share","2","04-Aug-2009","05-Aug-2009","-","-"
"ELGIRUBBER","Elgi Rubber Company Limited","EQ","Agm/Div-Re.0.10 Per Share","1","05-Aug-2009","-","07-Aug-2009","17-Aug-2009"
"HINDNATGLS","Hindusthan National Glass & Industries Limited","EQ","Agm/Div-Rs.5/- Per Share","2","05-Aug-2009","-","07-Aug-2009","14-Aug-2009"
"DCHL","Deccan Chronicle Holdings Limited","EQ","Int Div-Re.1/- Per Share Purpose Revised","2","05-Aug-2009","06-Aug-2009","-","-"
"WHEELS","Wheels India Limited","EQ","Agm/Div-Rs.5.50 Per Share","10","05-Aug-2009","-","07-Aug-2009","14-Aug-2009"
"UBENGG","UB Engineering Limited","EQ","Annual General Meeting","10","05-Aug-2009","-","07-Aug-2009","10-Aug-2009"
"HINDOILEXP","Hindustan Oil Exploration Company Limited","EQ","Annual General Meeting","10","05-Aug-2009","-","07-Aug-2009","11-Aug-2009"
"TREADS","Treadsdirect Limited","EQ","Agm/Div-Re.0.17 Per Share","1","05-Aug-2009","-","07-Aug-2009","17-Aug-2009"
"MRPL","Mangalore Refinery and Petrochemicals Limited","EQ","Agm/Div-Rs.1.20 Per Share","10","06-Aug-2009","-","08-Aug-2009","22-Aug-2009"
"CORALHUB","Coral Hub Limited","EQ","Bonus 1:2","1","06-Aug-2009","07-Aug-2009","-","-"
"LUMAXIND","Lumax Industries Limited","EQ","Agm/Div-Re.1/- Per Share","10","06-Aug-2009","-","08-Aug-2009","18-Aug-2009"
"UNITECH","Unitech Limited","EQ","Agm/Div-Re.0.10 Per Share","2","06-Aug-2009","-","08-Aug-2009","20-Aug-2009"
"INDIAGLYCO","India Glycols Limited","EQ","Agm/Div-Re.1/- Per Share","5","06-Aug-2009","-","10-Aug-2009","17-Aug-2009"
"MRF","MRF Limited","EQ","Int Div-Rs.3/- Per Share","10","06-Aug-2009","07-Aug-2009","-","-"
"JAYBARMARU","Jay Bharat Maruti Limited","EQ","Agm/Div-Re.1/- Per Share","2","06-Aug-2009","-","10-Aug-2009","24-Aug-2009"
"FOSECOIND","Foseco India Limited","EQ","1st Int Div-Re.1/- Pr Shrpurpose Revised","10","06-Aug-2009","07-Aug-2009","-","-"
"SUNDRMFAST","Sundram Fasteners Limited","EQ","Annual General Meeting","1","06-Aug-2009","-","08-Aug-2009","20-Aug-2009"
"CUB","City Union Bank Limited","EQ","Agm/Div-Re.0.75 Per Share","1","06-Aug-2009","-","08-Aug-2009","12-Aug-2009"
"ZEEMEDIA","Zee Media Corporation Limited","EQ","Agm/Div-Re0.40 Per Share","1","06-Aug-2009","-","10-Aug-2009","18-Aug-2009"
"PALRED","Palred Technologies Limited","EQ","Int Div-Re.0.25 Per Share","5","06-Aug-2009","07-Aug-2009","-","-"
"ZEEL","Zee Entertainment Enterprises Limited","EQ","Agm/Div-Rs.2/- Per Share","1","06-Aug-2009","-","10-Aug-2009","18-Aug-2009"
"BANSWRAS","Banswara Syntex Limited","EQ","Agm/Div-Rs.1.80 Per Share","5","06-Aug-2009","-","08-Aug-2009","17-Aug-2009"
"NATNLSTEEL","National Steel And Agro Industries Limited","EQ","Annual General Meeting","10","06-Aug-2009","-","10-Aug-2009","12-Aug-2009"
"SIL","Standard Industries Limited","EQ","Dividend-Re.0.50 Pr Share","5","07-Aug-2009","-","11-Aug-2009","25-Aug-2009"
"VALECHAENG","Valecha Engineering Limited","EQ","Dividend-Rs.1.20 Pr Share","10","07-Aug-2009","-","11-Aug-2009","20-Aug-2009"
"ANANTRAJ","Anant Raj Limited","EQ","Agm/Div-Re.0.60 Per Share","2","07-Aug-2009","-","11-Aug-2009","20-Aug-2009"
"AUSTRAL","Austral Coke & Projects Limited","EQ","Fv Split Rs.10/- To Re.1/","1","07-Aug-2009","10-Aug-2009","-","-"
"FINCABLES","Finolex Cables Limited","EQ","Agm/Div-Re.0.20 Per Share","2","07-Aug-2009","-","11-Aug-2009","26-Aug-2009"
"CEATLTD","CEAT Limited","EQ","Annual General Meeting","10","07-Aug-2009","-","11-Aug-2009","25-Aug-2009"
"ELECTCAST","Electrosteel Castings Limited","EQ","Agm/Div-Rs.1.25 Per Share","1","07-Aug-2009","-","11-Aug-2009","18-Aug-2009"
"ONIDA","Onida Electronics Limited","EQ","Dividend-Re.0.40 Pr Share","1","07-Aug-2009","-","11-Aug-2009","17-Aug-2009"
"CAIRN","Cairn India Limited","EQ","Annual General Meeting","10","07-Aug-2009","-","11-Aug-2009","18-Aug-2009"
"SUNDRMBRAK","Sundaram Brake Linings Limited","EQ","Annual General Meeting","10","07-Aug-2009","-","11-Aug-2009","12-Aug-2009"
"INDBANK","Indbank Merchant Banking Services Limited","EQ","Agm/Div-Re.0.75 Per Share","10","07-Aug-2009","-","11-Aug-2009","19-Aug-2009"
"CIPLA","Cipla Limited","EQ","Agm/Div-Rs.2/- Per Share","2","10-Aug-2009","-","12-Aug-2009","26-Aug-2009"
"PNBGILTS","PNB Gilts Limited","EQ","Agm/Dividend - 8%","10","10-Aug-2009","-","12-Aug-2009","19-Aug-2009"
"WYETH","Wyeth Limited","EQ","Agm/Div-Rs.32.50 Pr Share","10","10-Aug-2009","-","12-Aug-2009","21-Aug-2009"
"JPPOWER","Jaiprakash Power Ventures Limited","EQ","Agm/Div-Re.0.75 Per Share","10","10-Aug-2009","-","12-Aug-2009","18-Aug-2009"
"63MOONS","63 moons technologies limited","EQ","Int Div-Rs.2/- Per Share","2","10-Aug-2009","11-Aug-2009","-","-"
"BASF","BASF India Limited","EQ","Agm/Dividend-70%","10","10-Aug-2009","-","12-Aug-2009","21-Aug-2009"
"FEDERALBNK","The Federal Bank  Limited","EQ","Dividend-Rs.5/- Per Share","2","11-Aug-2009","-","13-Aug-2009","17-Aug-2009"
"PIRGLASS","Piramal Glass Limited","EQ","Rht 7:2@Prem Rs 20 Per Sh","10","11-Aug-2009","-","13-Aug-2009","13-Aug-2009"
"AMJLAND","Amj Land Holdings Limited","EQ","Agm/Div-Re.0.25 Per Share","2","11-Aug-2009","-","13-Aug-2009","29-Aug-2009"
"VIPCLOTHNG","VIP Clothing Limited","EQ","Agm/Div-Re.0.40 Per Share","2","11-Aug-2009","-","13-Aug-2009","20-Aug-2009"
"NDTV","New Delhi Television Limited","EQ","Annual General Meeting","4","11-Aug-2009","-","13-Aug-2009","20-Aug-2009"
"JAGRAN","Jagran Prakashan Limited","EQ","Agm/Div-Rs.2/- Per Share","2","12-Aug-2009","-","14-Aug-2009","21-Aug-2009"
"PRECOT","Precot Limited","EQ","Annual General Meeting","10","12-Aug-2009","-","14-Aug-2009","21-Aug-2009"
"INGERRAND","Ingersoll Rand (India) Limited","EQ","Agm/Div-Rs.3/- Per Share","10","12-Aug-2009","-","14-Aug-2009","21-Aug-2009"
"BANARBEADS","Banaras Beads Limited","EQ","Annual General Meeting","10","12-Aug-2009","-","14-Aug-2009","27-Aug-2009"
"HAVELLS","Havells India Limited","EQ","Agm/Div-Rs.2.5 Per Share","1","12-Aug-2009","-","14-Aug-2009","21-Aug-2009"
"ORIENTCER","ORIENT CERATECH LIMITED","EQ","Bonus 1:1","1","12-Aug-2009","13-Aug-2009","-","-"
"WSTCSTPAPR","West Coast Paper Mills Limited","EQ","Dividend-Rs.2/- Per Share","2","13-Aug-2009","-","17-Aug-2009","31-Aug-2009"
"HUBTOWN","Hubtown Limited","EQ","Agm/Div-Re.1/- Per Share","10","13-Aug-2009","-","17-Aug-2009","27-Aug-2009"
"JMTAUTOLTD","JMT Auto Limited","EQ","Agm/Div-Re.0.10 Per Share","1","13-Aug-2009","-","15-Aug-2009","25-Aug-2009"
"RIIL","Reliance Industrial Infrastructure Limited","EQ","Dividend-Rs.3.50 Pr Share","10","13-Aug-2009","-","17-Aug-2009","22-Aug-2009"
"ETC","ETC Networks Limited","EQ","Agm/Div-Rs.2.50 Per Share","10","13-Aug-2009","-","15-Aug-2009","19-Aug-2009"
"FINPIPE","Finolex Industries Limited","EQ","Dividend-Re.1/- Per Share","2","13-Aug-2009","-","15-Aug-2009","28-Aug-2009"
"EMCO","Emco Limited","EQ","Agm/Div-Rs.1.40 Per Share","2","13-Aug-2009","-","17-Aug-2009","25-Aug-2009"
"LAKSHVILAS","Lakshmi Vilas Bank Limited","EQ","Agm/Div-Rs.2.50 Per Share","10","13-Aug-2009","-","15-Aug-2009","17-Aug-2009"
"HEXAWARE","Hexaware Technologies Limited","EQ","Int Div-Re.0.60 Per Share","2","13-Aug-2009","14-Aug-2009","-","-"
"HINDPETRO","Hindustan Petroleum Corporation Limited","EQ","Agm/Div-Rs.5.25 Per Share","10","13-Aug-2009","-","17-Aug-2009","28-Aug-2009"
"POLARIND","Polar Industries Limited","EQ","Annual General Meeting","10","13-Aug-2009","-","17-Aug-2009","21-Aug-2009"
"JYOTISTRUC","Jyoti Structures Limited","EQ","Agm/Div-Re.0.90 Per Share","2","13-Aug-2009","-","17-Aug-2009","25-Aug-2009"
"SOUTHBANK","The South Indian Bank Limited","EQ","Dividend-Rs.3/- Per Share","1","13-Aug-2009","-","15-Aug-2009","21-Aug-2009"
"PREMIERPOL","Premier Polyfilm Limited","EQ","Annual General Meeting","1","13-Aug-2009","-","16-Aug-2009","21-Aug-2009"
"KLGSYSTEL","KLG Systel Limited","EQ","Agm/Div-Rs.2.75 Per Share","10","13-Aug-2009","-","17-Aug-2009","22-Aug-2009"
"KPRMILL","K.P.R. Mill Limited","EQ","Agm/Div-Rs.2/- Per Share","1","13-Aug-2009","-","17-Aug-2009","27-Aug-2009"
"RKFORGE","Ramkrishna Forgings Limited","EQ","Annual General Meeting","2","13-Aug-2009","-","17-Aug-2009","22-Aug-2009"
"DHARSUGAR","Dharani Sugars & Chemicals Limited","EQ","Agm/Div-Re.1/- Per Share","10","13-Aug-2009","-","17-Aug-2009","24-Aug-2009"
"TATACONSUM","TATA CONSUMER PRODUCTS LIMITED","EQ","Agm/Div-17.50 Per Share","1","13-Aug-2009","-","15-Aug-2009","01-Sep-2009"
"SITINET","Siti Networks Limited","EQ","Agm/Rht 109:100 Prm@Rs.18purpose Revised","1","13-Aug-2009","-","15-Aug-2009","19-Aug-2009"
"20MICRONS","20 Microns Limited","EQ","Annual General Meeting","5","13-Aug-2009","-","17-Aug-2009","20-Aug-2009"
"KALSTEELS","Kalyani Steels Limited","EQ","Annual General Meeting","10","13-Aug-2009","-","17-Aug-2009","26-Aug-2009"
"BANKRAJAS","The Bank of Rajasthan Limited","EQ","Agm/Div-Re.0.20 Per Share","10","13-Aug-2009","-","17-Aug-2009","29-Aug-2009"
"SICAGEN","Sicagen India Limited","EQ","Annual General Meeting","10","13-Aug-2009","-","17-Aug-2009","26-Aug-2009"
"EXCELINDUS","Excel Industries Limited","EQ","Agm/Div-Re.0.50 Per Share","5","14-Aug-2009","-","18-Aug-2009","24-Aug-2009"
"DCW","DCW Limited","EQ","Agm/Div-Re.0.30 Per Share","2","14-Aug-2009","-","18-Aug-2009","27-Aug-2009"
"UNIPLY","Uniply Industries Limited","EQ","Annual General Meeting","2","14-Aug-2009","-","18-Aug-2009","22-Aug-2009"
"TVTODAY","TV Today Network Limited","EQ","Dividend-Re.0.75 Pr Share","5","14-Aug-2009","-","18-Aug-2009","27-Aug-2009"
"ANDHRAPAP","ANDHRA PAPER LIMITED","EQ","Agm/Div-Re.0.50 Per Share","2","14-Aug-2009","-","18-Aug-2009","25-Aug-2009"
"BOMDYEING","Bombay Dyeing & Mfg Company Limited","EQ","Dividend-Re.1/- Per Share","2","14-Aug-2009","-","18-Aug-2009","28-Aug-2009"
"BRITANNIA","Britannia Industries Limited","EQ","Annual General Meeting","1","14-Aug-2009","-","18-Aug-2009","31-Aug-2009"
"KAJARIACER","Kajaria Ceramics Limited","EQ","Agm/Div-Re.0.20 Per Share","1","14-Aug-2009","-","18-Aug-2009","28-Aug-2009"
"SOMATEX","Soma Textiles & Industries Limited","EQ","Annual General Meeting","10","17-Aug-2009","-","19-Aug-2009","24-Aug-2009"
"ADANIPORTS","Adani Ports and Special Economic Zone Limited","EQ","Agm/Div-Re.1/- Per Share","2","17-Aug-2009","-","20-Aug-2009","31-Aug-2009"
"FDC","FDC Limited","EQ","Agm/Div-Rs.1.25 Per Share","1","17-Aug-2009","-","20-Aug-2009","29-Aug-2009"
"HBSTOCK","HB Stockholdings Limited","EQ","Annual General Meeting","10","17-Aug-2009","-","20-Aug-2009","25-Aug-2009"
"WILLAMAGOR","Williamson Magor & Company Limited","EQ","Annual General Meeting","10","17-Aug-2009","-","20-Aug-2009","28-Aug-2009"
"BALAMINES","Balaji Amines Limited","EQ","Agm/Dividend - 20%","2","17-Aug-2009","-","20-Aug-2009","30-Aug-2009"
"LAOPALA","La Opala RG Limited","EQ","Annual General Meeting","2","17-Aug-2009","-","20-Aug-2009","29-Aug-2009"
"NORBTEAEXP","Norben Tea & Exports Limited","EQ","Annual General Meeting","10","17-Aug-2009","-","19-Aug-2009","28-Aug-2009"
"BAGFILMS","B.A.G Films and Media Limited","EQ","Annual General Meeting","2","17-Aug-2009","-","20-Aug-2009","26-Aug-2009"
"DYNAMATECH","Dynamatic Technologies Limited","EQ","Agm/Div-Rs.1.50 Per Share","10","17-Aug-2009","-","20-Aug-2009","25-Aug-2009"
"VISACHROME","VISA Chrome Limited","EQ","Annual General Meeting","10","17-Aug-2009","-","19-Aug-2009","26-Aug-2009"
"COSMOFIRST","COSMO FIRST LIMITED","EQ","Agm/Div-Rs.5/- Per Share","10","17-Aug-2009","-","19-Aug-2009","25-Aug-2009"
"IIFL","IIFL Finance Limited","EQ","Int Div-Rs.1.20 Per Sharepurpose Revised","2","17-Aug-2009","18-Aug-2009","-","-"
"RGL","Renaissance Global Limited","EQ","Agm/Div-Rs.1.50 Per Share","2","17-Aug-2009","-","20-Aug-2009","28-Aug-2009"
"SWELECTES","Swelect Energy Systems Limited","EQ","Agm/Div-Rs.5/- Per Share","10","17-Aug-2009","-","20-Aug-2009","22-Aug-2009"
"ZODIACLOTH","Zodiac Clothing Company Limited","EQ","Agm/Div-Rs.6.50 Per Share","10","17-Aug-2009","-","19-Aug-2009","26-Aug-2009"
"HIKAL","Hikal Limited","EQ","Annual General Meeting","2","17-Aug-2009","-","20-Aug-2009","27-Aug-2009"
"LLOYDFIN","Lloyds Finance Limited","EQ","Annual General Meeting","10","17-Aug-2009","-","20-Aug-2009","28-Aug-2009"
"INGVYSYABK","ING Vysya Bank Limited","EQ","Agm/Dividend - 20%","10","18-Aug-2009","-","21-Aug-2009","04-Sep-2009"
"VARUN","Varun Industries Limited","EQ","Agm/Div-Re.1/- Per Share","10","18-Aug-2009","-","21-Aug-2009","27-Aug-2009"
"FORTIS","Fortis Healthcare Limited","EQ","Rhts Eq 2:5 & 2 Wrnt:2 Eq","10","18-Aug-2009","20-Aug-2009","-","-"
"MARUTI","Maruti Suzuki India Limited","EQ","Agm/Div-Rs.3.50 Per Share","5","18-Aug-2009","-","21-Aug-2009","02-Sep-2009"
"LT","Larsen & Toubro Limited","EQ","Dividend-Rs10.50 Pr Share","2","18-Aug-2009","-","21-Aug-2009","28-Aug-2009"
"TRIDENT","Trident Limited","EQ","Annual General Meeting","1","18-Aug-2009","-","21-Aug-2009","27-Aug-2009"
"3PLAND","3P Land Holdings Limited","EQ","Annual General Meeting","2","18-Aug-2009","-","21-Aug-2009","31-Aug-2009"
"CALSOFT","California Software Company Limited","EQ","Annual General Meeting","10","18-Aug-2009","-","21-Aug-2009","28-Aug-2009"
"GNFC","Gujarat Narmada Valley Fertilizers and Chemicals Limited","EQ","Dividend-Rs.3.25 Pr Share","10","18-Aug-2009","-","21-Aug-2009","28-Aug-2009"
"TAKE","TAKE Limited","EQ","Agm/Div-Re.0.20 Per Share","1","18-Aug-2009","-","21-Aug-2009","28-Aug-2009"
"KEYFINSERV","Keynote Financial Services Limited","EQ","Agm/Div-Re.1/- Per Share","10","18-Aug-2009","-","21-Aug-2009","25-Aug-2009"
"SKIL","SKIL Infrastructure Limited","EQ","Agm/Div-Re.1/- Per Share","10","18-Aug-2009","-","21-Aug-2009","27-Aug-2009"
"DVL","Dhunseri Ventures Limited","EQ","Agm/Div-Rs.2.50 Per Share","10","18-Aug-2009","-","21-Aug-2009","27-Aug-2009"
"ZICOM","Zicom Electronic Security Systems Limited","EQ","Agm/Div-Re.0.70 Per Share","10","18-Aug-2009","-","21-Aug-2009","29-Aug-2009"
"SIMPLEXINF","Simplex Infrastructures Limited","EQ","Dividend-Rs.2/- Per Share","2","20-Aug-2009","-","22-Aug-2009","26-Aug-2009"
"SUNTV","Sun TV Network Limited","EQ","Agm/Div-Re.1/- Per Share","5","20-Aug-2009","-","22-Aug-2009","04-Sep-2009"
"ECLERX","eClerx Services Limited","EQ","Agm/Div-Rs.10/- Per Share","10","20-Aug-2009","-","24-Aug-2009","26-Aug-2009"
"JKTYRE","JK Tyre & Industries Limited","EQ","An Bk Clr/Div-Rs2.70 P Sh","2","20-Aug-2009","-","24-Aug-2009","31-Aug-2009"
"MUNJALAU","Munjal Auto Industries Limited","EQ","Dividend-Rs.2.50 Pr Share","2","20-Aug-2009","-","24-Aug-2009","29-Aug-2009"
"NETWORK18","Network18 Media & Investments Limited","EQ","Annual General Meeting","5","20-Aug-2009","-","24-Aug-2009","28-Aug-2009"
"JSL","Jindal Stainless Limited","EQ","Annual General Meeting","2","20-Aug-2009","-","22-Aug-2009","28-Aug-2009"
"OFSS","Oracle Financial Services Software Limited","EQ","Annual General Meeting","5","20-Aug-2009","-","22-Aug-2009","25-Aug-2009"
"APOLLOHOSP","Apollo Hospitals Enterprise Limited","EQ","Agm/Div-Rs.6.50 Per Share","5","20-Aug-2009","-","22-Aug-2009","26-Aug-2009"
"GKWLIMITED","GKW Limited","EQ","Annual General Meeting","10","20-Aug-2009","-","24-Aug-2009","03-Sep-2009"
"SHREEASHTA","Shree Ashtavinayak Cine Vision Limited","EQ","Fv Split Rs.10/- To Rs.1/","1","20-Aug-2009","21-Aug-2009","-","-"
"JAYAGROGN","Jayant Agro Organics Limited","EQ","Agm/Div-Rs.1.25 Per Share","5","20-Aug-2009","-","22-Aug-2009","27-Aug-2009"
"GLODYNE","Glodyne Technoserve Limited","EQ","Div-Rs.4.20 Pr Sh/Bon 1:1","6","20-Aug-2009","-","24-Aug-2009","24-Aug-2009"
"GKW","GKW Limited","EQ","Annual General Meeting","10","20-Aug-2009","-","24-Aug-2009","03-Sep-2009"
"TV18BRDCST","TV18 Broadcast Limited","EQ","Annual General Meeting","2","20-Aug-2009","-","24-Aug-2009","28-Aug-2009"
"JBMA","JBM Auto Limited","EQ","Annual General Meeting","1","20-Aug-2009","-","24-Aug-2009","04-Sep-2009"
"CENTURYPLY","Century Plyboards (India) Limited","EQ","Agm/Div-Re.0.25 Per Share","1","20-Aug-2009","-","22-Aug-2009","28-Aug-2009"
"UTVSOF","UTV Software Communications Limited","EQ","Annual General Meeting","10","20-Aug-2009","-","24-Aug-2009","04-Sep-2009"
"IFBIND","IFB Industries Limited","EQ","Annual General Meeting","10","20-Aug-2009","-","24-Aug-2009","26-Aug-2009"
"NMDC","NMDC Limited","EQ","Agm/Div-Rs.1.18 Per Share","1","20-Aug-2009","-","22-Aug-2009","29-Aug-2009"
"VLSFINANCE","VLS Finance Limited","EQ","Annual General Meeting","10","20-Aug-2009","-","24-Aug-2009","31-Aug-2009"
"GMRAIRPORT","GMR AIRPORTS LIMITED","EQ","Annual General Meeting","1","20-Aug-2009","-","24-Aug-2009","31-Aug-2009"
"NLCINDIA","NLC India Limited","EQ","Agm/Div-Rs.2/- Per Share","10","20-Aug-2009","-","22-Aug-2009","03-Sep-2009"
"SRIPIPES","Srikalahasthi Pipes Limited","EQ","Agm/Div-Re.1/- Per Share Purpose Revised","10","20-Aug-2009","-","22-Aug-2009","28-Aug-2009"
"COLPAL","Colgate Palmolive (India) Limited","EQ","Int Div-Rs.8/- Per Share Purpose Revised","1","20-Aug-2009","21-Aug-2009","-","-"
"GAIL","GAIL (India) Limited","EQ","Dividend-Rs.3/- Per Share","10","20-Aug-2009","-","22-Aug-2009","08-Sep-2009"
"CRESTANI","Crest Animation Studios Limited","EQ","Annual General Meeting","10","20-Aug-2009","-","24-Aug-2009","29-Aug-2009"
"ADANIENT","Adani Enterprises Limited","EQ","Agm/Div-Re.1/- Per Share","1","20-Aug-2009","-","24-Aug-2009","28-Aug-2009"
"SUPRAJIT","Suprajit Engineering Limited","EQ","Agm/Div-Rs.1.25 Per Share","1","21-Aug-2009","-","25-Aug-2009","29-Aug-2009"
"SELMCL","SEL Manufacturing Company Limited","EQ","Annual General Meeting","10","21-Aug-2009","-","25-Aug-2009","26-Aug-2009"
"SUNPHARMA","Sun Pharmaceutical Industries Limited","EQ","Div-Rs.13.75 Per Share","1","21-Aug-2009","-","25-Aug-2009","05-Sep-2009"
"TATAELXSI","Tata Elxsi Limited","EQ","Agm/Div-Rs.7/- Per Share","10","21-Aug-2009","-","25-Aug-2009","07-Sep-2009"
"SEPC","SEPC Limited","EQ","Agm/Div-Rs.1.20 Per Share","10","21-Aug-2009","-","25-Aug-2009","31-Aug-2009"
"SUPREMETEX","Supreme Tex Mart Limited","EQ","Annual General Meeting","5","21-Aug-2009","-","25-Aug-2009","28-Aug-2009"
"IFGLREFRAC","IFGL Refractories Limited","EQ","Annual General Meeting","10","21-Aug-2009","-","25-Aug-2009","28-Aug-2009"
"MANGTIMBER","Mangalam Timber Products Limited","EQ","Agm/Div-Re.0.60 Per Share","10","21-Aug-2009","-","25-Aug-2009","03-Sep-2009"
"POWERGRID","Power Grid Corporation of India Limited","EQ","Dividend-Re.0.70 Pr Share","10","21-Aug-2009","-","25-Aug-2009","09-Sep-2009"
"SPARC","Sun Pharma Advanced Research Company Limited","EQ","Annual General Meeting","1","21-Aug-2009","-","25-Aug-2009","05-Sep-2009"
"KEMROCK","Kemrock Industries and Exports Limited","EQ","Agm/Div-Rs.1.50 Per Share","10","24-Aug-2009","-","26-Aug-2009","28-Aug-2009"
"MONSANTO","Monsanto India Limited","EQ","Dividend-Rs.12/- Pr Share","10","24-Aug-2009","-","26-Aug-2009","28-Aug-2009"
"SPICETELE","Spice Communications Limited","EQ","Annual Closure","10","24-Aug-2009","-","26-Aug-2009","02-Sep-2009"
"ORIENTPPR","Orient Paper & Industries Limited","EQ","Dividend-Rs.1.50 Pr Share","1","24-Aug-2009","-","26-Aug-2009","03-Sep-2009"
"CANFINHOME","Can Fin Homes Limited","EQ","Dividend - 20%","2","24-Aug-2009","-","26-Aug-2009","27-Aug-2009"
"EASTSILK","Eastern Silk Industries Limited","EQ","Agm/Div-Re.0.20 Per Sharepurpose Revised","2","25-Aug-2009","-","27-Aug-2009","09-Sep-2009"
"TIPSMUSIC","Tips Music Limited","EQ","Agm/Div-Rs.1.10 Per Share","1","25-Aug-2009","-","27-Aug-2009","29-Aug-2009"
"ONWARDTEC","Onward Technologies Limited","EQ","Annual General Meeting","10","25-Aug-2009","-","27-Aug-2009","31-Aug-2009"
"ARCHIDPLY","Archidply Industries Limited","EQ","Agm/Div-Re.1/- Per Share","10","25-Aug-2009","-","27-Aug-2009","02-Sep-2009"
"INDNIPPON","India Nippon Electricals Limited","EQ","Annual General Meeting","5","26-Aug-2009","-","28-Aug-2009","31-Aug-2009"
"SREINFRA","SREI Infrastructure Finance Limited","EQ","Agm/Div-Re.1/- Per Share","10","26-Aug-2009","-","28-Aug-2009","05-Sep-2009"
"BPCL","Bharat Petroleum Corporation Limited","EQ","Agm/Div-Rs.7/- Per Share","10","26-Aug-2009","-","28-Aug-2009","08-Sep-2009"
"ENIL","Entertainment Network (India) Limited","EQ","Annual General Meeting","10","26-Aug-2009","-","28-Aug-2009","04-Sep-2009"
"IMPAL","India Motor Parts and Accessories Limited","EQ","Annual General Meeting","10","26-Aug-2009","-","28-Aug-2009","04-Sep-2009"
"YESBANK","Yes Bank Limited","EQ","Annual General Meeting","2","27-Aug-2009","-","31-Aug-2009","03-Sep-2009"
"SOTL","Savita Oil Technologies Limited","EQ","Agm/Div-Rs.5/- Per Share","2","27-Aug-2009","-","31-Aug-2009","05-Sep-2009"
"HINDSYNTEX","Hind Syntex Limited","EQ","Annual General Meeting","10","27-Aug-2009","-","31-Aug-2009","10-Sep-2009"
"IRB","IRB Infrastructure Developers Limited","EQ","Dividend-Re.0.50 Pr Share","1","27-Aug-2009","-","31-Aug-2009","04-Sep-2009"
"NANDAN","Nandan Exim Limited","EQ","Annual Book Closure","1","27-Aug-2009","-","29-Aug-2009","31-Aug-2009"
"NUTEK","Nu Tek India Limited","EQ","Agm/Div-Re.1/- Per Share","5","27-Aug-2009","-","31-Aug-2009","09-Sep-2009"
"HAVISHA","Sri Havisha Hospitality and Infrastructure Limited","EQ","Annual General Meeting","2","27-Aug-2009","-","30-Aug-2009","31-Aug-2009"
"CCL","CCL Products (India) Limited","EQ","Div-Re.1/- Per Share     Bc Dates Revised","2","27-Aug-2009","-","31-Aug-2009","04-Sep-2009"
"ADHUNIK","Adhunik Metaliks Limited","EQ","Dividend-Re.1/- Per Share","10","27-Aug-2009","-","31-Aug-2009","11-Sep-2009"
"INDRAMEDCO","Indraprastha Medical Corporation Limited","EQ","Dividend-Rs.1.50 Pr Share","10","27-Aug-2009","-","31-Aug-2009","09-Sep-2009"
"KCP","KCP Limited","EQ","1st Int Div-Rs.2.50 Pr Shpurpose Revised","1","27-Aug-2009","28-Aug-2009","-","-"
"SHRENUJ","Shrenuj & Company Limited","EQ","Agm/Div-Re.0.36 Per Share","2","28-Aug-2009","-","01-Sep-2009","08-Sep-2009"
"VIPIND","VIP Industries Limited","EQ","Agm/Div-Re.1/- Per Share","2","28-Aug-2009","-","01-Sep-2009","11-Sep-2009"
"TVSELECT","TVS Electronics Limited","EQ","Annual General Meeting","10","28-Aug-2009","-","01-Sep-2009","04-Sep-2009"
"JKIL","J.Kumar Infraprojects Limited","EQ","Dividend-Rs.2/- Per Share","5","28-Aug-2009","-","01-Sep-2009","09-Sep-2009"
"NAGARFERT","Nagarjuna Fertilizer & Chemicals Limited","EQ","Annual General Meeting","10","28-Aug-2009","-","01-Sep-2009","17-Sep-2009"
"KHAITANELE","Khaitan Electricals Limited","EQ","Annual General Meeting","10","28-Aug-2009","-","01-Sep-2009","19-Sep-2009"
"CERA","Cera Sanitaryware Limited","EQ","Dividend-Rs.2/- Per Share","5","28-Aug-2009","-","01-Sep-2009","16-Sep-2009"
"APARINDS","Apar Industries Limited","EQ","Annual Book Closure","10","28-Aug-2009","-","01-Sep-2009","04-Sep-2009"
"CYBERMEDIA","Cyber Media (India) Limited","EQ","Annual General Meeting","10","28-Aug-2009","-","01-Sep-2009","08-Sep-2009"
"NFL","National Fertilizers Limited","EQ","Agm/Div-Re.0.60 Per Share","10","28-Aug-2009","-","01-Sep-2009","11-Sep-2009"
"INDOTECH","Indo Tech Transformers Limited","EQ","Annual General Meeting","10","28-Aug-2009","-","01-Sep-2009","04-Sep-2009"
"SAITELE","Sai Television Limited","EQ","Annual General Meeting","10","28-Aug-2009","-","01-Sep-2009","04-Sep-2009"
"CHETTINAD","Chettinad Cement Corporation Limited","EQ","Dividend-Rs.10/- Pr Share","10","28-Aug-2009","-","01-Sep-2009","07-Sep-2009"
"STERTOOLS","Sterling Tools Limited","EQ","Agm/Div-Re.1/- Per Share","2","28-Aug-2009","-","01-Sep-2009","01-Sep-2009"
"DIGJAM","Digjam Limited","EQ","Annual General Meeting","10","28-Aug-2009","-","01-Sep-2009","16-Sep-2009"
"HONDAPOWER","Honda India Power Products Limited","EQ","Agm/Div-Rs.4/- Per Share","10","28-Aug-2009","-","01-Sep-2009","07-Sep-2009"
"CHENNPETRO","Chennai Petroleum Corporation Limited","EQ","Annual General Meeting","10","28-Aug-2009","-","01-Sep-2009","07-Sep-2009"
"EMKAY","Emkay Global Financial Services Limited","EQ","Annual General Meeting","10","28-Aug-2009","-","01-Sep-2009","11-Sep-2009"
"GUJALKALI","Gujarat Alkalies and Chemicals Limited","EQ","Dividend-Rs.3/- Per Share","10","28-Aug-2009","-","01-Sep-2009","25-Sep-2009"
"POONAWALLA","Poonawalla Fincorp Limited","EQ","Dividend-Re.1/- Per Share","2","28-Aug-2009","-","01-Sep-2009","11-Sep-2009"
"PHOENIXLL","Phoenix Lamps Limited","EQ","Agm/Div-Re.0.40 Per Share","10","28-Aug-2009","-","01-Sep-2009","08-Sep-2009"
"SPIC","Southern Petrochemicals Industries Corporation  Limited","EQ","Annual General Meeting","10","28-Aug-2009","-","01-Sep-2009","15-Sep-2009"
"EASUNREYRL","Easun Reyrolle Limited","EQ","Agm/Div-Rs.2/- Per Share","2","28-Aug-2009","-","01-Sep-2009","11-Sep-2009"
"HEROMOTOCO","Hero MotoCorp Limited","EQ","Agm/Div-Rs.20/- Per Share","2","28-Aug-2009","-","01-Sep-2009","04-Sep-2009"
"TNPL","Tamil Nadu Newsprint & Papers Limited","EQ","Agm/Div-Rs.4.50 Per Share","10","28-Aug-2009","-","01-Sep-2009","09-Sep-2009"
"HIRECT","Hirect Limited","EQ","Agm/Div-Rs.2/- Per Share","2","31-Aug-2009","-","02-Sep-2009","10-Sep-2009"
"TANTIACONS","Tantia Constructions Limited","EQ","Agm/Div-Rs.1.50 Per Share","10","31-Aug-2009","-","02-Sep-2009","09-Sep-2009"
"NOVAPETRO","Nova Petrochemicals Limited","EQ","Annual General Meeting","10","31-Aug-2009","-","02-Sep-2009","04-Sep-2009"
"JINDRILL","Jindal Drilling And Industries Limited","EQ","Agm/Div-Rs.1.25 Per Share","5","31-Aug-2009","-","02-Sep-2009","09-Sep-2009"
"HARITASEAT","Harita Seating Systems Limited","EQ","Annual General Meeting","10","01-Sep-2009","-","03-Sep-2009","07-Sep-2009"
"ECEIND","ECE Industries Limited","EQ","Dividend-Rs.2.50 Pr Share","10","01-Sep-2009","-","03-Sep-2009","09-Sep-2009"
"IVRCLAH","IVRCL Assets & Holdings Limited","EQ","Annual General Meeting","10","01-Sep-2009","-","03-Sep-2009","08-Sep-2009"
"SUPREMEIND","Supreme Industries Limited","EQ","Dividend-Rs.12/- Pr Share","2","01-Sep-2009","-","03-Sep-2009","10-Sep-2009"
"BHEL","Bharat Heavy Electricals Limited","EQ","Agm/Div-Rs.8/- Per Share","2","01-Sep-2009","-","03-Sep-2009","17-Sep-2009"
"CINEMAX","Cinemax India Limited","EQ","Agm/Div-Rs.1.20 Per Share","10","01-Sep-2009","-","03-Sep-2009","10-Sep-2009"
"IVRCLINFRA","IVRCL Limited","EQ","Agm/Div-Rs.1.40 Per Share","2","01-Sep-2009","-","03-Sep-2009","09-Sep-2009"
"RPGCABLES","RPG Cables Limited","EQ","Annual General Meeting","10","01-Sep-2009","-","03-Sep-2009","10-Sep-2009"
"JMFINANCIL","JM Financial Limited","EQ","Agm/Div-Re.0.20 Per Share","1","01-Sep-2009","-","03-Sep-2009","10-Sep-2009"
"AVTNPL","AVT Natural Products Limited","EQ","Agm/Div-Rs.3/- Per Share","1","02-Sep-2009","-","04-Sep-2009","10-Sep-2009"
"KNDENGTECH","KND Engineering Technologies Limited","EQ","Annual General Meeting","10","02-Sep-2009","-","04-Sep-2009","11-Sep-2009"
"IOC","Indian Oil Corporation Limited","EQ","Dividend-Rs.7.50 Pr Share","10","02-Sep-2009","-","04-Sep-2009","14-Sep-2009"
"CHESLINTEX","Cheslind Textiles Limited","EQ","Annual General Meeting","10","02-Sep-2009","-","04-Sep-2009","12-Sep-2009"
"HDIL","Housing Development and Infrastructure Limited","EQ","Annual General Meeting","10","02-Sep-2009","-","04-Sep-2009","04-Sep-2009"
"HINDDORROL","Hindustan Dorr-Oliver Limited","EQ","Agm/Div-Re.1/- Per Share","2","02-Sep-2009","-","04-Sep-2009","07-Sep-2009"
"PETRONENGG","Petron Engineering Construction Limited","EQ","Annual Book Closure","10","02-Sep-2009","-","04-Sep-2009","18-Sep-2009"
"ANTELOPUS","Antelopus Selan Energy Limited","EQ","Annual General Meeting","10","02-Sep-2009","-","04-Sep-2009","08-Sep-2009"
"SVOGL","SVOGL Oil Gas And Energy Limited","EQ","Agm/Div-Re.1/- Per Share","10","02-Sep-2009","-","04-Sep-2009","07-Sep-2009"
"GDL","Gateway Distriparks Limited","EQ","Agm/Div-Re.0.50 Per Share","10","02-Sep-2009","-","04-Sep-2009","14-Sep-2009"
"DECOLIGHT","Decolight Ceramics Limited","EQ","Annual General Meeting","10","02-Sep-2009","-","04-Sep-2009","07-Sep-2009"
"DREDGECORP","Dredging Corporation of India Limited","EQ","Dividend-Rs.5/- Per Share","10","02-Sep-2009","-","04-Sep-2009","24-Sep-2009"
"KNRCON","KNR Constructions Limited","EQ","Agm/Div-Rs.2/- Per Share","2","02-Sep-2009","-","04-Sep-2009","09-Sep-2009"
"CREWBOS","Crew B.O.S. Products Limited","EQ","Annual General Meeting","10","03-Sep-2009","-","07-Sep-2009","14-Sep-2009"
"FCSSOFT","FCS Software Solutions Limited","EQ","Agm/Div-Re.0.50 Per Share","1","03-Sep-2009","-","07-Sep-2009","14-Sep-2009"
"SMARTLINK","Smartlink Holdings Limited","EQ","Dividend-Re.1/- Per Share","2","03-Sep-2009","-","07-Sep-2009","14-Sep-2009"
"GITANJALI","Gitanjali Gems Limited","EQ","Dividend-Rs.1.80 Pr Share","10","03-Sep-2009","-","05-Sep-2009","19-Sep-2009"
"SIRPAPER","The Sirpur Paper Mills Limited","EQ","Agm/Div-Rs.1.50 Per Share","10","03-Sep-2009","-","05-Sep-2009","10-Sep-2009"
"UFLEX","UFLEX Limited","EQ","Agm/Div-Rs.4/- Per Share","10","03-Sep-2009","-","05-Sep-2009","12-Sep-2009"
"VIKASHMET","Vikash Metal & Power Limited","EQ","Agm/Div-Re.0.25 Per Share","10","03-Sep-2009","-","05-Sep-2009","15-Sep-2009"
"OMNITECH","Omnitech Infosolutions Limited","EQ","Agm/Div-Rs.1.20 Per Share","10","03-Sep-2009","-","05-Sep-2009","12-Sep-2009"
"ELECTHERM","Electrotherm (India) Limited","EQ","Agm/Div-Rs.2.50 Per Share","10","03-Sep-2009","-","07-Sep-2009","15-Sep-2009"
"CLASSIC","Classic Diamonds (India) Limited","EQ","Annual General Meeting","2","03-Sep-2009","-","07-Sep-2009","14-Sep-2009"
"WSI","W S Industries (I) Limited","EQ","Dividend-Re.1/- Per Share","10","03-Sep-2009","-","07-Sep-2009","15-Sep-2009"
"MOSERBAER","Moser-Baer (I) Limited","EQ","Agm/Div-Re.0.60 Per Share","10","03-Sep-2009","-","07-Sep-2009","08-Sep-2009"
"NESCO","Nesco Limited","EQ","Agm/Div-Rs.1.20 Per Share","2","03-Sep-2009","-","07-Sep-2009","14-Sep-2009"
"KREBSBIO","Krebs Biochemicals and Industries Limited","EQ","Annual General Meeting","10","03-Sep-2009","-","07-Sep-2009","14-Sep-2009"
"NTPC","NTPC Limited","EQ","Agm/Div-Re.0.80 Per Share","10","03-Sep-2009","-","05-Sep-2009","17-Sep-2009"
"GIPCL","Gujarat Industries Power Company Limited","EQ","Agm/Div-Rs.2.20 Per Share","10","03-Sep-2009","-","07-Sep-2009","16-Sep-2009"
"RECLTD","REC Limited","EQ","Agm/Div-Rs.2.50 Per Share","10","03-Sep-2009","-","05-Sep-2009","19-Sep-2009"
"NICCO","Nicco Corporation Limited","EQ","Annual General Meeting","2","03-Sep-2009","-","07-Sep-2009","16-Sep-2009"
"NIPPOBATRY","Indo-National Limited","EQ","Dividend-Rs.20/- Pr Share","5","03-Sep-2009","-","07-Sep-2009","11-Sep-2009"
"ROHLTD","Royal Orchid Hotels Limited","EQ","Agm/Div-Rs.1.50 Per Share","10","03-Sep-2009","-","07-Sep-2009","10-Sep-2009"
"RATNAMANI","Ratnamani Metals & Tubes Limited","EQ","Agm/Div-Fin 1.40+Spl 0.40","2","03-Sep-2009","-","05-Sep-2009","15-Sep-2009"
"MADRASFERT","Madras Fertilizers Limited","EQ","Annual General Meeting","10","03-Sep-2009","-","05-Sep-2009","08-Sep-2009"
"TITAGARH","TITAGARH RAIL SYSTEMS LIMITED","EQ","Dividend-Rs.5/- Per Share","2","03-Sep-2009","-","05-Sep-2009","14-Sep-2009"
"UPL","UPL Limited","EQ","Agm/Div-Rs.1.50 Per Share","2","03-Sep-2009","-","05-Sep-2009","18-Sep-2009"
"JAIBALAJI","Jai Balaji Industries Limited","EQ","Agm/Div-Re.0.40 Per Share","2","03-Sep-2009","-","05-Sep-2009","15-Sep-2009"
"INDORAMA","Indo Rama Synthetics (India) Limited","EQ","Annual General Meeting","10","03-Sep-2009","-","05-Sep-2009","11-Sep-2009"
"SUNFLAG","Sunflag Iron And Steel Company Limited","EQ","Agm/Div-Re.0.50 Per Share","10","03-Sep-2009","-","05-Sep-2009","25-Sep-2009"
"UNIENTER","Uniphos Enterprises Limited","EQ","Annual General Meeting","2","03-Sep-2009","-","05-Sep-2009","18-Sep-2009"
"IFCI","IFCI Limited","EQ","Agm/Div-Re.0.80 Per Share","10","03-Sep-2009","-","05-Sep-2009","18-Sep-2009"
"NECLIFE","Nectar Lifesciences Limited","EQ","Agm/Div-Re.0.10 Per Share","1","03-Sep-2009","-","07-Sep-2009","22-Sep-2009"
"HINDCOMPOS","Hindustan Composites Limited","EQ","Annual General Meeting","5","03-Sep-2009","-","07-Sep-2009","10-Sep-2009"
"SIYSIL","Siyaram Silk Mills Limited","EQ","Dividend-Rs.5/- Per Share","2","04-Sep-2009","-","08-Sep-2009","11-Sep-2009"
"CONCOR","Container Corporation of India Limited","EQ","Dividend-Rs.8/- Per Share","5","04-Sep-2009","-","08-Sep-2009","19-Sep-2009"
"TULSI","Tulsi Extrusions Limited","EQ","Annual General Meeting","10","04-Sep-2009","-","08-Sep-2009","11-Sep-2009"
"SURYAROSNI","Surya Roshni Limited","EQ","Agm/Div-Rs.1.20 Per Share","5","04-Sep-2009","-","08-Sep-2009","11-Sep-2009"
"NATIONALUM","National Aluminium Company Limited","EQ","Dividend-Rs.1.50 Pr Share","5","04-Sep-2009","-","08-Sep-2009","11-Sep-2009"
"NKIND","NK Industries Limited","EQ","Annual General Meeting","10","04-Sep-2009","-","08-Sep-2009","30-Sep-2009"
"SOMANYCERA","Somany Ceramics Limited","EQ","Agm/Div-Rs.1.50 Per Share","2","04-Sep-2009","-","08-Sep-2009","22-Sep-2009"
"WINDSOR","Windsor Machines Limited","EQ","Annual General Meeting","10","04-Sep-2009","-","08-Sep-2009","18-Sep-2009"
"VEEDOL","Veedol Corporation Limited","EQ","Agm/Div-Rs.30/- Per Share","2","04-Sep-2009","-","08-Sep-2009","14-Sep-2009"
"COUNCODOS","Country Condo's Limited","EQ","Bonus 2:1","1","04-Sep-2009","07-Sep-2009","-","-"
"UBHOLDINGS","United Breweries (Holdings) Limited","EQ","Annual General Meeting","10","04-Sep-2009","-","08-Sep-2009","10-Sep-2009"
"SUNCLAYTON","Sundaram Clayton Limited","EQ","Dividend-Re.1/- Per Share","5","04-Sep-2009","-","08-Sep-2009","10-Sep-2009"
"SAKUMA","Sakuma Exports Limited","EQ","Annual General Meeting","1","04-Sep-2009","-","08-Sep-2009","15-Sep-2009"
"RADICO","Radico Khaitan Limited","EQ","Agm/Div-Rs.0.30 Per Share","2","04-Sep-2009","-","08-Sep-2009","15-Sep-2009"
"ANDHRSUGAR","The Andhra Sugars Limited","EQ","Agm/Div-Rs.6/- Per Share","2","04-Sep-2009","-","08-Sep-2009","14-Sep-2009"
"GOKUL","Gokul Refoils and Solvent Limited","EQ","Agm/Div-Rs.1.50 Per Share","2","04-Sep-2009","-","08-Sep-2009","12-Sep-2009"
"PFC","Power Finance Corporation Limited","EQ","Agm/Div-Rs.1.35 Per Share","10","07-Sep-2009","-","09-Sep-2009","23-Sep-2009"
"GREENPLY","Greenply Industries Limited","EQ","Rhts Eq3:10&4wrnt:10rhtsh","1","07-Sep-2009","08-Sep-2009","-","-"
"GOLDENTOBC","Golden Tobacco Limited","EQ","Annual General Meeting","10","07-Sep-2009","-","09-Sep-2009","15-Sep-2009"
"BLUECHIP","Blue Chip India Limited","EQ","Annual General Meeting","2","07-Sep-2009","-","09-Sep-2009","15-Sep-2009"
"BGRENERGY","BGR Energy Systems Limited","EQ","Agm/Div-Rs.3/- Per Share","10","07-Sep-2009","-","09-Sep-2009","14-Sep-2009"
"GEECEE","GeeCee Ventures Limited","EQ","Agm/Div-Rs.1.20 Per Share","10","07-Sep-2009","-","09-Sep-2009","17-Sep-2009"
"TNPETRO","Tamilnadu PetroProducts Limited","EQ","Annual General Meeting","10","07-Sep-2009","-","09-Sep-2009","23-Sep-2009"
"UBL","United Breweries Limited","EQ","Agm/Div-Rs.0.15 Per Share","1","07-Sep-2009","-","09-Sep-2009","10-Sep-2009"
"GUJNRECOKE","Gujarat NRE Coke Limited","EQ","Agm/Div-Re.1/- Per Share","10","08-Sep-2009","-","10-Sep-2009","19-Sep-2009"
"SEZALGLASS","Sezal Glass Limited","EQ","Annual General Meeting","1","08-Sep-2009","-","10-Sep-2009","15-Sep-2009"
"SUPERSPIN","Super Spinning Mills Limited","EQ","Annual General Meeting","1","08-Sep-2009","-","10-Sep-2009","23-Sep-2009"
"PRASGLOFIN","Silicon Valley Infotech Limited","EQ","Annual General Meeting","1","08-Sep-2009","-","10-Sep-2009","17-Sep-2009"
"KOTHARIPET","Kothari Petrochemicals Limited","EQ","Annual General Meeting","10","08-Sep-2009","-","10-Sep-2009","18-Sep-2009"
"SHAHALLOYS","Shah Alloys Limited","EQ","Annual General Meeting","10","08-Sep-2009","-","10-Sep-2009","24-Sep-2009"
"ORBITCORP","Orbit Corporation Limited","EQ","Annual Book Closure","10","08-Sep-2009","-","10-Sep-2009","14-Sep-2009"
"SALSTEEL","S.A.L. Steel Limited","EQ","Annual General Meeting","10","08-Sep-2009","-","10-Sep-2009","24-Sep-2009"
"VINATIORGA","Vinati Organics Limited","EQ","Agm/Div-Rs.2.50 Per Share","1","08-Sep-2009","-","10-Sep-2009","19-Sep-2009"
"KERNEX","Kernex Microsystems (India) Limited","EQ","Agm/Div-Re.1/- Per Share","10","08-Sep-2009","-","10-Sep-2009","15-Sep-2009"
"NOIDATOLL","Noida Toll Bridge Company Limited","EQ","Annual General Meeting","10","08-Sep-2009","-","10-Sep-2009","17-Sep-2009"
"HEGAM","HEG Advanced Materials Limited","EQ","Agm/Div-Rs.6.50 Per Share","2","08-Sep-2009","-","10-Sep-2009","19-Sep-2009"
"HBLENGINE","HBL Engineering Limited","EQ","Agm/Div-Rs.3/- Per Share","1","08-Sep-2009","-","10-Sep-2009","17-Sep-2009"
"TEAMGTY","Team India Guaranty Limited","EQ","Annual General Meeting","10","08-Sep-2009","-","10-Sep-2009","18-Sep-2009"
"AGI","AGI Greenpac Limited","EQ","Agm/Div-Rs.1.60 Per Share","2","08-Sep-2009","-","10-Sep-2009","19-Sep-2009"
"NAVNETEDUL","Navneet Education Limited","EQ","Bonus 3:2","2","08-Sep-2009","09-Sep-2009","-","-"
"SOLARINDS","Solar Industries India Limited","EQ","Agm/Div-Rs.4.50 Per Share","2","08-Sep-2009","-","10-Sep-2009","19-Sep-2009"
"MANALIPETC","Manali Petrochemicals Limited","EQ","Agm/Div-Re.0.25 Per Share","5","08-Sep-2009","-","10-Sep-2009","17-Sep-2009"
"ADSL","Allied Digital Services Limited","EQ","Agm/Div-Rs.2/- Per Share","5","08-Sep-2009","-","10-Sep-2009","23-Sep-2009"
"PARRYSUGAR","Parrys Sugar Industries Limited","EQ","Annual General Meeting","10","08-Sep-2009","-","10-Sep-2009","17-Sep-2009"
"ABAN","Aban Offshore Limited","EQ","Agm/Div-Rs.3.60 Per Share","2","08-Sep-2009","-","10-Sep-2009","16-Sep-2009"
"TIRUMALCHM","Thirumalai Chemicals Limited","EQ","Annual General Meeting   Bc Dates Revised","1","09-Sep-2009","-","11-Sep-2009","24-Sep-2009"
"NITCO","Nitco Limited","EQ","Dividend-Re.1/- Per Share","10","09-Sep-2009","-","11-Sep-2009","17-Sep-2009"
"RUCHIRA","Ruchira Papers Limited","EQ","Annual General Meeting","10","09-Sep-2009","-","11-Sep-2009","18-Sep-2009"
"TINPLATE","The Tinplate Company of India Limited","EQ","Rhts Eq 3:2 / Fcd 5:8 Eq","10","09-Sep-2009","10-Sep-2009","-","-"
"ENGINERSIN","Engineers India Limited","EQ","Agm/Div-Rs.14/- Per Share","5","09-Sep-2009","-","11-Sep-2009","18-Sep-2009"
"MELSTAR","Melstar Information Technologies Limited","EQ","Annual General Meeting","10","09-Sep-2009","-","11-Sep-2009","18-Sep-2009"
"INDOCO","Indoco Remedies Limited","EQ","Dividend-Rs.2/- Per Share","2","09-Sep-2009","-","11-Sep-2009","18-Sep-2009"
"TFCILTD","Tourism Finance Corporation of India Limited","EQ","Div-Re.1 Pr Sh/ An Bk Clr","2","09-Sep-2009","-","11-Sep-2009","18-Sep-2009"
"DATAMATICS","Datamatics Global Services Limited","EQ","Agm/Div-Rs.1.25 Per Share","5","09-Sep-2009","-","11-Sep-2009","15-Sep-2009"
"EDSERV","Edserv Softsystems Limited","EQ","Agm/Div-Re.1/- Per Share","10","09-Sep-2009","-","11-Sep-2009","17-Sep-2009"
"RUBYMILLS","The Ruby Mills Limited","EQ","Dividend-Rs.3/- Per Share","5","09-Sep-2009","-","11-Sep-2009","18-Sep-2009"
"DCBBANK","DCB Bank Limited","EQ","Annual General Meeting","10","09-Sep-2009","-","11-Sep-2009","18-Sep-2009"
"PGIL","Pearl Global Industries Limited","EQ","Annual General Meeting","5","09-Sep-2009","-","11-Sep-2009","18-Sep-2009"
"SAGCEM","Sagar Cements Limited","EQ","Agm/Div-Rs.2.50 Per Share","2","09-Sep-2009","-","11-Sep-2009","17-Sep-2009"
"21STCENMGM","21st Century Management Services Limited","EQ","Annual General Meeting","10","09-Sep-2009","-","11-Sep-2009","14-Sep-2009"
"TECHNOELEC","Techno Electric and Engineering Company Limited","EQ","Agm/Div-Re.1/- Per Share","2","09-Sep-2009","-","11-Sep-2009","17-Sep-2009"
"DECCANCE","Deccan Cements Limited","EQ","Dividend-Rs.3/- Per Share","5","10-Sep-2009","-","12-Sep-2009","18-Sep-2009"
"BALMLAWRIE","Balmer Lawrie & Company Limited","EQ","Agm/Div-Rs.20/- Per Share","10","10-Sep-2009","-","14-Sep-2009","24-Sep-2009"
"PROVOGUE","Provogue (India) Limited","EQ","Agm/Div-Re.0.30 Per Share","2","10-Sep-2009","-","14-Sep-2009","18-Sep-2009"
"SIMPLEX","Simplex Projects Limited","EQ","Agm/Div-Rs.1.50 Per Share","10","10-Sep-2009","-","12-Sep-2009","17-Sep-2009"
"VIMTALABS","Vimta Labs Limited","EQ","Ann Clsng/Dv-Re.0.80 P Sh","2","10-Sep-2009","-","14-Sep-2009","19-Sep-2009"
"SUBROS","Subros Limited","EQ","Agm/Div-Re.0.50 Per Share","2","10-Sep-2009","-","12-Sep-2009","22-Sep-2009"
"AUTORIDFIN","Autoriders Finance Limited","EQ","Annual General Meeting","10","10-Sep-2009","-","13-Sep-2009","22-Sep-2009"
"HITECHGEAR","The Hi-Tech Gears Limited","EQ","Agm/Div-Rs.1.50 Per Share","10","10-Sep-2009","-","12-Sep-2009","22-Sep-2009"
"SASKEN","Sasken Technologies Limited","EQ","Agm/Div-Rs.4/- Per Share","10","10-Sep-2009","-","14-Sep-2009","17-Sep-2009"
"AMBIKCO","Ambika Cotton Mills Limited","EQ","Agm/Div-Rs.2/- Per Share","10","10-Sep-2009","-","14-Sep-2009","28-Sep-2009"
"BURNPUR","Burnpur Cement Limited","EQ","Annual General Meeting","10","10-Sep-2009","-","12-Sep-2009","16-Sep-2009"
"SHREERAMA","Shree Rama Multi-Tech Limited","EQ","Annual General Meeting","5","10-Sep-2009","-","14-Sep-2009","19-Sep-2009"
"LUMAXAUTO","Lumax Automotive Systems Limited","EQ","Annual General Meeting","10","10-Sep-2009","-","14-Sep-2009","24-Sep-2009"
"MANUGRAPH","Manugraph India Limited","EQ","Agm/Div-Rs.2/- Per Share","2","10-Sep-2009","-","12-Sep-2009","29-Sep-2009"
"ALMONDZ","Almondz Global Securities Limited","EQ","Agm/Div-Re.0.30 Per Share","1","10-Sep-2009","-","12-Sep-2009","24-Sep-2009"
"BSL","BSL Limited","EQ","Annual General Meeting","10","10-Sep-2009","-","14-Sep-2009","23-Sep-2009"
"GAEL","Gujarat Ambuja Exports Limited","EQ","Annual General Meeting","1","10-Sep-2009","-","14-Sep-2009","24-Sep-2009"
"NEPCAGRO","NEPC  Agro Foods Limited","EQ","Annual General Meeting","10","10-Sep-2009","-","14-Sep-2009","18-Sep-2009"
"SGFL","Shree Ganesh Forgings Limited","EQ","Annual General Meeting","10","10-Sep-2009","-","12-Sep-2009","25-Sep-2009"
"PARACABLES","Paramount Communications Limited","EQ","Annual General Meeting","2","10-Sep-2009","-","14-Sep-2009","17-Sep-2009"
"ARVIND","Arvind Limited","EQ","Annual General Meeting","10","10-Sep-2009","-","14-Sep-2009","24-Sep-2009"
"HINDALCO","Hindalco Industries Limited","EQ","Dividend-Rs.1.35 Pr Share","1","10-Sep-2009","-","14-Sep-2009","18-Sep-2009"
"GSFC","Gujarat State Fertilizers & Chemicals Limited","EQ","Dividend-Rs.4.50 Pr Share","2","10-Sep-2009","-","12-Sep-2009","25-Sep-2009"
"RADAAN","Radaan Mediaworks India Limited","EQ","Annual General Meeting","2","10-Sep-2009","-","12-Sep-2009","18-Sep-2009"
"SICAL","Sical Logistics Limited","EQ","Annual General Meeting","10","10-Sep-2009","-","12-Sep-2009","16-Sep-2009"
"AIAENG","AIA Engineering Limited","EQ","Div-F Re.0.90+Spl Re.1","2","10-Sep-2009","-","14-Sep-2009","23-Sep-2009"
"JENSONICOL","Jenson & Nicholson (India) Limited","EQ","Annual General Meeting","2","10-Sep-2009","-","14-Sep-2009","22-Sep-2009"
"BHARATIDIL","Bharati Defence and Infrastructure Limited","EQ","Agm/Div-Rs.3/- Per Share","10","10-Sep-2009","-","14-Sep-2009","22-Sep-2009"
"HSCL","Himadri Speciality Chemical Limited","EQ","Agm/Div-Re.1/- Per Share","1","10-Sep-2009","-","12-Sep-2009","17-Sep-2009"
"CREST","Crest Ventures Limited","EQ","Dividend-Rs.1.50 Pr Share","10","10-Sep-2009","-","12-Sep-2009","26-Sep-2009"
"BLKASHYAP","B. L. Kashyap and Sons Limited","EQ","Agm/Div-Re.1/- Per Share","1","10-Sep-2009","-","12-Sep-2009","19-Sep-2009"
"JISLJALEQS","Jain Irrigation Systems Limited","EQ","Agm/Div-Rs.2.50 Per Share","2","10-Sep-2009","-","14-Sep-2009","30-Sep-2009"
"TIMETECHNO","Time Technoplast Limited","EQ","Agm/Div-Re.0.35 Per Share","1","10-Sep-2009","-","12-Sep-2009","19-Sep-2009"
"SADBHAV","Sadbhav Engineering Limited","EQ","Agm/Div-Rs.4/- Per Share","1","10-Sep-2009","-","14-Sep-2009","29-Sep-2009"
"GTOFFSHORE","GOL Offshore Limited","EQ","Agm/Div-Rs.2.50 Per Share","10","10-Sep-2009","-","14-Sep-2009","24-Sep-2009"
"MOTOGENFIN","The Motor & General Finance Limited","EQ","Annual General Meeting","5","10-Sep-2009","-","14-Sep-2009","17-Sep-2009"
"JSWISPAT","JSW ISPAT Steel Limited","EQ","Annual General Meeting","10","10-Sep-2009","-","14-Sep-2009","22-Sep-2009"
"ORIENTBELL","Orient Bell Limited","EQ","Agm/Div-Rs.1.50 Per Share","10","10-Sep-2009","-","12-Sep-2009","18-Sep-2009"
"JHS","JHS Svendgaard Laboratories Limited","EQ","Agm/Div-Re.0.25 Per Share","10","10-Sep-2009","-","14-Sep-2009","22-Sep-2009"
"NOVAIRNSTL","Nova Iron & Steel Limited","EQ","Annual General Meeting","10","10-Sep-2009","-","14-Sep-2009","25-Sep-2009"
"LUMAXTECH","Lumax Auto Technologies Limited","EQ","Agm/Div-Rs.1.50 Per Sharebc Dates Revised","2","10-Sep-2009","-","12-Sep-2009","16-Sep-2009"
"GLENMARK","Glenmark Pharmaceuticals Limited","EQ","Agm/Div-Re.0.40 Per Share","1","10-Sep-2009","-","14-Sep-2009","25-Sep-2009"
"BEPL","Bhansali Engineering Polymers Limited","EQ","Annual General Meeting","1","10-Sep-2009","-","12-Sep-2009","19-Sep-2009"
"PRECWIRE","Precision Wires India Limited","EQ","Agm/Div-Re.0.80 Per Share","1","10-Sep-2009","-","12-Sep-2009","19-Sep-2009"
"ENERGYDEV","Energy Development Company Limited","EQ","Agm/Div-Re.1/- Per Share","10","10-Sep-2009","-","12-Sep-2009","16-Sep-2009"
"PNC","PNC Media and Entertainment Limited","EQ","Annual General Meeting","10","10-Sep-2009","-","12-Sep-2009","16-Sep-2009"
"SMLMAH","SML Mahindra Limited","EQ","Agm/Div-Rs.1.50 Per Share","10","11-Sep-2009","-","15-Sep-2009","22-Sep-2009"
"TRANSWORLD","TRANSWORLD SHIPPING LINES LIMITED","EQ","Annual General Meeting","10","11-Sep-2009","-","15-Sep-2009","25-Sep-2009"
"REGENCERAM","Regency Ceramics Limited","EQ","Annual General Meeting","10","11-Sep-2009","-","15-Sep-2009","25-Sep-2009"
"JAICORPLTD","Jai Corp Limited","EQ","Agm/Div-Re.0.50 Per Sharebc End Date Revised","1","11-Sep-2009","-","15-Sep-2009","23-Sep-2009"
"CREATIVEYE","Creative Eye Limited","EQ","Annual General Meeting","5","11-Sep-2009","-","15-Sep-2009","22-Sep-2009"
"KAUSHALYA","Kaushalya Infrastructure Development Corporation Limited","EQ","Annual General Meeting","1000","11-Sep-2009","-","15-Sep-2009","24-Sep-2009"
"GPIL","Godawari Power And Ispat limited","EQ","Agm/Div-Rs.2.50 Per Share","1","11-Sep-2009","-","15-Sep-2009","22-Sep-2009"
"PARSVNATH","Parsvnath Developers Limited","EQ","Annual General Meeting","5","11-Sep-2009","-","15-Sep-2009","22-Sep-2009"
"DPSCLTD","DPSC Limited","EQ","Agm/Div-Re.1/- Per Share","1","11-Sep-2009","-","15-Sep-2009","16-Sep-2009"
"DUNCANSIND","Duncans Industries Limited","EQ","Annual General Meeting","10","11-Sep-2009","-","15-Sep-2009","23-Sep-2009"
"PHOENIXLTD","The Phoenix Mills Limited","EQ","Agm/Div-Re.1/- Per Share","2","11-Sep-2009","-","15-Sep-2009","22-Sep-2009"
"MANAKSIA","Manaksia Limited","EQ","Agm/Div-Rs.2.20 Per Share","2","11-Sep-2009","-","15-Sep-2009","29-Sep-2009"
"ROHITFERRO","Rohit Ferro-Tech Limited","EQ","Agm/Div-Re.0.50 Per Share","10","11-Sep-2009","-","15-Sep-2009","22-Sep-2009"
"GUJAPOLLO","Gujarat Apollo Industries Limited","EQ","Dividend-Rs.2/- Per Share","10","11-Sep-2009","-","15-Sep-2009","30-Sep-2009"
"BRANDHOUSE","Brandhouse Retails Limited","EQ","Annual General Meeting","10","11-Sep-2009","-","15-Sep-2009","24-Sep-2009"
"KAMATHOTEL","Kamat Hotels (I) Limited","EQ","Agm/Div-Rs.1.20 Per Share","10","11-Sep-2009","-","15-Sep-2009","26-Sep-2009"
"MORARJETEX","Morarjee Textiles Limited","EQ","Agm/Rhts 1:1@Prem Rs.5","10","11-Sep-2009","-","15-Sep-2009","16-Sep-2009"
"MOREPENLAB","Morepen Laboratories Limited","EQ","Annual General Meeting","2","11-Sep-2009","-","15-Sep-2009","18-Sep-2009"
"GOKEX","Gokaldas Exports Limited","EQ","Annual General Meeting   Bc Dates Revised","5","11-Sep-2009","-","15-Sep-2009","22-Sep-2009"
"KHAITANLTD","Khaitan (India) Limited","EQ","Annual General Meeting","10","11-Sep-2009","-","15-Sep-2009","22-Sep-2009"
"NAGREEKCAP","Nagreeka Capital & Infrastructure Limited","EQ","Annual General Meeting","5","11-Sep-2009","-","15-Sep-2009","22-Sep-2009"
"DCHL","Deccan Chronicle Holdings Limited","EQ","Annual General Meeting","2","11-Sep-2009","-","15-Sep-2009","22-Sep-2009"
"ONGC","Oil & Natural Gas Corporation Limited","EQ","Agm/Div-Rs.14/- Per Share","5","11-Sep-2009","-","15-Sep-2009","23-Sep-2009"
"MAHSEAMLES","Maharashtra Seamless Limited","EQ","Dividend-Rs.5/- Per Share","5","11-Sep-2009","-","15-Sep-2009","22-Sep-2009"
"SHREYANIND","Shreyans Industries Limited","EQ","Annual General Meeting","10","11-Sep-2009","-","15-Sep-2009","21-Sep-2009"
"STCINDIA","The State Trading Corporation of India Limited","EQ","Agm/Div-Rs.2.25 Per Share","10","11-Sep-2009","-","15-Sep-2009","24-Sep-2009"
"NAGREEKEXP","Nagreeka Exports Limited","EQ","Annual General Meeting","5","11-Sep-2009","-","15-Sep-2009","22-Sep-2009"
"RCF","Rashtriya Chemicals and Fertilizers Limited","EQ","Agm/Div-Rs.1.20 Per Share","10","11-Sep-2009","-","15-Sep-2009","25-Sep-2009"
"HANUNG","Hanung Toys and Textiles Limited","EQ","Dividend-Rs.1.50 Pr Share","10","14-Sep-2009","-","16-Sep-2009","22-Sep-2009"
"MANINDS","Man Industries (India) Limited","EQ","Agm/Div-Rs.1.50 Per Share","5","14-Sep-2009","-","16-Sep-2009","21-Sep-2009"
"EUROTEXIND","Eurotex Industries and Exports Limited","EQ","Annual General Meeting","10","14-Sep-2009","-","16-Sep-2009","26-Sep-2009"
"RAJSREESUG","Rajshree Sugars & Chemicals Limited","EQ","Agm/Div-Re.1/- Per Share","10","14-Sep-2009","-","16-Sep-2009","23-Sep-2009"
"RAMCOIND","Ramco Industries Limited","EQ","Fv Spl-Rs10tore1/Bon-1:1","1","14-Sep-2009","15-Sep-2009","-","-"
"SUVEN","Suven Life Sciences Limited","EQ","Agm/Div-Re.0.25 Per Share","1","14-Sep-2009","-","16-Sep-2009","18-Sep-2009"
"MERCATOR","Mercator Limited","EQ","Ann Clsr/Div-Re.0.50 P Sh","1","14-Sep-2009","-","16-Sep-2009","24-Sep-2009"
"FIRSTLEASE","First Leasing Company of India Limited","EQ","Dividend-Rs.1.80 Pr Share","10","14-Sep-2009","-","16-Sep-2009","24-Sep-2009"
"HIMACHLFUT","Himachal Futuristic Communications Limited","EQ","Annual General Meeting","10","14-Sep-2009","-","16-Sep-2009","30-Sep-2009"
"KCPSUGIND","KCP Sugar and Industries Corporation Limited","EQ","Agm/Div-Re.0.70 Per Share","1","14-Sep-2009","-","16-Sep-2009","23-Sep-2009"
"GOLDIAM","Goldiam International Limited","EQ","Annual General Meeting","2","14-Sep-2009","-","16-Sep-2009","25-Sep-2009"
"STER","Sterlite Industries ( India ) Limited","EQ","Agm/Div-Rs.3.50 Per Share","1","14-Sep-2009","-","16-Sep-2009","19-Sep-2009"
"MURUDCERA","Murudeshwar Ceramics Limited","EQ","Agm/Div-Re.0.60 Per Share","10","14-Sep-2009","-","16-Sep-2009","25-Sep-2009"
"BEL","Bharat Electronics Limited","EQ","Agm/Div-Rs.12.70 Pr Share","1","14-Sep-2009","-","16-Sep-2009","25-Sep-2009"
"ZYLOG","Zylog Systems Limited","EQ","Agm/Div-Rs.3/- Per Share","5","14-Sep-2009","-","16-Sep-2009","23-Sep-2009"
"SUNILHITEC","Sunil Hitech Engineers Limited","EQ","Annual Book Closure      Purpose Revised","1","14-Sep-2009","-","16-Sep-2009","17-Sep-2009"
"SATHAISPAT","Sathavahana Ispat Limited","EQ","Agm/Div-Rs.1.50 Per Share","10","14-Sep-2009","-","16-Sep-2009","30-Sep-2009"
"DALMIASUG","Dalmia Bharat Sugar and Industries Limited","EQ","Agm/Div-Rs.2/- Per Share","2","14-Sep-2009","-","16-Sep-2009","25-Sep-2009"
"MAANALU","Maan Aluminium Limited","EQ","Annual General Meeting","5","14-Sep-2009","-","16-Sep-2009","21-Sep-2009"
"SHASUNPHAR","Shasun Pharmaceuticals Limited","EQ","Annual General Meeting","2","14-Sep-2009","-","16-Sep-2009","23-Sep-2009"
"TVSSRICHAK","TVS Srichakra Limited","EQ","Agm/Div-Rs.3.50 Per Share","10","14-Sep-2009","-","16-Sep-2009","25-Sep-2009"
"WEBELSOLAR","Websol Energy System Limited","EQ","Dividend-Re.1/- Per Share","1","14-Sep-2009","-","16-Sep-2009","30-Sep-2009"
"JINDALSTEL","JINDAL STEEL LIMITED","EQ","Div-Rs.5.50 Pr Sh/Bon 5:1purpose Revised","1","14-Sep-2009","-","16-Sep-2009","17-Sep-2009"
"MFSL","Max Financial Services Limited","EQ","Annual General Meeting","2","14-Sep-2009","-","16-Sep-2009","23-Sep-2009"
"PEARLPOLY","Pearl Polymers Limited","EQ","Annual General Meeting","10","14-Sep-2009","-","16-Sep-2009","25-Sep-2009"
"SUPERFORGE","Super Forgings & Steels Limited","EQ","Annual General Meeting","10","14-Sep-2009","-","16-Sep-2009","22-Sep-2009"
"NUCHEM","Nuchem Limited","EQ","Annual General Meeting","10","15-Sep-2009","-","17-Sep-2009","24-Sep-2009"
"NOVOPANIND","Novopan Industries Limited","EQ","Annual General Meeting","10","15-Sep-2009","-","17-Sep-2009","21-Sep-2009"
"CORALFINAC","Coral India Finance & Housing Limited","EQ","Annual General Meeting","2","15-Sep-2009","-","17-Sep-2009","25-Sep-2009"
"KOTHARIPRO","Kothari Products Limited","EQ","Agm/Div-Rs.10/- Per Share","10","15-Sep-2009","-","17-Sep-2009","24-Sep-2009"
"GALLANTT","Gallantt Ispat Limited","EQ","Annual General Meeting","10","15-Sep-2009","-","17-Sep-2009","23-Sep-2009"
"UTTAMSTL","Uttam Galva Steels Limited","EQ","Annual General Meeting","10","15-Sep-2009","-","17-Sep-2009","26-Sep-2009"
"SABERORGAN","Sabero Organics Gujarat Limited","EQ","Annual General Meeting","10","15-Sep-2009","-","17-Sep-2009","24-Sep-2009"
"BASML","Bannari Amman Spinning Mills Limited","EQ","Agm/Div-Re.1/- Per Share","5","15-Sep-2009","-","17-Sep-2009","23-Sep-2009"
"PUNJABCHEM","Punjab Chemicals & Crop Protection Limited","EQ","Agm/Div-Rs.1.50 Per Share","10","15-Sep-2009","-","17-Sep-2009","25-Sep-2009"
"BIRLACOT","Birla Cotsyn (India) Limited","EQ","Dividend-Re.0.10 Pr Share","1","15-Sep-2009","-","17-Sep-2009","23-Sep-2009"
"ASHAPURMIN","Ashapura Minechem Limited","EQ","Annual General Meeting","2","15-Sep-2009","-","17-Sep-2009","22-Sep-2009"
"UNITY","Unity Infraprojects Limited","EQ","Agm/Div-Rs.4.50 Per Sharebc Dates Revised","2","15-Sep-2009","-","17-Sep-2009","24-Sep-2009"
"ANSALHSG","Ansal Housing Limited","EQ","Agm/Div-Re.0.50 Per Share","10","15-Sep-2009","-","17-Sep-2009","24-Sep-2009"
"HARRMALAYA","Harrisons  Malayalam Limited","EQ","Agm/Div-Rs.1.50 Per Share","10","15-Sep-2009","-","17-Sep-2009","30-Sep-2009"
"PHILCORP","PHIL Corporation Limited","EQ","Annual General Meeting","10","15-Sep-2009","-","17-Sep-2009","25-Sep-2009"
"SHIVTEX","Shiva Texyarn Limited","EQ","Agm/Div-Re.0.90 Per Share","10","15-Sep-2009","-","17-Sep-2009","23-Sep-2009"
"LTFOODS","LT Foods Limited","EQ","Agm/Div-Re.1/- Per Share","1","15-Sep-2009","-","17-Sep-2009","23-Sep-2009"
"ZENITHSTL","Zenith Steel Pipes & Industries Limited","EQ","Agm/Div-Re.0.60 Per Share","10","15-Sep-2009","-","17-Sep-2009","24-Sep-2009"
"PRESSMN","Pressman Advertising Limited","EQ","Annual General Meeting","2","15-Sep-2009","-","17-Sep-2009","23-Sep-2009"
"PITTIENG","Pitti Engineering Limited","EQ","Agm/Div-Re.1/- Per Share","5","15-Sep-2009","-","17-Sep-2009","23-Sep-2009"
"TAINWALCHM","Tainwala Chemical and Plastic (I) Limited","EQ","Annual General Meeting","10","15-Sep-2009","-","17-Sep-2009","23-Sep-2009"
"TARMAT","Tarmat Limited","EQ","Agm/Div-Re.1/- Per Share","10","15-Sep-2009","-","17-Sep-2009","23-Sep-2009"
"MSPL","MSP Steel & Power Limited","EQ","Annual General Meeting","10","15-Sep-2009","-","17-Sep-2009","24-Sep-2009"
"ATNINTER","ATN International Limited","EQ","Annual General Meeting","4","15-Sep-2009","-","17-Sep-2009","24-Sep-2009"
"RSWM","RSWM Limited","EQ","Annual General Meeting","10","16-Sep-2009","-","18-Sep-2009","25-Sep-2009"
"GARFIBRES","Garware Technical Fibres Limited","EQ","Dividend-Rs.2.50 Pr Share","10","16-Sep-2009","-","18-Sep-2009","26-Sep-2009"
"ARCHIES","Archies Limited","EQ","Annual General Meeting","2","16-Sep-2009","-","18-Sep-2009","26-Sep-2009"
"RAMANEWS","Shree Rama Newsprint Limited","EQ","Annual General Meeting","10","16-Sep-2009","-","18-Sep-2009","29-Sep-2009"
"KSCL","Kaveri Seed Company Limited","EQ","Agm/Div-Rs.2/- Per Share","2","16-Sep-2009","-","18-Sep-2009","22-Sep-2009"
"ALOKTEXT","Alok Industries Limited","EQ","Annual General Meeting","10","16-Sep-2009","-","18-Sep-2009","25-Sep-2009"
"DONEAR","Donear Industries Limited","EQ","Agm/Div-Re.0.50 Per Share","2","16-Sep-2009","-","18-Sep-2009","26-Sep-2009"
"RCOM","Reliance Communications Limited","EQ","Annual General Meeting","5","16-Sep-2009","-","18-Sep-2009","22-Sep-2009"
"HIMATSEIDE","Himatsingka Seide Limited","EQ","Annual General Meeting","5","16-Sep-2009","-","18-Sep-2009","23-Sep-2009"
"SKUMARSYNF","S. Kumars Nationwide Limited","EQ","Annual General Meeting","10","16-Sep-2009","-","18-Sep-2009","24-Sep-2009"
"JCTEL","JCT Electronics Limited","EQ","Annual General Meeting","1","16-Sep-2009","-","18-Sep-2009","25-Sep-2009"
"DELTACORP","Delta Corp Limited","EQ","Agm/Div-Re.0.20 Per Share","1","16-Sep-2009","-","18-Sep-2009","25-Sep-2009"
"KOTARISUG","Kothari Sugars And Chemicals Limited","EQ","Annual General Meeting","10","16-Sep-2009","-","18-Sep-2009","24-Sep-2009"
"IVC","IL&FS Investment Managers Limited","EQ","Fv Split Rs.10/- To Rs.2/","2","16-Sep-2009","17-Sep-2009","-","-"
"SURYAPHARM","Surya Pharmaceutical Limited","EQ","Dividend-Rs.1.20 Pr Share","1","16-Sep-2009","-","18-Sep-2009","18-Sep-2009"
"HILTON","Hilton Metal Forging Limited","EQ","Agm/Div-Re.0.25 Per Sharepurpose Revised","10","16-Sep-2009","-","18-Sep-2009","24-Sep-2009"
"GANGOTRI","Gangotri Textiles Limited","EQ","Annual General Meeting","5","16-Sep-2009","-","18-Sep-2009","25-Sep-2009"
"GENUSPOWER","Genus Power Infrastructures Limited","EQ","Dividend-Re.1/- Per Share","1","16-Sep-2009","-","18-Sep-2009","26-Sep-2009"
"SKMEGGPROD","SKM Egg Products Export (India) Limited","EQ","Dividend-Re.0.50 Pr Share","5","16-Sep-2009","-","18-Sep-2009","25-Sep-2009"
"JBFIND","JBF Industries Limited","EQ","Dividend-Rs.5/- Per Share","10","16-Sep-2009","-","18-Sep-2009","25-Sep-2009"
"HOCL","Hindustan Organic Chemicals Limited","EQ","Annual General Meeting","10","16-Sep-2009","-","18-Sep-2009","30-Sep-2009"
"ANTGRAPHIC","Antarctica Limited","EQ","Annual General Meeting","1","16-Sep-2009","-","18-Sep-2009","24-Sep-2009"
"ALICON","Alicon Castalloy Limited","EQ","Annual General Meeting","5","16-Sep-2009","-","18-Sep-2009","23-Sep-2009"
"RAMSARUP","Ramsarup Industries Limited","EQ","Annual General Meeting","10","16-Sep-2009","-","18-Sep-2009","24-Sep-2009"
"MIRZAINT","Mirza International Limited","EQ","Agm/Div-Re.0.20 Per Share","2","16-Sep-2009","-","18-Sep-2009","26-Sep-2009"
"WELSPUNLIV","Welspun Living Limited","EQ","Annual General Meeting","1","16-Sep-2009","-","18-Sep-2009","25-Sep-2009"
"KAVDEFENCE","Kavveri Defence & Wireless Technologies Limited","EQ","Agm/Div-Re.1/- Per Share","10","16-Sep-2009","-","18-Sep-2009","30-Sep-2009"
"MOTHERSON","Samvardhana Motherson International Limited","EQ","Agm/Div-Rs.1.35 Per Share","1","16-Sep-2009","-","18-Sep-2009","24-Sep-2009"
"HITECHCORP","Hitech Corporation Limited","EQ","Agm/Div-Rs.1.10 Per Share","10","16-Sep-2009","-","18-Sep-2009","26-Sep-2009"
"APTECHT","Aptech Limited","EQ","Annual General Meeting","10","16-Sep-2009","-","18-Sep-2009","25-Sep-2009"
"AMDIND","AMD Industries Limited","EQ","Agm/Div-Re.1/- Per Share","10","17-Sep-2009","-","19-Sep-2009","23-Sep-2009"
"AUTOIND","Autoline Industries Limited","EQ","Agm/Div-Re.1/- Per Share","10","17-Sep-2009","-","19-Sep-2009","25-Sep-2009"
"VENUSREM","Venus Remedies Limited","EQ","Agm/Div-Rs.3/- Per Share","10","17-Sep-2009","-","20-Sep-2009","30-Sep-2009"
"FIRSTWIN","First Winner Industries Limited","EQ","Annual General Meeting","10","17-Sep-2009","-","19-Sep-2009","24-Sep-2009"
"KARUNACAB","Karuna Cables Limited","EQ","Annual General Meeting","2","17-Sep-2009","-","22-Sep-2009","29-Sep-2009"
"MTNL","Mahanagar Telephone Nigam Limited","EQ","Dividend-Rs.1/- Per Share","10","17-Sep-2009","-","22-Sep-2009","25-Sep-2009"
"KRBL","KRBL Limited","EQ","Agm/Div-Rs.2/- Per Share","1","17-Sep-2009","-","22-Sep-2009","29-Sep-2009"
"NITINSPIN","Nitin Spinners Limited","EQ","Annual General Meeting","10","17-Sep-2009","-","22-Sep-2009","29-Sep-2009"
"OCL","OCL India Limited","EQ","Agm/Div-Rs.2.50 Per Share","2","17-Sep-2009","-","19-Sep-2009","25-Sep-2009"
"EDL","Empee Distilleries Limited","EQ","Agm/Div-Rs.5/- Per Share Bc Dates Revised","10","17-Sep-2009","-","22-Sep-2009","29-Sep-2009"
"BPL","BPL Limited","EQ","Annual General Meeting","10","17-Sep-2009","-","21-Sep-2009","30-Sep-2009"
"GLORY","Glory Polyfilms Limited","EQ","Annual General Meeting","10","17-Sep-2009","-","22-Sep-2009","29-Sep-2009"
"GMDCLTD","Gujarat Mineral Development Corporation Limited","EQ","Agm/Div-Rs.2/- Per Share","2","17-Sep-2009","-","21-Sep-2009","29-Sep-2009"
"GODFRYPHLP","Godfrey Phillips India Limited","EQ","Agm/Div-Rs.25/- Per Share","2","17-Sep-2009","-","19-Sep-2009","25-Sep-2009"
"ANGIND","ANG Industries Limited","EQ","Annual General Meeting","10","17-Sep-2009","-","21-Sep-2009","23-Sep-2009"
"ANSALAPI","Ansal Properties & Infrastructure Limited","EQ","Dividend-Re.0.50 Pr Share","5","17-Sep-2009","-","22-Sep-2009","29-Sep-2009"
"COREEDUTEC","CORE Education & Technologies Limited","EQ","Agm/Div-Re.0.60 Per Share","2","17-Sep-2009","-","21-Sep-2009","24-Sep-2009"
"V2RETAIL","V2 Retail Limited","EQ","Annual General Meeting","1","17-Sep-2009","-","22-Sep-2009","25-Sep-2009"
"SHYAMTEL","Shyam Telecom Limited","EQ","Annual General Meeting","10","17-Sep-2009","-","21-Sep-2009","25-Sep-2009"
"SRHHLINDST","SRHHL Industries Limited","EQ","Annual General Meeting","10","17-Sep-2009","-","21-Sep-2009","25-Sep-2009"
"VIJSHAN","Vijay Shanthi Builders Limited","EQ","Dividend-Re.0.40 Pr Share","10","17-Sep-2009","-","19-Sep-2009","30-Sep-2009"
"TALBROAUTO","Talbros Automotive Components Limited","EQ","Dividend-Re.0.50 Pr Share","2","17-Sep-2009","-","21-Sep-2009","29-Sep-2009"
"SUPREMEINF","Supreme Infrastructure India Limited","EQ","Dividend-Rs.1.25 Pr Share","10","17-Sep-2009","-","22-Sep-2009","26-Sep-2009"
"ZODJRDMKJ","Zodiac JRD- MKJ Limited","EQ","Agm/Div-Re.0.75 Per Share","10","17-Sep-2009","-","19-Sep-2009","29-Sep-2009"
"TRIGYN","Trigyn Technologies Limited","EQ","Annual General Meeting","10","17-Sep-2009","-","22-Sep-2009","30-Sep-2009"
"VARDMNPOLY","Vardhman Polytex Limited","EQ","Annual General Meeting","1","17-Sep-2009","-","19-Sep-2009","22-Sep-2009"
"MARKSANS","Marksans Pharma Limited","EQ","Annual General Meeting","1","17-Sep-2009","-","21-Sep-2009","25-Sep-2009"
"VGL","VARVEE GLOBAL LIMITED","EQ","Annual General Meeting","5","17-Sep-2009","-","21-Sep-2009","30-Sep-2009"
"KAMDHENU","Kamdhenu Limited","EQ","Annual General Meeting","1","17-Sep-2009","-","19-Sep-2009","29-Sep-2009"
"ORCHIDPHAR","Orchid Pharma Limited","EQ","Agm/Div-Re.1/- Per Share","10","17-Sep-2009","-","19-Sep-2009","30-Sep-2009"
"OLECTRA","Olectra Greentech Limited","EQ","Agm/Div-Re.0.40 Per Share","4","17-Sep-2009","-","22-Sep-2009","30-Sep-2009"
"LEEL","LEEL Electricals Limited","EQ","Annual General Meeting","10","17-Sep-2009","-","21-Sep-2009","25-Sep-2009"
"ZFCVINDIA","ZF Commercial Vehicle Control Systems India Limited","EQ","Annual General Meeting","5","17-Sep-2009","-","22-Sep-2009","24-Sep-2009"
"PVRINOX","PVR INOX Limited","EQ","Dividend-Re.1/- Per Share","10","17-Sep-2009","-","21-Sep-2009","30-Sep-2009"
"UCAL","UCAL LIMITED","EQ","Annual General Meeting","10","17-Sep-2009","-","22-Sep-2009","29-Sep-2009"
"DIGISPICE","DiGiSPICE Technologies Limited","EQ","Agm/Div-Re.0.27 Per Share","3","17-Sep-2009","-","19-Sep-2009","25-Sep-2009"
"UNIVAFOODS","Univa Foods Limited","EQ","Annual General Meeting","10","17-Sep-2009","-","22-Sep-2009","24-Sep-2009"
"SHIRPUR-G","Shirpur Gold Refinery Limited","EQ","Annual General Meeting","10","17-Sep-2009","-","21-Sep-2009","30-Sep-2009"
"TGBHOTELS","TGB Banquets And Hotels Limited","EQ","Annual General Meeting","10","17-Sep-2009","-","22-Sep-2009","29-Sep-2009"
"VAKRANGEE","Vakrangee Limited","EQ","Agm/Div-Re.1/- Per Share","1","17-Sep-2009","-","19-Sep-2009","25-Sep-2009"
"PALRED","Palred Technologies Limited","EQ","Annual General Meeting","5","17-Sep-2009","-","21-Sep-2009","25-Sep-2009"
"WELENT","Welspun Enterprises Limited","EQ","Agm/Div-Re.1/- Per Share","10","17-Sep-2009","-","22-Sep-2009","30-Sep-2009"
"TATASTLBSL","Tata Steel Bsl Limited","EQ","Agm/Div-Rs.2.50 Per Share","2","17-Sep-2009","-","21-Sep-2009","26-Sep-2009"
"63MOONS","63 moons technologies limited","EQ","Agm/Div-Rs.2/- Per Share","2","17-Sep-2009","-","21-Sep-2009","25-Sep-2009"
"POCHIRAJU","Pochiraju Industries Limited","EQ","Annual General Meeting","10","17-Sep-2009","-","20-Sep-2009","26-Sep-2009"
"PATINTLOG","Patel Integrated Logistics Limited","EQ","Agm/Div-Re.1/- Per Share","10","17-Sep-2009","-","22-Sep-2009","29-Sep-2009"
"ACCELYA","Accelya Solutions India Limited","EQ","Agm/Div-Re.1/- Per Share","10","17-Sep-2009","-","21-Sep-2009","29-Sep-2009"
"ICIL","Indo Count Industries Limited","EQ","Annual General Meeting","2","17-Sep-2009","-","22-Sep-2009","29-Sep-2009"
"ORIENTALTL","Oriental Trimex Limited","EQ","Annual General Meeting","10","17-Sep-2009","-","19-Sep-2009","25-Sep-2009"
"EDUCOMP","Educomp Solutions Limited","EQ","Agm/Div-Rs.2.50 Per Share","2","17-Sep-2009","-","19-Sep-2009","26-Sep-2009"
"ADVANIHOTR","Advani Hotels & Resorts (India) Limited","EQ","Annual General Meeting","2","17-Sep-2009","-","19-Sep-2009","25-Sep-2009"
"BSELINFRA","BSEL Infrastructure Realty Limited","EQ","Annual General Meeting","10","17-Sep-2009","-","19-Sep-2009","23-Sep-2009"
"BALPHARMA","Bal Pharma Limited","EQ","Dividend-Re.0.75 Pr Share","10","17-Sep-2009","-","22-Sep-2009","25-Sep-2009"
"ABGSHIP","ABG Shipyard Limited","EQ","Dividend-Rs.2/- Per Share","10","17-Sep-2009","-","21-Sep-2009","30-Sep-2009"
"IMPEXFERRO","Impex Ferro Tech Limited","EQ","Agm/Rights 1:1 Prem@Rs.6 Purpose Revised","10","17-Sep-2009","-","19-Sep-2009","24-Sep-2009"
"SSWL","Steel Strips Wheels Limited","EQ","Annual General Meeting","1","17-Sep-2009","-","21-Sep-2009","30-Sep-2009"
"BRFL","Bombay Rayon Fashions Limited","EQ","Agm/Div-Rs.1.50 Per Share","10","17-Sep-2009","-","19-Sep-2009","30-Sep-2009"
"CINEVISTA","Cinevista Limited","EQ","Annual General Meeting","2","17-Sep-2009","-","19-Sep-2009","25-Sep-2009"
"PTC","PTC India Limited","EQ","Agm/Div-Rs.1.20 Per Share","10","17-Sep-2009","-","19-Sep-2009","23-Sep-2009"
"REIAGROLTD","Rei Agro Limited","EQ","Agm/Div-Re.0.10 Per Share","1","17-Sep-2009","-","22-Sep-2009","22-Sep-2009"
"RMCL","Radha Madhav Corporation Limited","EQ","Annual Book Closure","10","17-Sep-2009","-","21-Sep-2009","26-Sep-2009"
"ITI","ITI Limited","EQ","Annual General Meeting","10","17-Sep-2009","-","22-Sep-2009","30-Sep-2009"
"GEOMETRIC","Geometric Limited","EQ","Dividend-Re.0.80 Pr Share","2","17-Sep-2009","-","19-Sep-2009","25-Sep-2009"
"BANARISUG","Bannari Amman Sugars Limited","EQ","Agm/Div-Rs.10/- Per Share","10","17-Sep-2009","-","19-Sep-2009","23-Sep-2009"
"RELIGARE","Religare Enterprises Limited","EQ","Annual General Meeting","10","17-Sep-2009","-","22-Sep-2009","25-Sep-2009"
"MALUPAPER","Malu Paper Mills Limited","EQ","Annual General Meeting","10","17-Sep-2009","-","21-Sep-2009","29-Sep-2009"
"MANGALAM","Mangalam Drugs And Organics Limited","EQ","Annual General Meeting","10","17-Sep-2009","-","22-Sep-2009","30-Sep-2009"
"BIL","Bhartiya International Limited","EQ","Dividend-Re.1/- Per Share","10","17-Sep-2009","-","21-Sep-2009","25-Sep-2009"
"PPAP","PPAP Automotive Limited","EQ","Dividend-Rs.2/- Per Share","10","17-Sep-2009","-","21-Sep-2009","25-Sep-2009"
"NARMADASUG","Girdharilal Sugar and Allied Industries Limited","EQ","Annual General Meeting","10","17-Sep-2009","-","22-Sep-2009","29-Sep-2009"
"INDSWFTLAB","Ind-Swift Laboratories Limited","EQ","Agm/Div-Rs.1/- Per Share","10","17-Sep-2009","-","21-Sep-2009","23-Sep-2009"
"REISIXTEN","REI Six Ten Retail Limited","EQ","Agm/Div-Re.1/- Per Share","2","17-Sep-2009","-","22-Sep-2009","22-Sep-2009"
"LITL","Lanco Infratech Limited","EQ","Annual General Meeting","1","17-Sep-2009","-","19-Sep-2009","25-Sep-2009"
"ISMTLTD","ISMT Limited","EQ","Agm/Div-Re.0.50 Per Share","5","17-Sep-2009","-","22-Sep-2009","30-Sep-2009"
"SPLIL","SPL Industries Limited","EQ","Annual General Meeting","10","17-Sep-2009","-","19-Sep-2009","30-Sep-2009"
"SRHHYPOLTD","Sree Rayalaseema Hi-Strength Hypo Limited","EQ","Annual General Meeting","10","17-Sep-2009","-","21-Sep-2009","25-Sep-2009"
"ABHISHEK","Abhishek Corporation Limited","EQ","Annual General Meeting","10","17-Sep-2009","-","22-Sep-2009","29-Sep-2009"
"NCLIND","NCL Industries Limited","EQ","Agm/Div-Rs.2.50 Per Share","10","17-Sep-2009","-","22-Sep-2009","29-Sep-2009"
"COMPUTECH","Computech International Limited","EQ","Annual General Meeting","5","17-Sep-2009","-","19-Sep-2009","24-Sep-2009"
"GEMINI","Gemini Communication Limited","EQ","Dividend-Re.0.05 Pr Share","1","17-Sep-2009","-","19-Sep-2009","24-Sep-2009"
"BEML","BEML Limited","EQ","Dividend-Rs.12/- Pr Share","5","17-Sep-2009","-","22-Sep-2009","25-Sep-2009"
"BHARATRAS","Bharat Rasayan Limited","EQ","Agm/Div-Re.1/- Per Share","5","17-Sep-2009","-","20-Sep-2009","25-Sep-2009"
"TECILCHEM","TECIL Chemicals and Hydro Power Limited","EQ","Annual General Meeting","10","17-Sep-2009","-","22-Sep-2009","29-Sep-2009"
"LAKPRE","Lakshmi Precision Screws Limited","EQ","Dividend-Re.0.60 Pr Share","10","17-Sep-2009","-","19-Sep-2009","30-Sep-2009"
"RICOAUTO","Rico Auto Industries Limited","EQ","Agm/Div-Re.0.15 Per Share","1","17-Sep-2009","-","19-Sep-2009","30-Sep-2009"
"RUCHINFRA","Ruchi Infrastructure Limited","EQ","Agm/Div-Re.0.06 Per Share","1","17-Sep-2009","-","22-Sep-2009","30-Sep-2009"
"J&KBANK","The Jammu & Kashmir Bank Limited","EQ","Dividend-Rs.16.90 Per Sh","1","17-Sep-2009","-","19-Sep-2009","26-Sep-2009"
"PEPL","Pearl Engineering Polymers Limited","EQ","Annual General Meeting","10","17-Sep-2009","-","22-Sep-2009","30-Sep-2009"
"ELDERPHARM","Elder Pharmaceuticals Limited","EQ","Dividend-Rs.2.50 Pr Share","10","17-Sep-2009","-","22-Sep-2009","29-Sep-2009"
"COMSYS","Compulink Systems Limited","EQ","Annual General Meeting","10","17-Sep-2009","-","19-Sep-2009","25-Sep-2009"
"ZENITHEXPO","Zenith Exports Limited","EQ","Annual General Meeting","10","17-Sep-2009","-","22-Sep-2009","30-Sep-2009"
"CONSOFINVT","Consolidated Finvest & Holdings Limited","EQ","Dividend-Re.0.50 Pr Share","10","17-Sep-2009","-","22-Sep-2009","25-Sep-2009"
"GRANDFONRY","Grand Foundry Limited","EQ","Annual General Meeting","10","17-Sep-2009","-","21-Sep-2009","29-Sep-2009"
"MUKTAARTS","Mukta Arts Limited","EQ","Annual General Meeting","5","17-Sep-2009","-","19-Sep-2009","26-Sep-2009"
"NATCOPHARM","Natco Pharma Limited","EQ","Annual General Meeting","2","17-Sep-2009","-","22-Sep-2009","29-Sep-2009"
"INFOMEDIA","Infomedia Press Limited","EQ","Annual General Meeting","10","17-Sep-2009","-","22-Sep-2009","22-Sep-2009"
"MADHAV","Madhav Marbles and Granites Limited","EQ","Agm/Div-Rs.1/- Per Share","10","17-Sep-2009","-","21-Sep-2009","26-Sep-2009"
"RUCHISOYA","Ruchi Soya Industries Limited","EQ","Agm/Div-Re.0.50 Per Sharepurpose Revised","2","17-Sep-2009","-","19-Sep-2009","23-Sep-2009"
"PAREKHPLAT","Parekh Platinum Limited","EQ","Annual General Meeting","10","17-Sep-2009","-","22-Sep-2009","29-Sep-2009"
"JINDALPOLY","Jindal Poly Films Limited","EQ","Agm/Div-Rs.2/- Per Share","10","17-Sep-2009","-","21-Sep-2009","30-Sep-2009"
"SUPPETRO","Supreme Petrochem Limited","EQ","Dividend-Re.1/- Per Share","10","17-Sep-2009","-","22-Sep-2009","06-Oct-2009"
"WANBURY","Wanbury Limited","EQ","Annual General Meeting","10","17-Sep-2009","-","21-Sep-2009","29-Sep-2009"
"GUFICBIO","Gufic Biosciences Limited","EQ","Agm/Div-Re.0.05 Per Share","1","17-Sep-2009","-","19-Sep-2009","30-Sep-2009"
"BLBLIMITED","BLB Limited","EQ","Agm/Div-Re.0.10 Per Share","1","17-Sep-2009","-","22-Sep-2009","22-Sep-2009"
"FACT","Fertilizers and Chemicals Travancore Limited","EQ","Annual General Meeting","10","17-Sep-2009","-","21-Sep-2009","25-Sep-2009"
"NEPCMICON","NEPC India Limited","EQ","Annual General Meeting","10","17-Sep-2009","-","21-Sep-2009","25-Sep-2009"
"INDSWFTLTD","Ind-Swift Limited","EQ","Agm/Div-Re.0.40 Per Share","2","17-Sep-2009","-","21-Sep-2009","24-Sep-2009"
"NIRMA","Nirma Limited","EQ","Agm/Div-Rs.4/- Per Share","5","17-Sep-2009","-","21-Sep-2009","29-Sep-2009"
"DSKULKARNI","DS Kulkarni Developers Limited","EQ","Agm/Div-Re.1/- Per Share","10","17-Sep-2009","-","22-Sep-2009","29-Sep-2009"
"BLUEBIRD","Blue Bird (India) Limited","EQ","Annual General Meeting","10","17-Sep-2009","-","21-Sep-2009","30-Sep-2009"
"GUJRATGAS","Gujarat Gas Company Limited","EQ","Bonus 1:1","2","17-Sep-2009","19-Sep-2009","-","-"
"ALPHAGEO","Alphageo (India) Limited","EQ","Agm/Div-Rs.1.50 Per Share","10","17-Sep-2009","-","22-Sep-2009","25-Sep-2009"
"ICSA","ICSA (India) Limited","EQ","Agm/Div-Rs.1.40 Per Share","2","18-Sep-2009","-","23-Sep-2009","24-Sep-2009"
"LOKESHMACH","Lokesh Machines Limited","EQ","Annual General Meeting","10","18-Sep-2009","-","23-Sep-2009","30-Sep-2009"
"SURYAJYOTI","Suryajyoti Spinning Mills Limited","EQ","Annual General Meeting","10","18-Sep-2009","-","23-Sep-2009","26-Sep-2009"
"STARPAPER","Star Paper Mills Limited","EQ","Agm/Div-Rs.1.50 Per Share","10","18-Sep-2009","-","23-Sep-2009","30-Sep-2009"
"DELTAMAGNT","Delta Manufacturing Limited","EQ","Annual General Meeting","10","18-Sep-2009","-","23-Sep-2009","29-Sep-2009"
"GRANULES","Granules India Limited","EQ","Agm/Div-Rs.1.25 Per Share","1","18-Sep-2009","-","23-Sep-2009","25-Sep-2009"
"MANGCHEFER","Mangalore Chemicals & Fertilizers Limited","EQ","Agm/Div-Re.0.70 Per Share","10","18-Sep-2009","-","23-Sep-2009","29-Sep-2009"
"MVL","MVL Limited","EQ","Fv Split Rs.10/- To Rs.2/","1","18-Sep-2009","22-Sep-2009","-","-"
"MODIRUBBER","Modi Rubber Limited","EQ","Annual General Meeting","10","18-Sep-2009","-","23-Sep-2009","29-Sep-2009"
"NAHARCAP","Nahar Capital and Financial Services Limited","EQ","Dividend-Re.0.50 Pr Share","5","18-Sep-2009","-","23-Sep-2009","30-Sep-2009"
"KOPRAN","Kopran Limited","EQ","Annual General Meeting","10","18-Sep-2009","-","23-Sep-2009","26-Sep-2009"
"OPTOCIRCUI","Opto Circuits (India) Limited","EQ","Dividend-Rs.4/- Per Share","10","18-Sep-2009","-","23-Sep-2009","29-Sep-2009"
"CTE","Cambridge Technology Enterprises Limited","EQ","Annual General Meeting","10","18-Sep-2009","-","23-Sep-2009","30-Sep-2009"
"GARDENSILK","Garden Silk Mills Limited","EQ","Dividend-Rs.1.50 Pr Share","10","18-Sep-2009","-","23-Sep-2009","30-Sep-2009"
"NAHARSPING","Nahar Spinning Mills Limited","EQ","Dividend-Re.0.50 Pr Share","5","18-Sep-2009","-","23-Sep-2009","30-Sep-2009"
"ATLASCYCLE","Atlas Cycles (Haryana) Limited","EQ","Agm/Div-Rs.4.50 Per Share","5","18-Sep-2009","-","23-Sep-2009","30-Sep-2009"
"SURYALAXMI","Suryalakshmi Cotton Mills Limited","EQ","Annual General Meeting","10","18-Sep-2009","-","23-Sep-2009","30-Sep-2009"
"TV-18","Television Eighteen India Limited","EQ","Rights 1:2 Prem@Rs.79/-","5","18-Sep-2009","22-Sep-2009","-","-"
"NSIL","Nalwa Sons Investments Limited","EQ","Annual General Meeting","10","18-Sep-2009","-","23-Sep-2009","25-Sep-2009"
"BROADCAST","Broadcast Initiatives Limited","EQ","Annual General Meeting","10","18-Sep-2009","-","23-Sep-2009","29-Sep-2009"
"CAROLINFO","Carol Info Services Limited","EQ","Agm/Div-Rs.2/- Per Share","10","18-Sep-2009","-","23-Sep-2009","30-Sep-2009"
"KAKATCEM","Kakatiya Cement Sugar & Industries Limited","EQ","Agm/Div-Rs.2.70 Per Share","10","18-Sep-2009","-","23-Sep-2009","25-Sep-2009"
"NAHARINDUS","Nahar Industrial Enterprises Limited","EQ","Agm/Div-Re.1/- Per Share","10","18-Sep-2009","-","23-Sep-2009","30-Sep-2009"
"RAJVIR","Rajvir Industries Limited","EQ","Agm/Div-Rs.2/- Per Share","10","18-Sep-2009","-","23-Sep-2009","30-Sep-2009"
"MICROTECH","Micro Technologies (India) Limited","EQ","Agm/Div-Re.1/- Per Share","10","18-Sep-2009","-","23-Sep-2009","30-Sep-2009"
"PRIMESECU","Prime Securities Limited","EQ","Annual General Meeting","5","18-Sep-2009","-","23-Sep-2009","29-Sep-2009"
"PARAL","Parekh Aluminex Limited","EQ","Dividend-Rs.2.50 Pr Share","10","18-Sep-2009","-","23-Sep-2009","30-Sep-2009"
"TRICOM","Tricom India Limited","EQ","Agm/Div-Re.0.20 Per Share","2","18-Sep-2009","-","23-Sep-2009","30-Sep-2009"
"HMT","HMT Limited","EQ","Annual General Meeting","10","18-Sep-2009","-","23-Sep-2009","30-Sep-2009"
"AUTOLITIND","Autolite (India) Limited","EQ","Annual General Meeting","10","18-Sep-2009","-","23-Sep-2009","30-Sep-2009"
"SCI","Shipping Corporation Of India Limited","EQ","Agm/Div-Rs.6.5 Per Share","10","18-Sep-2009","-","23-Sep-2009","30-Sep-2009"
"QUINTEGRA","Quintegra Solutions Limited","EQ","Annual General Meeting","10","18-Sep-2009","-","23-Sep-2009","30-Sep-2009"
"TTL","T T Limited","EQ","Annual General Meeting","1","18-Sep-2009","-","23-Sep-2009","30-Sep-2009"
"CYBERTECH","Cybertech Systems And Software Limited","EQ","Dividend-Re.1/- Per Share","10","18-Sep-2009","-","23-Sep-2009","30-Sep-2009"
"METKORE","Metkore Alloys & Industries Limited","EQ","Annual General Meeting","2","18-Sep-2009","-","23-Sep-2009","29-Sep-2009"
"NAHARPOLY","Nahar Poly Films Limited","EQ","Dividend-Re.0.35 Pr Share","5","18-Sep-2009","-","23-Sep-2009","30-Sep-2009"
"PFOCUS","Prime Focus Limited","EQ","Annual General Meeting","1","18-Sep-2009","-","23-Sep-2009","25-Sep-2009"
"PVP","PVP Ventures Limited","EQ","Annual General Meeting","10","18-Sep-2009","-","23-Sep-2009","30-Sep-2009"
"GANESHHOU","GANESH HOUSING LIMITED","EQ","Agm/Div-Rs.1.80 Per Share","10","18-Sep-2009","-","23-Sep-2009","30-Sep-2009"
"MOHOTAIND","Mohota Industries Limited","EQ","Annual General Meeting","10","18-Sep-2009","-","23-Sep-2009","30-Sep-2009"
"AJRINFRA","AJR INFRA AND TOLLING LIMITED","EQ","Annual General Meeting","2","18-Sep-2009","-","23-Sep-2009","23-Sep-2009"
"GRABALALK","Grabal Alok Impex Limited","EQ","Dividend-Re.0.80 Pr Share","10","18-Sep-2009","-","23-Sep-2009","30-Sep-2009"
"RAJRAYON","Raj Rayon Industries Limited","EQ","Annual General Meeting","1","18-Sep-2009","-","23-Sep-2009","30-Sep-2009"
"PANACEABIO","Panacea Biotec Limited","EQ","Annual General Meeting","1","18-Sep-2009","-","23-Sep-2009","25-Sep-2009"
"BLUECOAST","Blue Coast Hotels Limited","EQ","Annual General Meeting","10","18-Sep-2009","-","23-Sep-2009","30-Sep-2009"
"CLUTCHAUTO","Clutch Auto Limited","EQ","Annual General Meeting","10","18-Sep-2009","-","23-Sep-2009","29-Sep-2009"
"WINSOMEDJ","Winsome Diamonds and Jewellery Limited","EQ","Annual General Meeting","10","18-Sep-2009","-","23-Sep-2009","30-Sep-2009"
"PARASPETRO","Paras Petrofils Limited","EQ","Annual General Meeting","1","22-Sep-2009","-","24-Sep-2009","30-Sep-2009"
"TELEDATAGL","Teledata Informatics Limited","EQ","Annual General Meeting","2","22-Sep-2009","-","24-Sep-2009","25-Sep-2009"
"ASIANELEC","Asian Electronics Limited","EQ","Annual General Meeting","5","22-Sep-2009","-","24-Sep-2009","30-Sep-2009"
"INDIABULLS","Indiabulls Financial Services Limited","EQ","Agm/Div-Rs.2/- Per Share","2","22-Sep-2009","-","24-Sep-2009","30-Sep-2009"
"ZENITHINFO","Zenith Infotech Limited","EQ","Agm/Div-Rs.2/- Per Share","10","22-Sep-2009","-","24-Sep-2009","30-Sep-2009"
"SITASHREE","Sita Shree Food Products Limited","EQ","Annual General Meeting","10","22-Sep-2009","-","24-Sep-2009","29-Sep-2009"
"FAME","Fame India Limited","EQ","Annual General Meeting","10","22-Sep-2009","-","24-Sep-2009","30-Sep-2009"
"FIEMIND","Fiem Industries Limited","EQ","Agm/Div-Rs.2.50 Per Share","10","22-Sep-2009","-","24-Sep-2009","30-Sep-2009"
"EUROCERA","Euro Ceramics Limited","EQ","Annual General Meeting","10","22-Sep-2009","-","24-Sep-2009","30-Sep-2009"
"KGL","Karuturi Global Limited","EQ","Dividend-Re.0.10 Pr Share","1","22-Sep-2009","-","24-Sep-2009","26-Sep-2009"
"FORTIS","Fortis Healthcare Limited","EQ","Annual General Meeting","10","22-Sep-2009","-","24-Sep-2009","25-Sep-2009"
"OMAXE","Omaxe Limited","EQ","Annual General Meeting","10","22-Sep-2009","-","24-Sep-2009","29-Sep-2009"
"JDORGOCHEM","JD Orgochem Limited","EQ","Annual General Meeting","1","22-Sep-2009","-","24-Sep-2009","30-Sep-2009"
"SGL","STL Global Limited","EQ","Annual General Meeting","10","22-Sep-2009","-","24-Sep-2009","30-Sep-2009"
"ARROWTEX","Arrow Textiles Limited","EQ","Annual General Meeting","10","22-Sep-2009","-","24-Sep-2009","30-Sep-2009"
"BARTRONICS","Bartronics India Limited","EQ","Agm/Div-Re.1/- Per Share","10","22-Sep-2009","-","24-Sep-2009","29-Sep-2009"
"MONNETISPA","Monnet Ispat and Energy Limited","EQ","Agm/Div-Rs.5/- Per Share","10","22-Sep-2009","-","24-Sep-2009","30-Sep-2009"
"KOUTONS","Koutons Retail India Limited","EQ","Agm/Div-Re.1/- Per Share","10","22-Sep-2009","-","24-Sep-2009","30-Sep-2009"
"JINDALPHOT","Jindal Photo Limited","EQ","Dividend-Re.1/- Per Share","10","22-Sep-2009","-","24-Sep-2009","30-Sep-2009"
"ASSAMCO","Assam Company India Limited","EQ","Agm/Div-Re.0.15 Per Share","1","22-Sep-2009","-","24-Sep-2009","30-Sep-2009"
"REMSONSIND","Remsons Industries Limited","EQ","Annual General Meeting","2","22-Sep-2009","-","24-Sep-2009","30-Sep-2009"
"ARENTERP","Rajdarshan Industries Limited","EQ","Annual General Meeting","10","22-Sep-2009","-","24-Sep-2009","30-Sep-2009"
"GENESYS","Genesys International Corporation Limited","EQ","Agm/Div-Rs.2/- Per Share","5","22-Sep-2009","-","24-Sep-2009","29-Sep-2009"
"AJMERA","Ajmera Realty & Infra India Limited","EQ","Agm/Div-Rs.1.10 Per Share","2","22-Sep-2009","-","24-Sep-2009","30-Sep-2009"
"BLUEBLENDS","Blue Blends (I) Limited","EQ","Annual General Meeting","10","22-Sep-2009","-","24-Sep-2009","26-Sep-2009"
"JPASSOCIAT","Jaiprakash Associates Limited","EQ","Agm/Div-Re.0.40 Per Share","2","22-Sep-2009","-","24-Sep-2009","29-Sep-2009"
"MASTEK","Mastek Limited","EQ","Agm/Div-Rs.7.50 Per Share","5","22-Sep-2009","-","24-Sep-2009","01-Oct-2009"
"RAJTV","Raj Television Network Limited","EQ","Annual General Meeting","5","22-Sep-2009","-","24-Sep-2009","30-Sep-2009"
"RELMEDIA","Reliance MediaWorks Limited","EQ","Annual General Meeting","5","22-Sep-2009","-","24-Sep-2009","30-Sep-2009"
"SANGHIPOLY","Sanghi Polyesters Limited","EQ","Annual General Meeting","10","22-Sep-2009","-","24-Sep-2009","29-Sep-2009"
"WEIZMANIND","Weizmann Limited","EQ","Agm/Div-Re.0.50 Per Share","10","22-Sep-2009","-","24-Sep-2009","29-Sep-2009"
"GLOBOFFS","Global Offshore Services Limited","EQ","Agm/Div-Re.0.40 Per Share","10","22-Sep-2009","-","24-Sep-2009","29-Sep-2009"
"KIRIINDUS","Kiri Industries Limited","EQ","Dividend-Rs.1.50 Pr Share","10","22-Sep-2009","-","24-Sep-2009","30-Sep-2009"
"SURANAT&P","Surana Telecom and Power Limited","EQ","Dividend-Re.0.75 Pr Share","1","22-Sep-2009","-","24-Sep-2009","29-Sep-2009"
"CRANESSOFT","Cranes Software International Limited","EQ","Agm/Div-Re.0.20 Per Share","2","22-Sep-2009","-","24-Sep-2009","29-Sep-2009"
"BHAGYNAGAR","Bhagyanagar India Limited","EQ","Dividend-Re.0.40 Pr Share","2","22-Sep-2009","-","24-Sep-2009","29-Sep-2009"
"MCDHOLDING","McDowell Holdings Limited","EQ","Annual General Meeting","10","22-Sep-2009","-","24-Sep-2009","30-Sep-2009"
"EMBDL","Embassy Developments Limited","EQ","Annual General Meeting","2","22-Sep-2009","-","24-Sep-2009","30-Sep-2009"
"TPHQ","Teamo Productions HQ Limited","EQ","Annual General Meeting","1","22-Sep-2009","-","24-Sep-2009","29-Sep-2009"
"ATLANTAA","ATLANTAA LIMITED","EQ","Annual General Meeting   Purpose Revised","2","22-Sep-2009","-","24-Sep-2009","30-Sep-2009"
"UNITDSPR","United Spirits Limited","EQ","Agm/Div-Rs.2/- Per Share","2","22-Sep-2009","-","24-Sep-2009","30-Sep-2009"
"SORILINFRA","SORIL Infra Resources Limited","EQ","Annual General Meeting","10","22-Sep-2009","-","24-Sep-2009","30-Sep-2009"
"DHANI","Dhani Services Limited","EQ","Agm/Div-Rs.2/- Per Share","2","22-Sep-2009","-","24-Sep-2009","30-Sep-2009"
"OSWALGREEN","Oswal Greentech Limited","EQ","Annual General Meeting","10","22-Sep-2009","-","24-Sep-2009","30-Sep-2009"
"DLF","DLF Limited","EQ","Dividend-Rs.2/- Per Share","2","22-Sep-2009","-","24-Sep-2009","30-Sep-2009"
"TIIL","Technocraft Industries (India) Limited","EQ","Agm/Div-Re.0.50 Per Share","10","22-Sep-2009","-","24-Sep-2009","30-Sep-2009"
"SANWARIA","Sanwaria Consumer Limited","EQ","Agm/Div-Re.0.15 Per Share","1","23-Sep-2009","-","25-Sep-2009","30-Sep-2009"
"ALCHEM","Alchemist Limited","EQ","Agm/Div-Rs.2/- Per Share","10","23-Sep-2009","-","25-Sep-2009","30-Sep-2009"
"MALWACOTT","Malwa Cotton Spg. Mills Limited","EQ","Annual General Meeting","10","23-Sep-2009","-","25-Sep-2009","26-Sep-2009"
"STINDIA","STI India Limited","EQ","Annual General Meeting","10","23-Sep-2009","-","25-Sep-2009","30-Sep-2009"
"VINCARDS","Vintage Cards & Creations Limited","EQ","Annual General Meeting","10","23-Sep-2009","-","25-Sep-2009","25-Sep-2009"
"PRAENG","Prajay Engineers Syndicate Limited","EQ","Annual General Meeting","10","23-Sep-2009","-","25-Sep-2009","29-Sep-2009"
"MURLIIND","Murli Industries Limited","EQ","Agm/Div-Rs.2/- Per Share","2","23-Sep-2009","-","25-Sep-2009","29-Sep-2009"
"SHREEASHTA","Shree Ashtavinayak Cine Vision Limited","EQ","Agm/Div-Re.0.12 Per Share","1","23-Sep-2009","-","25-Sep-2009","29-Sep-2009"
"KHANDSE","Khandwala Securities Limited","EQ","Annual General Meeting","10","23-Sep-2009","-","25-Sep-2009","30-Sep-2009"
"PANORAMUNI","Panoramic Universal Limited","EQ","Dividend-Rs.2.50 Pr Share","5","23-Sep-2009","-","25-Sep-2009","30-Sep-2009"
"AMBICAAGAR","Ambica Agarbathies & Aroma industries Limited","EQ","Annual General Meeting","10","23-Sep-2009","-","25-Sep-2009","30-Sep-2009"
"DYNACONS","Dynacons Systems & Solutions Limited","EQ","Annual General Meeting","2","23-Sep-2009","-","25-Sep-2009","30-Sep-2009"
"SNOWCEMIND","Snowcem India Limited","EQ","Annual General Meeting","10","23-Sep-2009","-","25-Sep-2009","30-Sep-2009"
"AUSOMENT","Ausom Enterprise Limited","EQ","Annual General Meeting","10","23-Sep-2009","-","25-Sep-2009","29-Sep-2009"
"RAJESHEXPO","Rajesh Exports Limited","EQ","Dividend-Re.0.60 Pr Share","1","23-Sep-2009","-","25-Sep-2009","29-Sep-2009"
"TANLA","Tanla Platforms Limited","EQ","Agm/Div-Re.0.50 Per Share","1","23-Sep-2009","-","25-Sep-2009","30-Sep-2009"
"TOKYOPLAST","Tokyo Plast International Limited","EQ","Annual General Meeting","10","23-Sep-2009","-","25-Sep-2009","29-Sep-2009"
"BVCL","Barak Valley Cements Limited","EQ","Agm/Div-Re.1/- Per Share","10","23-Sep-2009","-","25-Sep-2009","30-Sep-2009"
"ANKURDRUGS","Ankur Drugs And Pharma Limited","EQ","Agm/Div-Rs.2.25 Per Share","10","23-Sep-2009","-","25-Sep-2009","29-Sep-2009"
"CELESTIAL","Celestial Biolabs Limited","EQ","Agm/Div-Re.0.50 Per Share","10","23-Sep-2009","-","25-Sep-2009","30-Sep-2009"
"HERITGFOOD","Heritage Foods Limited","EQ","Annual General Meeting","5","23-Sep-2009","-","25-Sep-2009","29-Sep-2009"
"OMAXAUTO","Omax Autos Limited","EQ","Agm/Div-Re.1/- Per Share","10","23-Sep-2009","-","25-Sep-2009","30-Sep-2009"
"OSWALAGRO","Oswal Agro Mills Limited","EQ","Annual General Meeting","10","23-Sep-2009","-","25-Sep-2009","30-Sep-2009"
"S&SPOWER","S&S Power Switchgears Limited","EQ","Annual General Meeting","10","23-Sep-2009","-","25-Sep-2009","30-Sep-2009"
"JAGSNPHARM","Jagsonpal Pharmaceuticals Limited","EQ","Agm/Div-Re.0.25 Per Share","2","23-Sep-2009","-","25-Sep-2009","30-Sep-2009"
"BIOFILCHEM","Biofil Chemicals & Pharmaceuticals Limited","EQ","Annual General Meeting","10","23-Sep-2009","-","25-Sep-2009","30-Sep-2009"
"EMTEXIND","Emtex Industries ( India ) Limited","EQ","Annual General Meeting","10","23-Sep-2009","-","25-Sep-2009","29-Sep-2009"
"TODAYS","Todays Writing Instruments Limited","EQ","Annual General Meeting","10","23-Sep-2009","-","25-Sep-2009","29-Sep-2009"
"ICDSLTD","ICDS Limited","EQ","Annual General Meeting","10","23-Sep-2009","-","25-Sep-2009","30-Sep-2009"
"SHIVAMAUTO","Shivam Autotech Limited","EQ","Agm/Div-Rs.1.50 Per Share","2","23-Sep-2009","-","25-Sep-2009","30-Sep-2009"
"LOTUSEYE","Lotus Eye Hospital and Institute Limited","EQ","Annual General Meeting","10","23-Sep-2009","-","25-Sep-2009","29-Sep-2009"
"SABTN","Sri Adhikari Brothers Television Network Limited","EQ","Agm/Div-Re.0.60 Per Share","10","23-Sep-2009","-","25-Sep-2009","30-Sep-2009"
"VISESHINFO","Visesh Infotecnics Limited","EQ","Annual General Meeting","1","23-Sep-2009","-","25-Sep-2009","29-Sep-2009"
"TULIP","Tulip Telecom Limited","EQ","Dividend-Rs.4/- Per Share","2","23-Sep-2009","-","25-Sep-2009","29-Sep-2009"
"OISL","OCL Iron and Steel Limited","EQ","Annual General Meeting","1","23-Sep-2009","-","25-Sep-2009","30-Sep-2009"
"ARAVALIIND","Aravali Industries Limited","EQ","Annual General Meeting","10","23-Sep-2009","-","25-Sep-2009","30-Sep-2009"
"AURIONPRO","Aurionpro Solutions Limited","EQ","Agm/Div-Rs.1.75 Per Share","10","23-Sep-2009","-","25-Sep-2009","30-Sep-2009"
"CORALHUB","Coral Hub Limited","EQ","Agm/Div-Re.0.125 Pr Share","1","23-Sep-2009","-","25-Sep-2009","30-Sep-2009"
"PBAINFRA","PBA Infrastructure Limited","EQ","Agm/Div-Rs.2/- Per Share","10","23-Sep-2009","-","25-Sep-2009","30-Sep-2009"
"SARLAPOLY","Sarla Performance Fibers Limited","EQ","Agm/Div-Rs.3.50 Per Share","1","23-Sep-2009","-","25-Sep-2009","29-Sep-2009"
"TELEDATAIT","Teledata Technology Solutions Limited","EQ","Annual General Meeting","2","23-Sep-2009","-","25-Sep-2009","29-Sep-2009"
"KRISNAFILA","Krishna Filaments Limited","EQ","Annual General Meeting","10","23-Sep-2009","-","25-Sep-2009","30-Sep-2009"
"LIBERTSHOE","Liberty Shoes Limited","EQ","Annual General Meeting","10","23-Sep-2009","-","25-Sep-2009","30-Sep-2009"
"GEODESIC","Geodesic Limited","EQ","Agm/Div-Re.0.80 Per Share","2","23-Sep-2009","-","25-Sep-2009","29-Sep-2009"
"VAIBHAVGBL","Vaibhav Global Limited","EQ","Annual General Meeting","2","23-Sep-2009","-","25-Sep-2009","30-Sep-2009"
"GULFPETRO","GP Petroleums Limited","EQ","Agm/Div-Re.0.05 Per Share","5","23-Sep-2009","-","25-Sep-2009","30-Sep-2009"
"INSPIRISYS","Inspirisys Solutions Limited","EQ","Annual General Meeting","10","23-Sep-2009","-","25-Sep-2009","29-Sep-2009"
"KFA","Kingfisher Airlines Limited","EQ","Annual General Meeting","10","23-Sep-2009","-","25-Sep-2009","29-Sep-2009"
"SMSPHARMA","SMS Pharmaceuticals Limited","EQ","Agm/Div-Rs.2/- Per Share","1","23-Sep-2009","-","25-Sep-2009","30-Sep-2009"
"SANGHIIND","Sanghi Industries Limited","EQ","Annual General Meeting","10","24-Sep-2009","-","26-Sep-2009","29-Sep-2009"
"KALINDEE","Kalindee Rail Nirman (Engineers) Limited","EQ","Annual General Meeting","10","24-Sep-2009","-","28-Sep-2009","30-Sep-2009"
"RESURGERE","Resurgere Mines & Minerals India Limited","EQ","Annual General Meeting","1","24-Sep-2009","-","26-Sep-2009","30-Sep-2009"
"TNTELE","Tamilnadu Telecommunication Limited","EQ","Annual General Meeting","10","24-Sep-2009","-","26-Sep-2009","30-Sep-2009"
"ANIKINDS","Anik Industries Limited","EQ","Agm/Div-Re.0.60 Per Share","10","24-Sep-2009","-","28-Sep-2009","30-Sep-2009"
"PADMALAYAT","Padmalaya Telefilms Limited","EQ","Annual General Meeting","10","24-Sep-2009","-","26-Sep-2009","30-Sep-2009"
"NORTHGATE","Northgate Technologies Limited","EQ","Annual General Meeting","10","24-Sep-2009","-","28-Sep-2009","30-Sep-2009"
"POLYPLEX","Polyplex Corporation Limited","EQ","Dividend-Rs.7/- Per Share","10","24-Sep-2009","-","26-Sep-2009","30-Sep-2009"
"LAKSHVILAS","Lakshmi Vilas Bank Limited","EQ","Rights 1:1 Prem@Rs.44/-","10","24-Sep-2009","25-Sep-2009","-","-"
"MAGNUM","Magnum Ventures Limited","EQ","Annual General Meeting","10","24-Sep-2009","-","26-Sep-2009","29-Sep-2009"
"JAINSTUDIO","Jain Studios Limited","EQ","Annual General Meeting","10","24-Sep-2009","-","26-Sep-2009","30-Sep-2009"
"MAHAPEXLTD","Maha Rashtra Apex Corporation Limited","EQ","Annual General Meeting","10","24-Sep-2009","-","28-Sep-2009","30-Sep-2009"
"VIVIMEDLAB","Vivimed Labs Limited","EQ","Agm/Div-Rs.1.50 Per Share","2","24-Sep-2009","-","28-Sep-2009","30-Sep-2009"
"GOLDTECH","AION-TECH SOLUTIONS LIMITED","EQ","Annual General Meeting","10","24-Sep-2009","-","26-Sep-2009","30-Sep-2009"
"ASIL","Amit Spinning Industries Limited","EQ","Annual General Meeting","5","24-Sep-2009","-","26-Sep-2009","29-Sep-2009"
"VISUINTL","Visu International Limited","EQ","Annual General Meeting","10","24-Sep-2009","-","28-Sep-2009","30-Sep-2009"
"MADHUCON","Madhucon Projects Limited","EQ","Agm/Div-Re.0.80 Per Share","1","24-Sep-2009","-","27-Sep-2009","30-Sep-2009"
"ETPCORP","ETP Corporation Limited","EQ","Annual General Meeting","10","24-Sep-2009","-","26-Sep-2009","26-Sep-2009"
"PRUDMOULI","Prudential Sugar Corporation Limited","EQ","Annual General Meeting","10","24-Sep-2009","-","26-Sep-2009","30-Sep-2009"
"VITALCOMM","Vital Communications Limited","EQ","Annual General Meeting","10","24-Sep-2009","-","29-Sep-2009","30-Sep-2009"
"IGARASHI","Igarashi Motors India Limited","EQ","Annual General Meeting","10","24-Sep-2009","-","26-Sep-2009","30-Sep-2009"
"EVINIX","Evinix Accessories Limited","EQ","Annual General Meeting","1","24-Sep-2009","-","26-Sep-2009","30-Sep-2009"
"ARIES","Aries Agro Limited","EQ","Annual General Meeting","10","24-Sep-2009","-","26-Sep-2009","29-Sep-2009"
"GLOBALVECT","Global Vectra Helicorp Limited","EQ","Annual General Meeting","10","24-Sep-2009","-","28-Sep-2009","29-Sep-2009"
"SRGINFOTEC","SRG Infotec (India) Limited","EQ","Annual General Meeting","10","24-Sep-2009","-","29-Sep-2009","30-Sep-2009"
"AFTEK","Aftek Limited","EQ","Annual General Meeting","2","24-Sep-2009","-","26-Sep-2009","30-Sep-2009"
"KRISHNAENG","Krishna Engineering Works Limited","EQ","Annual General Meeting","10","24-Sep-2009","-","28-Sep-2009","29-Sep-2009"
"BANG","Bang Overseas Limited","EQ","Annual General Meeting","10","24-Sep-2009","-","28-Sep-2009","30-Sep-2009"
"SPMLINFRA","SPML Infra Limited","EQ","Agm/Div-Rs.1.20 Per Share","2","24-Sep-2009","-","29-Sep-2009","30-Sep-2009"
"EONELECT","Eon Electric Limited","EQ","Annual General Meeting","10","24-Sep-2009","-","26-Sep-2009","30-Sep-2009"
"SANGAMIND","Sangam (India) Limited","EQ","Annual General Meeting","10","24-Sep-2009","-","28-Sep-2009","30-Sep-2009"
"VICEROY","Viceroy Hotels Limited","EQ","Annual General Meeting","10","24-Sep-2009","-","29-Sep-2009","29-Sep-2009"
"CUBEXTUB","Cubex Tubings Limited","EQ","Annual General Meeting","10","24-Sep-2009","-","28-Sep-2009","30-Sep-2009"
"CLCIND","CLC Industries Limited","EQ","Annual General Meeting","10","24-Sep-2009","-","26-Sep-2009","29-Sep-2009"
"IZMO","IZMO Limited","EQ","Dividend-Rs.1.25 Pr Sharepurpose Revised","10","24-Sep-2009","-","29-Sep-2009","29-Sep-2009"
"ELAND","E-Land Apparel Limited","EQ","Agm/Div-Re.0.60 Per Share","10","24-Sep-2009","-","28-Sep-2009","30-Sep-2009"
"KSOILS","K S Oils Limited","EQ","Agm/Div-Re.0.18 Per Share","1","24-Sep-2009","-","26-Sep-2009","30-Sep-2009"
"SINTEX","Sintex Industries Limited","EQ","Agm/Div-Rs.1.10 Per Share","1","25-Sep-2009","-","01-Oct-2009","12-Oct-2009"
"NAMASTEXP","Namaste Exports Limited","EQ","Annual General Meeting","10","25-Sep-2009","-","30-Sep-2009","30-Sep-2009"
"AARTIIND","Aarti Industries Limited","EQ","Agm/Div-Rs.1.20 Per Share","5","29-Sep-2009","-","05-Oct-2009","12-Oct-2009"
"PGHH","Procter & Gamble Hygiene and Health Care Limited","EQ","Agm/Div-Rs.22.50 Pr Share","10","29-Sep-2009","-","03-Oct-2009","15-Oct-2009"
"GMRAIRPORT","GMR AIRPORTS LIMITED","EQ","Fv Split Rs.2/- To Re.1/-","1","01-Oct-2009","05-Oct-2009","-","-"
"RENUKA","Shree Renuka Sugars Limited","EQ","Div-Int Re .50+Spl Re .50purpose Revised","1","06-Oct-2009","07-Oct-2009","-","-"
"GAMMONIND","Gammon India Limited","EQ","Dividend-Re.0.60 Pr Share","2","07-Oct-2009","-","09-Oct-2009","14-Oct-2009"
"AGRODUTCH","Agro Dutch Industries Limited","EQ","Annual General Meeting","10","08-Oct-2009","-","10-Oct-2009","12-Oct-2009"
"SUNCLAYTON","Sundaram Clayton Limited","EQ","Bonus 1:1","5","09-Oct-2009","12-Oct-2009","-","-"
"GOKUL","Gokul Refoils and Solvent Limited","EQ","Fv Split Rs.10/- To Rs.2/Rd Revised","2","14-Oct-2009","15-Oct-2009","-","-"
"GREAVESCOT","Greaves Cotton Limited","EQ","Final Div-Re.1/- Pr Share","2","14-Oct-2009","-","16-Oct-2009","23-Oct-2009"
"SWELECTES","Swelect Energy Systems Limited","EQ","Bonus 1:1","10","14-Oct-2009","15-Oct-2009","-","-"
"ACLGATI","Allcargo Gati Limited","EQ","Annual General Meeting","2","15-Oct-2009","-","17-Oct-2009","21-Oct-2009"
"FCSSOFT","FCS Software Solutions Limited","EQ","Fv Split Rs.10/- To Re.1/","1","15-Oct-2009","16-Oct-2009","-","-"
"INFY","Infosys Limited","EQ","Int Div-Rs.10/- Per Sharepurpose Revised","5","15-Oct-2009","16-Oct-2009","-","-"
"GILLETTE","Gillette India Limited","EQ","Agm/Div-Rs.12.5 Per Share","10","15-Oct-2009","-","17-Oct-2009","27-Oct-2009"
"RELIANCE","Reliance Industries Limited","EQ","Int Div-Rs.13/- Per Share","10","16-Oct-2009","-","21-Oct-2009","21-Oct-2009"
"SONATSOFTW","Sonata Software Limited","EQ","Int Div-Re.0.90 Per Sharepurpose Revised","1","20-Oct-2009","21-Oct-2009","-","-"
"TV-18","Television Eighteen India Limited","EQ","Annual General Meeting","5","21-Oct-2009","-","23-Oct-2009","26-Oct-2009"
"OUDHSUG","The Oudh Sugar Mills Limited","EQ","Dividend-Rs.1.50 Pr Share","10","21-Oct-2009","-","23-Oct-2009","24-Oct-2009"
"IOLN","IOL Netcom Limited","EQ","Annual General Meeting","10","22-Oct-2009","-","26-Oct-2009","30-Oct-2009"
"ASTRAL","Astral Limited","EQ","Int Div-Re.1/- Per Share","1","22-Oct-2009","24-Oct-2009","-","-"
"BIRLACOT","Birla Cotsyn (India) Limited","EQ","Fv Split Rs.10/- To Re.1/","1","23-Oct-2009","26-Oct-2009","-","-"
"ARL","Arvind Remedies Limited","EQ","Agm/Div-Re.0.05 Per Share","1","23-Oct-2009","-","27-Oct-2009","30-Oct-2009"
"ASIANPAINT","Asian Paints Limited","EQ","Int Div-Rs.8.50 Per Sharepurpose Revised","1","26-Oct-2009","27-Oct-2009","-","-"
"REISIXTEN","REI Six Ten Retail Limited","EQ","Fv Split Rs.10/- To Rs.2/","2","26-Oct-2009","27-Oct-2009","-","-"
"AJRINFRA","AJR INFRA AND TOLLING LIMITED","EQ","Fv Split Rs.10/- To Rs.2/","2","26-Oct-2009","27-Oct-2009","-","-"
"UNICHEMLAB","Unichem Laboratories Limited","EQ","Interim Dividend","2","27-Oct-2009","28-Oct-2009","-","-"
"EDUCOMP","Educomp Solutions Limited","EQ","Fv Split Rs.10/- To Rs.2/","2","27-Oct-2009","28-Oct-2009","-","-"
"EXIDEIND","Exide Industries Limited","EQ","Int Div-Re.0.60 Per Share","1","27-Oct-2009","28-Oct-2009","-","-"
"MONSANTO","Monsanto India Limited","EQ","Int Div-Rs.10/- Per Share","10","28-Oct-2009","29-Oct-2009","-","-"
"TCS","Tata Consultancy Services Limited","EQ","2nd Int Div-Rs.2/- Pr Shr","1","28-Oct-2009","29-Oct-2009","-","-"
"SAMTEL","Samtel Color Limited","EQ","Annual General Meeting","10","28-Oct-2009","-","30-Oct-2009","31-Oct-2009"
"RALLIS","Rallis India Limited","EQ","Int Div-Rs.8/- Per Share","1","29-Oct-2009","30-Oct-2009","-","-"
"JPASSOCIAT","Jaiprakash Associates Limited","EQ","Int Div-Re.0.54 Per Sharepurpose Revised","2","29-Oct-2009","30-Oct-2009","-","-"
"CENTURYPLY","Century Plyboards (India) Limited","EQ","Int Div-Re.0.75 Per Share","1","29-Oct-2009","31-Oct-2009","-","-"
"IL&FSENGG","IL&FS Engineering and Construction Company Limited","EQ","Annual General Meeting","10","29-Oct-2009","-","02-Nov-2009","09-Nov-2009"
"GDL","Gateway Distriparks Limited","EQ","Int Div-Rs.1.50 Per Sharepurpose Revised","10","29-Oct-2009","30-Oct-2009","-","-"
"GLOBOFFS","Global Offshore Services Limited","EQ","Int Div-Re.0.80 Per Share","10","29-Oct-2009","30-Oct-2009","-","-"
"IOC","Indian Oil Corporation Limited","EQ","Bonus 1:1","10","29-Oct-2009","30-Oct-2009","-","-"
"IPCALAB","IPCA Laboratories Limited","EQ","Int Div-Rs.5/- Per Share Purpose Revised","1","30-Oct-2009","03-Nov-2009","-","-"
"VGL","VARVEE GLOBAL LIMITED","EQ","Int Div-Re.0.50 Per Share","5","30-Oct-2009","03-Nov-2009","-","-"
"DABUR","Dabur India Limited","EQ","Int Div-Re.0.75 Per Sharepurpose Revised","1","30-Oct-2009","03-Nov-2009","-","-"
"CGPOWER","CG Power and Industrial Solutions Limited","EQ","Int Div-Re.0.80 Per Sharepurpose Revised","2","30-Oct-2009","03-Nov-2009","-","-"
"VINATIORGA","Vinati Organics Limited","EQ","Fv Spl-Rs10tors2/Div-1.50record Date Revised","1","30-Oct-2009","03-Nov-2009","-","-"
"HCLTECH","HCL Technologies Limited","EQ","Int Div-Re.1/- Per Share Purpose Revised","2","30-Oct-2009","03-Nov-2009","-","-"
"RAMCOCEM","The Ramco Cements Limited","EQ","Int Div-Rs.1.50 Per Sharepurpose Revised","1","30-Oct-2009","03-Nov-2009","-","-"
"RAMCOIND","Ramco Industries Limited","EQ","Int Div-Re.0.45 Per Sharepurpose Revised","1","30-Oct-2009","03-Nov-2009","-","-"
"MARICO","Marico Limited","EQ","1st Int Div-Re.0.30 Pr Shpurpose Revised","1","30-Oct-2009","03-Nov-2009","-","-"
"PAGEIND","Page Industries Limited","EQ","3rd Int Div-Rs.6/- Pr Shrpurpose Revised","10","04-Nov-2009","05-Nov-2009","-","-"
"MADHUCON","Madhucon Projects Limited","EQ","Fv Split Rs.2/- To Re.1/","1","05-Nov-2009","07-Nov-2009","-","-"
"MRF","MRF Limited","EQ","2nd Int Div-Rs.3/- Pr Shr","10","05-Nov-2009","07-Nov-2009","-","-"
"KCP","KCP Limited","EQ","2nd Int Div-Rs.2.50 Pr Shpurpose Revised","1","05-Nov-2009","06-Nov-2009","-","-"
"DYNAMATECH","Dynamatic Technologies Limited","EQ","Int Div-Rs.2/- Per Share Purpose Revised","10","05-Nov-2009","06-Nov-2009","-","-"
"CRISIL","Crisil Limited","EQ","Int Div-Rs.25/- Per Sharepurpose Revised","1","05-Nov-2009","06-Nov-2009","-","-"
"DCMSHRIRAM","DCM Shriram Limited","EQ","Int Div-Re.0.40 Per Share","2","05-Nov-2009","06-Nov-2009","-","-"
"KSB","Ksb Limited","EQ","Int Div-Rs.2/- Per Share","2","05-Nov-2009","06-Nov-2009","-","-"
"REIAGROLTD","Rei Agro Limited","EQ","Int Div-Re.0.10 Per Share","1","05-Nov-2009","06-Nov-2009","-","-"
"VISAKAIND","Visaka Industries Limited","EQ","Int Div-Rs.1.50 Per Share","2","05-Nov-2009","06-Nov-2009","-","-"
"BIRLACORPN","Birla Corporation Limited","EQ","Int Div-Rs.2.50 Per Share","10","05-Nov-2009","06-Nov-2009","-","-"
"MINDTREE","MindTree Limited","EQ","Int Div-Re.1/- Per Share","10","05-Nov-2009","06-Nov-2009","-","-"
"HINDUNILVR","Hindustan Unilever Limited","EQ","Int Div-Rs.3/- Per Share Purpose Revised","1","06-Nov-2009","09-Nov-2009","-","-"
"DOLPHINOFF","Dolphin Offshore Enterprises (India) Limited","EQ","Int Div-Rs.1.50 Per Sharepurpose Revised","10","06-Nov-2009","09-Nov-2009","-","-"
"DCHL","Deccan Chronicle Holdings Limited","EQ","2nd Int Div-Re.1/- Pr Shrpurpose Revised","2","06-Nov-2009","09-Nov-2009","-","-"
"GABRIEL","Gabriel India Limited","EQ","Int Div-Re.0.30 Per Sharepurpose Revised","1","09-Nov-2009","10-Nov-2009","-","-"
"HCL-INSYS","HCL Infosystems Limited","EQ","Div-Fin Rs.1.5+Int Rs.1.5purpose Revised","2","09-Nov-2009","-","11-Nov-2009","12-Nov-2009"
"SHRIRAMFIN","Shriram Finance Limited","EQ","Int Div-Rs.2/- Per Share","2","09-Nov-2009","10-Nov-2009","-","-"
"JKLAKSHMI","JK Lakshmi Cement Limited","EQ","Int Div-Rs.2/- Per Share","5","10-Nov-2009","11-Nov-2009","-","-"
"ECLERX","eClerx Services Limited","EQ","Int Div-Rs.7.50 Per Share","10","10-Nov-2009","11-Nov-2009","-","-"
"SASKEN","Sasken Technologies Limited","EQ","Int Div-Rs.2/- Per Share","10","10-Nov-2009","11-Nov-2009","-","-"
"ORBITCORP","Orbit Corporation Limited","EQ","Int Div-Re.1/- Per Share","10","10-Nov-2009","11-Nov-2009","-","-"
"SHRIRAMCIT","Shriram City Union Finance Limited","EQ","Int Div-Rs.2/- Per Share","10","10-Nov-2009","11-Nov-2009","-","-"
"NAVNETEDUL","Navneet Education Limited","EQ","Int Div-Re.1/- Per Share","2","10-Nov-2009","11-Nov-2009","-","-"
"JKCEMENT","JK Cement Limited","EQ","Int Div-Rs.2.50 Per Share","10","11-Nov-2009","12-Nov-2009","-","-"
"ADSL","Allied Digital Services Limited","EQ","Fv Split Rs.10/- To Rs.5/","5","11-Nov-2009","12-Nov-2009","-","-"
"63MOONS","63 moons technologies limited","EQ","2nd Int Div-Rs.2/- Pr Shr","2","11-Nov-2009","12-Nov-2009","-","-"
"SEMAC","Semac Construction Limited","EQ","Annual General Meeting","10","11-Nov-2009","-","13-Nov-2009","27-Nov-2009"
"JAGRAN","Jagran Prakashan Limited","EQ","Int Div-Rs.2/- Per Share","2","11-Nov-2009","12-Nov-2009","-","-"
"HELIOSMATH","Helios And Matheson Information Technology Limited","EQ","Int Div-Rs.1.50 Per Share","10","11-Nov-2009","12-Nov-2009","-","-"
"INGERRAND","Ingersoll Rand (India) Limited","EQ","Int Div-Rs.3/- Per Share","10","12-Nov-2009","13-Nov-2009","-","-"
"CUB","City Union Bank Limited","EQ","Rights 1:4 Prem@Rs.5/-","1","12-Nov-2009","13-Nov-2009","-","-"
"SRF","SRF Limited","EQ","Int Div-Rs.7/- Per Share","10","12-Nov-2009","13-Nov-2009","-","-"
"MBECL","Mcnally Bharat Engineering Company Limited","EQ","Agm/Div-Rs.1.25 Per Share","10","12-Nov-2009","-","16-Nov-2009","23-Nov-2009"
"LUMAXTECH","Lumax Auto Technologies Limited","EQ","Int Div-Rs.1/- Per Share Purpose Revised","2","12-Nov-2009","14-Nov-2009","-","-"
"HINDNATGLS","Hindusthan National Glass & Industries Limited","EQ","Fv Split Rs.10/- To Rs.2/","2","12-Nov-2009","13-Nov-2009","-","-"
"FOSECOIND","Foseco India Limited","EQ","2nd Int Div-Re.1/- Pr Shr","10","12-Nov-2009","13-Nov-2009","-","-"
"NAVINFLUOR","Navin Fluorine International Limited","EQ","Int Div-Rs.6.50 Per Share","2","12-Nov-2009","13-Nov-2009","-","-"
"ELGIEQUIP","Elgi Equipments Limited","EQ","Int Div-Re.0.75 Per Share","1","12-Nov-2009","13-Nov-2009","-","-"
"GODREJCP","Godrej Consumer Products Limited","EQ","2nd Int Div-Re.1/- Pr Shrpurpose Revised","1","13-Nov-2009","16-Nov-2009","-","-"
"ROLTA","Rolta India Limited","EQ","Agm/Div-Rs.3/- Per Share","10","13-Nov-2009","-","17-Nov-2009","24-Nov-2009"
"GFLLIMITED","GFL Limited","EQ","Int Div-Re.1/- Per Share","1","13-Nov-2009","16-Nov-2009","-","-"
"KESORAMIND","Kesoram Industries Limited","EQ","Int Div-Rs.2.25 Per Share","10","16-Nov-2009","17-Nov-2009","-","-"
"BANCOINDIA","Banco Products (I) Limited","EQ","Dividend-Rs.1.50 Pr Share","2","18-Nov-2009","-","20-Nov-2009","27-Nov-2009"
"CENTRALBK","Central Bank of India","EQ","Int Div-Re.1/- Per Share","10","19-Nov-2009","20-Nov-2009","-","-"
"ALLCARGO","Allcargo Logistics Limited","EQ","Fv Spl-Rs10to2/Div-Rs2.50","2","19-Nov-2009","20-Nov-2009","-","-"
"ASIANTILES","Asian Granito India Limited","EQ","Annual General Meeting","10","20-Nov-2009","-","24-Nov-2009","30-Nov-2009"
"GREAVESCOT","Greaves Cotton Limited","EQ","Int Div-Re.1/- Per Share","2","20-Nov-2009","23-Nov-2009","-","-"
"OUDHSUG","The Oudh Sugar Mills Limited","EQ","Annual General Meeting","10","20-Nov-2009","-","24-Nov-2009","25-Nov-2009"
"HBLENGINE","HBL Engineering Limited","EQ","Fv Split Rs.10/- To Re.1/","1","24-Nov-2009","25-Nov-2009","-","-"
"FEL","Future Enterprises Limited","EQ","Dividend-Re.0.60 Pr Share","2","25-Nov-2009","-","27-Nov-2009","02-Dec-2009"
"FELDVR","Future Enterprises Limited","EQ","Dividend-Re.0.70 Pr Share","2","25-Nov-2009","-","27-Nov-2009","02-Dec-2009"
"GSPL","Gujarat State Petronet Limited","EQ","Dividend-Re.0.75 Pr Share","10","26-Nov-2009","-","28-Nov-2009","03-Dec-2009"
"RELIANCE","Reliance Industries Limited","EQ","Bonus 1:1","10","26-Nov-2009","27-Nov-2009","-","-"
"THEMISMED","Themis Medicare Limited","EQ","Annual General Meeting","1","01-Dec-2009","-","03-Dec-2009","09-Dec-2009"
"HCLTECH","HCL Technologies Limited","EQ","Agm/Div-Re.1/- Per Share","2","02-Dec-2009","-","04-Dec-2009","08-Dec-2009"
"LCCINFOTEC","LCC Infotech Limited","EQ","Annual General Meeting","2","03-Dec-2009","-","07-Dec-2009","14-Dec-2009"
"BALLARPUR","Ballarpur Industries Limited","EQ","Agm/Div-Re.0.50 Per Share","2","03-Dec-2009","-","05-Dec-2009","18-Dec-2009"
"AEGISLOG","Aegis Logistics Limited","EQ","Int Div-Rs.2.75 Per Share","1","03-Dec-2009","04-Dec-2009","-","-"
"ALPSINDUS","Alps Industries Limited","EQ","Annual General Meeting","10","04-Dec-2009","-","08-Dec-2009","09-Dec-2009"
"IFL","India Foils Limited","EQ","Annual General Meeting","1","04-Dec-2009","-","08-Dec-2009","12-Dec-2009"
"INDLMETER","IMP Powers Limited","EQ","Annual General Meeting","10","07-Dec-2009","-","09-Dec-2009","15-Dec-2009"
"ESSDEE","Ess Dee Aluminium Limited","EQ","Agm/Div-Rs.2/- Per Share","10","08-Dec-2009","-","10-Dec-2009","14-Dec-2009"
"ASHCO","Ashco Niulab Industries Limited","EQ","Agm/Fv Spl Rs.10 To Re.1","1","08-Dec-2009","-","10-Dec-2009","10-Dec-2009"
"SB&TINTL","SB&T International Limited","EQ","Annual General Meeting","10","10-Dec-2009","-","13-Dec-2009","19-Dec-2009"
"ADANIENT","Adani Enterprises Limited","EQ","Bonus 1:1","1","10-Dec-2009","11-Dec-2009","-","-"
"IDEA","Vodafone Idea Limited","EQ","Annual General Meeting","10","10-Dec-2009","-","14-Dec-2009","21-Dec-2009"
"COLPAL","Colgate Palmolive (India) Limited","EQ","2nd Int Div-Rs.7/- Pr Shrpurpose Revised","1","10-Dec-2009","11-Dec-2009","-","-"
"JINDALSAW","Jindal Saw Limited","EQ","Fv Split Rs.10/- To Rs.2/","1","10-Dec-2009","11-Dec-2009","-","-"
"SIMBHSUGAR","Simbhaoli Sugars Limited","EQ","Annual General Meeting","10","10-Dec-2009","-","14-Dec-2009","17-Dec-2009"
"ENTEGRA","Entegra Limited","EQ","Annual General Meeting","10","11-Dec-2009","-","15-Dec-2009","17-Dec-2009"
"KESARENT","Kesar Enterprises Limited","EQ","Div-Fin Rs.2.5+Spl Re.0.5","10","11-Dec-2009","-","15-Dec-2009","22-Dec-2009"
"MARALOVER","Maral Overseas Limited","EQ","Annual General Meeting","10","14-Dec-2009","-","16-Dec-2009","23-Dec-2009"
"CUMMINSIND","Cummins India Limited","EQ","Int Div-Rs.6/- Per Share","2","14-Dec-2009","15-Dec-2009","-","-"
"ESABINDIA","Esab India Limited","EQ","Int Div-Rs.20/- Per Sharepurpose Revised","10","14-Dec-2009","15-Dec-2009","-","-"
"AUROPHARMA","Aurobindo Pharma Limited","EQ","Agm/Div-Rs.1.50 Per Share","1","16-Dec-2009","-","18-Dec-2009","23-Dec-2009"
"NOVASTEEL","Nova Steel India Limited","EQ","Annual General Meeting","10","16-Dec-2009","-","18-Dec-2009","30-Dec-2009"
"AMAR","Amar Remedies Limited","EQ","Agm/Div-Re.1/- Per Share","10","17-Dec-2009","-","19-Dec-2009","26-Dec-2009"
"CANDC","C & C Constructions Limited","EQ","Agm/Div-Rs.2.75 Per Share","10","17-Dec-2009","-","21-Dec-2009","24-Dec-2009"
"JKLAKSHMI","JK Lakshmi Cement Limited","EQ","Fv Split Rs.10 To Rs.5","5","17-Dec-2009","18-Dec-2009","-","-"
"PURVA","Puravankara Limited","EQ","Annual General Meeting","5","17-Dec-2009","-","21-Dec-2009","23-Dec-2009"
"UPERGANGES","Upper Ganges Sugar & Industries Limited","EQ","Agm/Div-Rs.1.20 Per Share","10","17-Dec-2009","-","19-Dec-2009","23-Dec-2009"
"JPASSOCIAT","Jaiprakash Associates Limited","EQ","Bonus 1:2","2","17-Dec-2009","18-Dec-2009","-","-"
"NOVAELEMAG","Nova Electro Magnetics Limited","EQ","Annual General Meeting","10","17-Dec-2009","-","21-Dec-2009","29-Dec-2009"
"INFOMEDIA","Infomedia Press Limited","EQ","Rights 3:2@Prem Rs.23.50","10","18-Dec-2009","21-Dec-2009","-","-"
"AUSTRAL","Austral Coke & Projects Limited","EQ","Annual General Meeting","1","21-Dec-2009","-","23-Dec-2009","24-Dec-2009"
"INDOWIND","Indowind Energy Limited","EQ","Annual General Meeting","10","21-Dec-2009","-","23-Dec-2009","30-Dec-2009"
"GSS","GSS Infotech Limited","EQ","Agm/Div-Rs.1.50 Per Share","10","21-Dec-2009","-","23-Dec-2009","28-Dec-2009"
"ENGINERSIN","Engineers India Limited","EQ","Int Div-Rs.6/- Per Share Purpose Revised","5","21-Dec-2009","22-Dec-2009","-","-"
"WELLWININD","Wellwin Industry Limited","EQ","Annual General Meeting","10","21-Dec-2009","-","23-Dec-2009","30-Dec-2009"
"ONGC","Oil & Natural Gas Corporation Limited","EQ","Int Div-Rs.18/- Per Sharepurpose Revised","5","22-Dec-2009","23-Dec-2009","-","-"
"ORGINFO","ORG Informatics Limited","EQ","Annual General Meeting","10","22-Dec-2009","-","24-Dec-2009","28-Dec-2009"
"CIMCOBIRLA","Cimmco Birla Limited","EQ","Annual General Meeting","10","22-Dec-2009","-","24-Dec-2009","31-Dec-2009"
"TRIVENI","Triveni Engineering & Industries Limited","EQ","Dividend-Re.0.70 Pr Share","1","22-Dec-2009","-","24-Dec-2009","28-Dec-2009"
"PIONEEREMB","Pioneer Embroideries Limited","EQ","Annual General Meeting","10","22-Dec-2009","-","24-Dec-2009","31-Dec-2009"
"ZANDUREALT","Zandu Realty Limited","EQ","Agm/Scheme Of Arrangement","100","22-Dec-2009","-","24-Dec-2009","31-Dec-2009"
"GHCL","GHCL Limited","EQ","Dividend-Rs.2/- Per Share","10","22-Dec-2009","-","24-Dec-2009","31-Dec-2009"
"EMAMILTD","Emami Limited","EQ","Div-Rs.4.50/Schm Of Arrng","1","22-Dec-2009","-","24-Dec-2009","31-Dec-2009"
"FEDDERELEC","Fedders Electric and Engineering Limited","EQ","Agm/Div-Re.1/- Per Share","10","22-Dec-2009","-","24-Dec-2009","29-Dec-2009"
"PRITHVI","Prithvi Information Solutions Limited","EQ","Annual General Meeting","10","22-Dec-2009","-","24-Dec-2009","31-Dec-2009"
"INDNIPPON","India Nippon Electricals Limited","EQ","Int Div-Rs.3.50 Per Sharepurpose Revised","5","23-Dec-2009","28-Dec-2009","-","-"
"CASTEXTECH","Castex Technologies Limited","EQ","Agm/Div-Re.0.20 Per Share","2","23-Dec-2009","-","28-Dec-2009","31-Dec-2009"
"NOESISIND","Noesis Industries Limited","EQ","Annual General Meeting","10","23-Dec-2009","-","25-Dec-2009","29-Dec-2009"
"METALFORGE","Metalyst Forgings Limited","EQ","Agm/Div-Rs.1/- Per Share","10","23-Dec-2009","-","28-Dec-2009","31-Dec-2009"
"NUTEK","Nu Tek India Limited","EQ","Fv Split Rs.10 To Rs.5","5","23-Dec-2009","24-Dec-2009","-","-"
"SHLAKSHMI","Shri Lakshmi Cotsyn Limited","EQ","Agm/Div-Rs.2/- Per Share","10","23-Dec-2009","-","29-Dec-2009","31-Dec-2009"
"INDUSFILA","Indus Fila Limited","EQ","Annual General Meeting","10","23-Dec-2009","-","28-Dec-2009","31-Dec-2009"
"JAYNECOIND","Jayaswal Neco Industries Limited","EQ","Annual General Meeting","10","23-Dec-2009","-","28-Dec-2009","30-Dec-2009"
"DCMFINSERV","DCM Financial Services Limited","EQ","Annual General Meeting","10","23-Dec-2009","-","28-Dec-2009","30-Dec-2009"
"RANASUG","Rana Sugars Limited","EQ","Annual Book Closure","10","23-Dec-2009","-","26-Dec-2009","30-Dec-2009"
"ESCORTS","Escorts Kubota Limited","EQ","Annual Book Closure","10","23-Dec-2009","-","28-Dec-2009","30-Dec-2009"
"AMTEKAUTO","Amtek Auto Limited","EQ","Agm/Div-Re.0.50 Per Share","2","23-Dec-2009","-","28-Dec-2009","31-Dec-2009"
"MIC","MIC Electronics Limited","EQ","Agm/Div-Re.0.40 Per Share","2","23-Dec-2009","-","25-Dec-2009","30-Dec-2009"
"NEPCTEX","Nepc Textiles Limited","EQ","Annual General Meeting","10","23-Dec-2009","-","28-Dec-2009","30-Dec-2009"
"KUNDANMM","Kundan Minerals and Metals Limited","EQ","Annual General Meeting","10","24-Dec-2009","-","30-Dec-2009","30-Dec-2009"
"GAIL","GAIL (India) Limited","EQ","Int Div-Rs.2/- Per Share Purpose Revised","10","24-Dec-2009","29-Dec-2009","-","-"
"WEBELSOLAR","Websol Energy System Limited","EQ","Bonus 1:1","1","29-Dec-2009","30-Dec-2009","-","-"
"RENUKA","Shree Renuka Sugars Limited","EQ","Annual General Meeting","1","30-Dec-2009","-","01-Jan-2010","09-Jan-2010"
"NELCO","NELCO Limited","EQ","Agm/Div-Re.0.60 Per Share","10","31-Dec-2009","-","05-Jan-2010","27-Jan-2010"